Date,gross_return,turnover,transaction_cost,net_return,n_longs,n_shorts,gross_exposure
2017-04-07,0.0,0.0,0.0,0.0,0,0,0.0
2017-04-10,0.0,0.0,0.0,0.0,0,0,0.0
2017-04-11,0.0,0.0,0.0,0.0,0,0,0.0
2017-04-12,0.0,0.0,0.0,0.0,0,0,0.0
2017-04-13,0.0,0.0,0.0,0.0,0,0,0.0
2017-04-17,0.0,0.0,0.0,0.0,0,0,0.0
2017-04-18,0.0,0.0,0.0,0.0,0,0,0.0
2017-04-19,0.0,0.0,0.0,0.0,0,0,0.0
2017-04-20,0.0,0.0,0.0,0.0,0,0,0.0
2017-04-21,0.0,0.0,0.0,0.0,0,0,0.0
2017-04-24,0.0,0.0,0.0,0.0,0,0,0.0
2017-04-25,0.0,0.0,0.0,0.0,0,0,0.0
2017-04-26,0.0,0.0,0.0,0.0,0,0,0.0
2017-04-27,0.0,0.0,0.0,0.0,0,0,0.0
2017-04-28,0.0,0.0,0.0,0.0,0,0,0.0
2017-05-01,0.0,0.0,0.0,0.0,0,0,0.0
2017-05-02,0.0,0.0,0.0,0.0,0,0,0.0
2017-05-03,0.0,0.0,0.0,0.0,0,0,0.0
2017-05-04,0.0,0.0,0.0,0.0,0,0,0.0
2017-05-05,0.0,0.0,0.0,0.0,0,0,0.0
2017-05-08,0.0,0.0,0.0,0.0,0,0,0.0
2017-05-09,0.0,0.0,0.0,0.0,0,0,0.0
2017-05-10,0.0,0.0,0.0,0.0,0,0,0.0
2017-05-11,0.0,0.0,0.0,0.0,0,0,0.0
2017-05-12,0.0,0.0,0.0,0.0,0,0,0.0
2017-05-15,0.0,0.0,0.0,0.0,0,0,0.0
2017-05-16,0.0,0.0,0.0,0.0,0,0,0.0
2017-05-17,0.0,0.0,0.0,0.0,0,0,0.0
2017-05-18,0.0,0.0,0.0,0.0,0,0,0.0
2017-05-19,0.0,0.0,0.0,0.0,0,0,0.0
2017-05-22,0.0,0.0,0.0,0.0,0,0,0.0
2017-05-23,0.0,0.0,0.0,0.0,0,0,0.0
2017-05-24,0.0,0.0,0.0,0.0,0,0,0.0
2017-05-25,0.0,0.0,0.0,0.0,0,0,0.0
2017-05-26,0.0,0.0,0.0,0.0,0,0,0.0
2017-05-30,0.0,0.0,0.0,0.0,0,0,0.0
2017-05-31,0.0,0.0,0.0,0.0,0,0,0.0
2017-06-01,0.0,0.0,0.0,0.0,0,0,0.0
2017-06-02,0.0,0.0,0.0,0.0,0,0,0.0
2017-06-05,0.0,0.0,0.0,0.0,0,0,0.0
2017-06-06,0.0,0.0,0.0,0.0,0,0,0.0
2017-06-07,0.0,0.0,0.0,0.0,0,0,0.0
2017-06-08,0.0,0.0,0.0,0.0,0,0,0.0
2017-06-09,0.0,0.0,0.0,0.0,0,0,0.0
2017-06-12,0.0,0.0,0.0,0.0,0,0,0.0
2017-06-13,0.0,0.0,0.0,0.0,0,0,0.0
2017-06-14,0.0,0.0,0.0,0.0,0,0,0.0
2017-06-15,0.0,0.0,0.0,0.0,0,0,0.0
2017-06-16,0.0,0.0,0.0,0.0,0,0,0.0
2017-06-19,0.0,0.0,0.0,0.0,0,0,0.0
2017-06-20,0.0,0.0,0.0,0.0,0,0,0.0
2017-06-21,0.0,0.0,0.0,0.0,0,0,0.0
2017-06-22,0.0,0.0,0.0,0.0,0,0,0.0
2017-06-23,0.0,0.0,0.0,0.0,0,0,0.0
2017-06-26,0.0,0.0,0.0,0.0,0,0,0.0
2017-06-27,0.0,0.0,0.0,0.0,0,0,0.0
2017-06-28,0.0,0.0,0.0,0.0,0,0,0.0
2017-06-29,0.0,0.0,0.0,0.0,0,0,0.0
2017-06-30,0.0,0.0,0.0,0.0,0,0,0.0
2017-07-03,0.0,0.0,0.0,0.0,0,0,0.0
2017-07-05,0.0,0.0,0.0,0.0,0,0,0.0
2017-07-06,0.0,0.0,0.0,0.0,0,0,0.0
2017-07-07,0.0,0.0,0.0,0.0,0,0,0.0
2017-07-10,0.0,0.0,0.0,0.0,0,0,0.0
2017-07-11,0.0,0.0,0.0,0.0,0,0,0.0
2017-07-12,0.0,0.0,0.0,0.0,0,0,0.0
2017-07-13,0.0,0.0,0.0,0.0,0,0,0.0
2017-07-14,0.0,0.0,0.0,0.0,0,0,0.0
2017-07-17,0.0,0.0,0.0,0.0,0,0,0.0
2017-07-18,0.0,0.0,0.0,0.0,0,0,0.0
2017-07-19,0.0,0.0,0.0,0.0,0,0,0.0
2017-07-20,0.0,0.0,0.0,0.0,0,0,0.0
2017-07-21,0.0,0.0,0.0,0.0,0,0,0.0
2017-07-24,0.0,0.0,0.0,0.0,0,0,0.0
2017-07-25,0.0,0.0,0.0,0.0,0,0,0.0
2017-07-26,0.0,0.0,0.0,0.0,0,0,0.0
2017-07-27,0.0,0.0,0.0,0.0,0,0,0.0
2017-07-28,0.0,0.0,0.0,0.0,0,0,0.0
2017-07-31,0.0,0.0,0.0,0.0,0,0,0.0
2017-08-01,0.0,0.0,0.0,0.0,0,0,0.0
2017-08-02,0.0,0.0,0.0,0.0,0,0,0.0
2017-08-03,0.0,0.0,0.0,0.0,0,0,0.0
2017-08-04,0.0,0.0,0.0,0.0,0,0,0.0
2017-08-07,0.0,0.0,0.0,0.0,0,0,0.0
2017-08-08,0.0,0.0,0.0,0.0,0,0,0.0
2017-08-09,0.0,0.0,0.0,0.0,0,0,0.0
2017-08-10,0.0,0.0,0.0,0.0,0,0,0.0
2017-08-11,0.0,0.0,0.0,0.0,0,0,0.0
2017-08-14,0.0,0.0,0.0,0.0,0,0,0.0
2017-08-15,0.0,0.0,0.0,0.0,0,0,0.0
2017-08-16,0.0,0.0,0.0,0.0,0,0,0.0
2017-08-17,0.0,0.0,0.0,0.0,0,0,0.0
2017-08-18,0.0,0.0,0.0,0.0,0,0,0.0
2017-08-21,0.0,0.0,0.0,0.0,0,0,0.0
2017-08-22,0.0,0.0,0.0,0.0,0,0,0.0
2017-08-23,0.0,0.0,0.0,0.0,0,0,0.0
2017-08-24,0.0,0.0,0.0,0.0,0,0,0.0
2017-08-25,0.0,0.0,0.0,0.0,0,0,0.0
2017-08-28,0.0,0.0,0.0,0.0,0,0,0.0
2017-08-29,0.0,0.0,0.0,0.0,0,0,0.0
2017-08-30,0.0,0.0,0.0,0.0,0,0,0.0
2017-08-31,0.0,0.0,0.0,0.0,0,0,0.0
2017-09-01,0.0007841231826121384,0.06,6e-05,0.0007241231826121383,0,1,0.12
2017-09-05,-0.0023078337710015335,0.009444444444444422,9.444444444444423e-06,-0.0023172782154459778,0,1,0.10111111111111115
2017-09-06,-0.0016872427561234738,0.011666666666666659,1.166666666666666e-05,-0.0016989094227901403,0,1,0.12444444444444447
2017-09-07,-0.0002565158589679945,0.06,6e-05,-0.0003165158589679945,0,2,0.034444444444444444
2017-09-08,0.0,0.017222222222222222,1.7222222222222224e-05,-1.7222222222222224e-05,0,0,0.0
2017-09-11,0.0,0.0,0.0,0.0,0,0,0.0
2017-09-12,0.00022943551232537185,0.03888888888888886,3.8888888888888864e-05,0.00019054662343648298,2,3,0.07777777777777772
2017-09-13,-9.633001634993953e-05,0.0,0.0,-9.633001634993953e-05,2,3,0.07777777777777772
2017-09-14,1.4238736396927677e-05,0.03111111111111109,3.111111111111109e-05,-1.6872374714183412e-05,2,3,0.015555555555555545
2017-09-15,0.0,0.007777777777777772,7.777777777777772e-06,-7.777777777777772e-06,0,0,0.0
2017-09-18,0.0,0.0,0.0,0.0,0,0,0.0
2017-09-19,0.0,0.0,0.0,0.0,0,0,0.0
2017-09-20,1.880245883521856e-05,0.007777777777777772,7.777777777777772e-06,1.1024681057440787e-05,3,2,0.015555555555555545
2017-09-21,3.892713956409474e-05,0.023333333333333317,2.333333333333332e-05,1.559380623076142e-05,3,2,0.06222222222222218
2017-09-22,0.0,0.03111111111111109,3.111111111111109e-05,-3.111111111111109e-05,0,0,0.0
2017-09-25,0.0,0.0,0.0,0.0,0,0,0.0
2017-09-26,0.0,0.0,0.0,0.0,0,0,0.0
2017-09-27,0.0,0.0,0.0,0.0,0,0,0.0
2017-09-28,-4.480566363850071e-05,0.003888888888888886,3.888888888888886e-06,-4.8694552527389596e-05,1,0,0.007777777777777772
2017-09-29,0.0,0.003888888888888886,3.888888888888886e-06,-3.888888888888886e-06,1,0,0.015555555555555545
2017-10-02,0.0,0.007777777777777772,7.777777777777772e-06,-7.777777777777772e-06,0,0,0.0
2017-10-03,0.0,0.0,0.0,0.0,0,0,0.0
2017-10-04,0.000598228199545769,0.06,6e-05,0.000538228199545769,3,2,0.12
2017-10-05,-0.00048179811957070324,0.024893332653395116,2.4893332653395115e-05,-0.0005066914522240983,3,2,0.1399999999999999
2017-10-06,0.001156288700754504,0.047214876162816,4.7214876162816e-05,0.001109073824591688,3,2,0.15555555555555567
2017-10-09,-0.00019168913283242107,0.051398962688900346,5.139896268890035e-05,-0.00024308809552132143,3,2,0.07777777777777772
2017-10-10,0.0009832162952169243,0.05999999999999999,5.9999999999999995e-05,0.0009232162952169244,3,2,0.1874005260325019
2017-10-11,-0.0007330590672167968,0.057632427252929816,5.763242725292982e-05,-0.0007906914944697266,3,2,0.18918098253043475
2017-10-12,-0.0007896841477109476,0.045170766966872916,4.5170766966872915e-05,-0.0008348549146778205,3,2,0.1264064366922412
2017-10-13,0.000812445961241199,0.03489583969709653,3.4895839697096534e-05,0.0007775501215441025,3,2,0.09333333333333327
2017-10-16,0.0006305373100831885,0.05149697129070023,5.149697129070023e-05,0.0005790403387924883,3,3,0.1711111111111112
2017-10-17,-0.00011746661984760757,0.0480870919001079,4.808709190010791e-05,-0.00016555371174771549,3,3,0.07777777777777772
2017-10-18,-0.0005084195697109185,0.04423922199645336,4.423922199645336e-05,-0.0005526587917073719,2,1,0.046666666666666634
2017-10-19,-4.992553024145977e-05,0.018223034139615266,1.8223034139615266e-05,-6.814856438107504e-05,3,1,0.046666666666666634
2017-10-20,0.00016430329137460094,0.027539208035349295,2.7539208035349295e-05,0.00013676408333925164,3,2,0.03111111111111109
2017-10-23,-0.0004783738134368862,0.05922051279900534,5.922051279900534e-05,-0.0005375943262358916,3,2,0.12444444444444436
2017-10-24,0.0004994857419825604,0.0426810644738846,4.2681064473884605e-05,0.0004568046775086758,3,2,0.09333333333333325
2017-10-25,-0.000441525785651859,0.04847524536016448,4.8475245360164484e-05,-0.0004900010310120235,3,2,0.1399999999999999
2017-10-26,0.0004898146843224607,0.06,6e-05,0.00042981468432246067,3,3,0.039305347194063006
2017-10-27,-0.00017859436454118513,0.008061670080374757,8.061670080374757e-06,-0.00018665603462155987,3,3,0.023333333333333428
2017-10-30,0.0,0.011666666666666714,1.1666666666666714e-05,-1.1666666666666714e-05,0,0,0.0
2017-10-31,0.0,0.0,0.0,0.0,0,0,0.0
2017-11-01,0.0,0.0,0.0,0.0,0,0,0.0
2017-11-02,0.0,0.0,0.0,0.0,0,0,0.0
2017-11-03,1.8613043892908757e-05,0.007777777777777772,7.777777777777772e-06,1.0835266115130985e-05,1,2,0.015555555555555545
2017-11-06,0.00022822440878190206,0.017260684069815426,1.7260684069815425e-05,0.00021096372471208664,1,2,0.046666666666666634
2017-11-07,0.0,0.023333333333333317,2.333333333333332e-05,-2.333333333333332e-05,0,0,0.0
2017-11-08,0.0,0.0,0.0,0.0,0,0,0.0
2017-11-09,-4.6916205669034927e-05,0.007777777777777772,7.777777777777772e-06,-5.46939834468127e-05,2,2,0.015555555555555545
2017-11-10,-0.00016821713855900993,0.01105879586744379,1.105879586744379e-05,-0.00017927593442645373,2,2,0.031111111111111093
2017-11-13,-0.00014838573292704353,0.007777777777777772,7.777777777777772e-06,-0.0001561635107048213,2,2,0.015555555555555545
2017-11-14,-2.023976851823536e-05,0.015555555555555545,1.5555555555555545e-05,-3.5795324073790907e-05,2,2,0.046666666666666634
2017-11-15,0.001340075303329522,0.05228113551763657,5.228113551763657e-05,0.0012877941678118854,3,1,0.07777777777777772
2017-11-16,-0.00018181727188292798,0.04328670634630148,4.328670634630148e-05,-0.00022510397822922946,3,2,0.09333333333333327
2017-11-17,-6.087932002508816e-05,0.02831085867285909,2.831085867285909e-05,-8.919017869794725e-05,3,2,0.08333333333333347
2017-11-20,-0.0003687037917281541,0.06,6e-05,-0.00042870379172815407,3,3,0.14629196711902
2017-11-21,0.00040932619436387493,0.052098400342502856,5.209840034250286e-05,0.0003572277940213721,3,3,0.10740749749733802
2017-11-22,-0.00037376793848009344,0.05302899649451938,5.302899649451938e-05,-0.0004267969349746128,1,2,0.10888888888888881
2017-11-24,-0.00011401722717293834,0.008793958516221435,8.793958516221435e-06,-0.00012281118568915978,1,2,0.10888888888888883
2017-11-27,-0.0003775974291054606,0.01555555555555555,1.555555555555555e-05,-0.00039315298466101615,1,2,0.07777777777777772
2017-11-28,-0.00013667217678914136,0.04743447638685434,4.743447638685434e-05,-0.0001841066531759957,2,3,0.031111111111111093
2017-11-29,-4.9428660607281946e-05,0.015421883004558695,1.5421883004558696e-05,-6.485054361184065e-05,2,3,0.046666666666666634
2017-11-30,-0.00012675023021581204,0.018539824711957236,1.8539824711957237e-05,-0.00014529005492776927,3,3,0.07777777777777772
2017-12-01,0.0004228751604891165,0.05426576112121079,5.4265761121210785e-05,0.0003686093993679057,3,3,0.15555555555555567
2017-12-04,0.0001466130073028337,0.034489130966851,3.4489130966851e-05,0.00011212387633598271,3,2,0.09333333333333327
2017-12-05,-0.00047127729636031106,0.05047135363737623,5.047135363737623e-05,-0.0005217486499976872,3,2,0.13222222222222224
2017-12-06,-0.0014320361030761158,0.06,6e-05,-0.0014920361030761158,3,2,0.18579661958867683
2017-12-07,-0.0007186476633831863,0.037653635448781086,3.7653635448781085e-05,-0.0007563012988319673,3,1,0.2022222222222223
2017-12-08,0.00031398508214526956,0.060000000000000005,6.000000000000001e-05,0.00025398508214526957,3,1,0.30182609626258905
2017-12-11,-0.001819824793958301,0.027416534069826432,2.7416534069826432e-05,-0.0018472413280281276,3,1,0.29555555555555557
2017-12-12,0.00019421297380531986,0.060000000000000005,6.000000000000001e-05,0.00013421297380531984,3,1,0.17555555555555555
2017-12-13,5.8287788683771465e-06,0.06999999999999994,6.999999999999994e-05,-6.41712211316228e-05,3,1,0.03555555555555568
2017-12-14,0.0005900688812966842,0.05958711047683574,5.9587110476835746e-05,0.0005304817708198485,1,0,0.09333333333333327
2017-12-15,-0.0005005162513643377,0.06,6e-05,-0.0005605162513643377,2,1,0.17622940090149825
2017-12-18,-0.0015061376275744946,0.06653544066670475,6.653544066670474e-05,-0.0015726730682411993,2,2,0.28163456239517876
2017-12-19,-0.0014277210716790644,0.07786324881625167,7.786324881625167e-05,-0.0015055843204953162,2,2,0.22476807725524656
2017-12-20,0.0002859440047935832,0.06880131150508362,6.880131150508362e-05,0.0002171426932884996,1,2,0.1711111111111112
2017-12-21,-0.000232158954436368,0.06,6e-05,-0.000292158954436368,2,2,0.10340424996830583
2017-12-22,-7.628039352265929e-05,0.04392434720637514,4.392434720637514e-05,-0.00012020474072903443,2,2,0.015555555555555545
2017-12-26,0.0,0.007777777777777772,7.777777777777772e-06,-7.777777777777772e-06,0,0,0.0
2017-12-27,0.0,0.0,0.0,0.0,0,0,0.0
2017-12-28,0.0,0.0,0.0,0.0,0,0,0.0
2017-12-29,3.1348581205836685e-05,0.007777777777777772,7.777777777777772e-06,2.357080342805891e-05,2,2,0.015555555555555545
2018-01-02,6.143987105307078e-05,0.008251627744147252,8.251627744147251e-06,5.318824330892353e-05,1,1,0.015555555555555545
2018-01-03,0.0002832702907105294,0.009485585001970859,9.48558500197086e-06,0.00027378470570855855,2,0,0.015555555555555545
2018-01-04,0.00022173161385721874,0.015555555555555545,1.5555555555555545e-05,0.0002061760583016632,2,3,0.046666666666666634
2018-01-05,0.0,0.023333333333333317,2.333333333333332e-05,-2.333333333333332e-05,0,0,0.0
2018-01-08,0.0,0.0,0.0,0.0,0,0,0.0
2018-01-09,0.00026342965479880814,0.015555555555555545,1.5555555555555545e-05,0.0002478740992432526,2,3,0.03111111111111109
2018-01-10,-0.0002368105791658724,0.015028343945698273,1.5028343945698273e-05,-0.0002518389231115707,3,3,0.03111111111111109
2018-01-11,0.0,0.015555555555555543,1.5555555555555545e-05,-1.5555555555555545e-05,0,0,0.0
2018-01-12,0.0,0.0,0.0,0.0,0,0,0.0
2018-01-16,0.0,0.0,0.0,0.0,0,0,0.0
2018-01-17,0.0,0.0,0.0,0.0,0,0,0.0
2018-01-18,0.00021022685669866786,0.023333333333333317,2.333333333333332e-05,0.00018689352336533454,2,3,0.046666666666666634
2018-01-19,5.9175178956280955e-05,0.021024059386130136,2.1024059386130135e-05,3.815111957015082e-05,3,1,0.015555555555555545
2018-01-22,8.386645328715167e-06,0.00837914193160572,8.379141931605719e-06,7.503397109448378e-09,3,0,0.008333333333333304
2018-01-23,0.0001784555672666121,0.02915878888452511,2.9158788884525112e-05,0.000149296778382087,2,0,0.054444444444444406
2018-01-24,-0.0001237220757528294,0.023728104180978052,2.3728104180978054e-05,-0.00014745017993380747,2,0,0.046666666666666634
2018-01-25,0.0,0.023333333333333317,2.333333333333332e-05,-2.333333333333332e-05,0,0,0.0
2018-01-26,0.0,0.0,0.0,0.0,0,0,0.0
2018-01-29,-0.0001320200507813088,0.0077777777777777715,7.777777777777772e-06,-0.00013979782855908657,3,3,0.015555555555555546
2018-01-30,-1.7136301343615588e-05,0.0027184165158496824,2.7184165158496824e-06,-1.985471785946527e-05,3,3,0.015555555555555545
2018-01-31,0.0,0.007777777777777772,7.777777777777772e-06,-7.777777777777772e-06,0,0,0.0
2018-02-01,0.0,0.0,0.0,0.0,0,0,0.0
2018-02-02,-0.00020150325350431808,0.01666666666666672,1.6666666666666718e-05,-0.0002181699201709848,3,3,0.03333333333333344
2018-02-05,-0.00020543191532611282,0.014031290625744394,1.4031290625744394e-05,-0.00021946320595185722,3,3,0.050000000000000044
2018-02-06,0.0,0.025000000000000022,2.500000000000002e-05,-2.500000000000002e-05,0,0,0.0
2018-02-07,0.0,0.0,0.0,0.0,0,0,0.0
2018-02-08,-1.9848603397706465e-05,0.008333333333333304,8.333333333333303e-06,-2.8181936731039768e-05,3,2,0.016666666666666607
2018-02-09,5.1551984658645684e-05,0.017968011443846778,1.7968011443846777e-05,3.3583973214798904e-05,1,2,0.03333333333333344
2018-02-12,-0.00019960749844008188,0.008333333333333415,8.333333333333415e-06,-0.0002079408317734153,1,2,0.016666666666666607
2018-02-13,-0.0004790557264466673,0.02295931367448508,2.2959313674485083e-05,-0.0005020150401211524,3,1,0.050000000000000044
2018-02-14,-0.0006463434398808405,0.01666666666666672,1.6666666666666718e-05,-0.0006630101065475072,3,1,0.08333333333333348
2018-02-15,0.0006771653935268417,0.019038288685333277,1.9038288685333278e-05,0.0006581271048415084,3,1,0.10000000000000009
2018-02-16,-0.0003351921893031028,0.012826352015613562,1.2826352015613562e-05,-0.0003480185413187164,3,1,0.1166666666666667
2018-02-20,-0.0006578881735660611,0.022158129264459044,2.2158129264459044e-05,-0.0006800463028305201,2,1,0.1333333333333333
2018-02-21,0.0012608458150282897,0.03350344625545331,3.350344625545331e-05,0.0012273423687728365,2,1,0.1166666666666667
2018-02-22,-0.0008317631662194678,0.02202767468899664,2.202767468899664e-05,-0.0008537908409084644,3,1,0.11666666666666668
2018-02-23,0.000399405222112481,0.02253119259220983,2.2531192592209828e-05,0.0003768740295202712,3,1,0.1333333333333333
2018-02-26,0.0010169673185379457,0.04383138173506361,4.383138173506361e-05,0.0009731359368028821,3,1,0.19999999999999996
2018-02-27,0.001540268115014207,0.060000000000000005,6.000000000000001e-05,0.001480268115014207,3,1,0.23262755651182723
2018-02-28,-0.0029370613185820227,0.03218619977153584,3.218619977153584e-05,-0.0029692475183535584,2,1,0.25
2018-03-01,-0.0010155430401277057,0.02440716606916364,2.440716606916364e-05,-0.0010399502061968692,2,1,0.21666666666666679
2018-03-02,-0.0010427057137012412,0.05999999999999999,5.9999999999999995e-05,-0.0011027057137012412,3,3,0.19146176616524868
2018-03-05,-1.3078440380370217e-05,0.08533500436556705,8.533500436556705e-05,-9.841344474593727e-05,3,2,0.11666666666666668
2018-03-06,-0.0010026576617424166,0.060000000000000005,6.000000000000001e-05,-0.0010626576617424166,3,3,0.1555540536017838
2018-03-07,-9.544379601281698e-05,0.042461000006391976,4.2461000006391974e-05,-0.00013790479601920896,3,3,0.2256587368531872
2018-03-08,1.8387362757917372e-06,0.061086691607359946,6.108669160735994e-05,-5.9247955331568204e-05,3,3,0.275377935123508
2018-03-09,0.0010941632991634388,0.08354615088177968,8.354615088177968e-05,0.0010106171482816592,1,3,0.314188155512053
2018-03-12,-0.00032553900863662523,0.048971167456626094,4.8971167456626096e-05,-0.0003745101760932513,1,3,0.34999999999999987
2018-03-13,-0.0020549480078862893,0.05999999999999999,5.9999999999999995e-05,-0.0021149480078862895,1,3,0.40066804231711617
2018-03-14,0.001383389032567954,0.053063704565183924,5.306370456518392e-05,0.0013303253280027702,2,3,0.41243191068250773
2018-03-15,7.481594858718178e-05,0.13780530099914923,0.00013780530099914923,-6.298935241196745e-05,2,3,0.3870788544676034
2018-03-16,0.0013526070592475119,0.044578809916763426,4.457880991676343e-05,0.0013080282493307485,2,3,0.37093670931094613
2018-03-19,-0.001601166175586428,0.10966758017248789,0.00010966758017248788,-0.0017108337557589159,1,1,0.3666666666666667
2018-03-20,0.0015302119307215804,0.05999999999999999,5.9999999999999995e-05,0.0014702119307215804,1,1,0.28742138364779873
2018-03-21,-0.0014820420599443967,0.08121069182389937,8.121069182389937e-05,-0.001563252751768296,1,0,0.125
2018-03-22,-0.006526353043696965,0.06,6e-05,-0.006586353043696965,1,1,0.245
2018-03-23,-0.0025850563398026106,0.026499999999999996,2.6499999999999997e-05,-0.0026115563398026106,1,1,0.21333333333333326
2018-03-26,0.0016902684953575037,0.048333333333333284,4.8333333333333286e-05,0.0016419351620241703,1,1,0.1166666666666667
2018-03-27,4.637695402073786e-05,0.0578560399634524,5.78560399634524e-05,-1.1479085942714537e-05,1,3,0.03111111111111109
2018-03-28,-0.00023676036936169754,0.015863591521792793,1.5863591521792794e-05,-0.00025262396088349034,0,3,0.031111111111111093
2018-03-29,-0.00046111374821657504,0.008954358810297805,8.954358810297806e-06,-0.00047006810702687285,0,3,0.038888888888888855
2018-04-02,0.001998210855956524,0.015404364862505696,1.5404364862505697e-05,0.001982806491094018,0,3,0.06222222222222217
2018-04-03,-0.0005143371283386752,0.04180365750896667,4.180365750896667e-05,-0.0005561407858476418,1,3,0.06222222222222218
2018-04-04,-0.0008310105474470072,0.03555555555555556,3.555555555555556e-05,-0.0008665661030025628,1,3,0.1333333333333333
2018-04-05,0.00022965987146512755,0.053858443871833486,5.3858443871833486e-05,0.00017580142759329406,1,3,0.21666666666666679
2018-04-06,0.0006232578474813943,0.06,6e-05,0.0005632578474813943,1,4,0.24293066051568793
2018-04-09,0.0014340072890982416,0.0866184810821074,8.661848108210741e-05,0.0013473888080161342,1,3,0.38127311310147183
2018-04-10,0.0005794531022358372,0.05816714635496535,5.816714635496535e-05,0.0005212859558808718,1,3,0.2859592973903542
2018-04-11,-0.0005260234450668294,0.034646315361843705,3.464631536184371e-05,-0.0005606697604286731,1,3,0.21666666666666679
2018-04-12,0.00034829770180681466,0.06,6e-05,0.00028829770180681467,1,3,0.09666666666666679
2018-04-13,0.0,0.048333333333333395,4.8333333333333395e-05,-4.8333333333333395e-05,0,0,0.0
2018-04-16,-0.00014820069107923138,0.007777777777777772,7.777777777777772e-06,-0.00015597846885700916,3,3,0.015555555555555545
2018-04-17,0.0,0.007777777777777772,7.777777777777772e-06,-7.777777777777772e-06,0,0,0.0
2018-04-18,-0.0008148478608815508,0.023333333333333317,2.333333333333332e-05,-0.0008381811942148841,2,3,0.046666666666666634
2018-04-19,0.00023523960930072342,0.021998750828552474,2.1998750828552474e-05,0.00021324085847217094,3,3,0.046666666666666634
2018-04-20,0.0,0.023333333333333317,2.333333333333332e-05,-2.333333333333332e-05,0,0,0.0
2018-04-23,0.0,0.0,0.0,0.0,0,0,0.0
2018-04-24,0.0,0.0,0.0,0.0,0,0,0.0
2018-04-25,0.0,0.0,0.0,0.0,0,0,0.0
2018-04-26,-6.899748100508158e-05,0.015555555555555545,1.5555555555555545e-05,-8.455303656063713e-05,3,3,0.03111111111111109
2018-04-27,-0.0001131422876140284,0.005186537935115329,5.186537935115329e-06,-0.00011832882554914373,3,3,0.03111111111111109
2018-04-30,0.0,0.015555555555555545,1.5555555555555545e-05,-1.5555555555555545e-05,0,0,0.0
2018-05-01,5.9491595462712237e-05,0.015555555555555545,1.5555555555555545e-05,4.393603990715669e-05,2,2,0.03111111111111109
2018-05-02,0.0,0.015555555555555545,1.5555555555555545e-05,-1.5555555555555545e-05,0,0,0.0
2018-05-03,-5.5556057912296105e-06,0.003888888888888831,3.888888888888831e-06,-9.444494680118442e-06,2,3,0.007777777777777662
2018-05-04,-0.00017070991272230058,0.060000000000000005,6.000000000000001e-05,-0.00023070991272230057,2,3,0.12777777777777766
2018-05-07,0.0005065904353251011,0.040014620975191886,4.001462097519189e-05,0.00046657581434990917,2,3,0.1399999999999999
2018-05-08,0.00016238437276698032,0.054444444444444406,5.4444444444444405e-05,0.00010793992832253592,2,3,0.031111111111111086
2018-05-09,0.0,0.015555555555555543,1.5555555555555545e-05,-1.5555555555555545e-05,0,0,0.0
2018-05-10,3.375813186195508e-05,0.031111111111111093,3.1111111111111096e-05,2.6470207508439857e-06,3,3,0.062222222222222186
2018-05-11,0.0,0.031111111111111093,3.1111111111111096e-05,-3.1111111111111096e-05,0,0,0.0
2018-05-14,0.0,0.0,0.0,0.0,0,0,0.0
2018-05-15,-0.0003769216512796341,0.015555555555555545,1.5555555555555545e-05,-0.00039247720683518967,3,3,0.03111111111111109
2018-05-16,0.0,0.015555555555555545,1.5555555555555545e-05,-1.5555555555555545e-05,0,0,0.0
2018-05-17,0.0,0.0,0.0,0.0,0,0,0.0
2018-05-18,0.0,0.0,0.0,0.0,0,0,0.0
2018-05-21,0.0,0.0,0.0,0.0,0,0,0.0
2018-05-22,4.487377531551672e-05,0.015555555555555545,1.5555555555555545e-05,2.9318219759961174e-05,1,1,0.03111111111111109
2018-05-23,-0.00014238760720433987,0.0,0.0,-0.00014238760720433987,1,1,0.03111111111111109
2018-05-24,0.0,0.015555555555555545,1.5555555555555545e-05,-1.5555555555555545e-05,0,0,0.0
2018-05-25,0.0,0.0,0.0,0.0,0,0,0.0
2018-05-29,-0.0010822869936225428,0.01944444444444443,1.9444444444444432e-05,-0.001101731438066987,2,0,0.03888888888888886
2018-05-30,-3.7330381020219156e-05,0.027222222222222207,2.7222222222222206e-05,-6.455260324244137e-05,2,0,0.09333333333333327
2018-05-31,-0.0005272448726852088,0.010550034888418009,1.055003488841801e-05,-0.0005377949075736268,2,0,0.10888888888888892
2018-06-01,-0.00014318450121020477,0.05452834093583402,5.4528340935834025e-05,-0.00019771284214603878,3,0,0.06999999999999995
2018-06-04,0.0004917637184623314,0.006697571799098309,6.697571799098309e-06,0.0004850661466632331,3,0,0.06999999999999995
2018-06-05,-0.00029676236566777747,0.06,6e-05,-0.00035676236566777747,3,2,0.1297447996066456
2018-06-06,-0.0005877713975056551,0.06279706389781856,6.279706389781856e-05,-0.0006505684614034736,3,2,0.234807260680729
2018-06-07,-0.0013132528121736066,0.04200821247469576,4.200821247469576e-05,-0.0013552610246483022,3,2,0.28
2018-06-08,-0.00171005213835475,0.06,6e-05,-0.00177005213835475,3,2,0.29507462003918294
2018-06-11,-0.00046440821828241377,0.059090070385610406,5.909007038561041e-05,-0.0005234982886680242,3,2,0.24792337583244042
2018-06-12,2.2124646259967877e-05,0.05024952978274447,5.024952978274447e-05,-2.812488352277659e-05,3,2,0.2278710879880113
2018-06-13,0.001121414357228634,0.10211113693554282,0.00010211113693554282,0.0010193032202930913,1,2,0.25547443121043995
2018-06-14,0.0003050750652972643,0.0497338190925847,4.9733819092584706e-05,0.0002553412462046796,1,2,0.293113618747319
2018-06-15,-0.001189409305614392,0.05269111601516925,5.2691116015169254e-05,-0.0012421004216295612,1,3,0.2509126390511029
2018-06-18,-0.00027044753237797384,0.11943208250361806,0.00011943208250361806,-0.0003898796148815919,0,3,0.15262502069916262
2018-06-19,0.003978324978614927,0.03890749779488796,3.8907497794887964e-05,0.003939417480820039,0,3,0.2073016085880995
2018-06-20,-0.0032802949862860125,0.08721610774438668,8.721610774438668e-05,-0.003367511094030399,0,1,0.2022222222222222
2018-06-21,0.0029067017935684447,0.06,6e-05,0.0028467017935684446,0,2,0.21254091171623812
2018-06-22,0.0018148008220359112,0.1565308609304624,0.00015653086093046239,0.001658269961105449,1,3,0.30170239957567274
2018-06-25,0.0057343988203727506,0.1835869072386556,0.00018358690723865558,0.005550811913134095,2,3,0.556090709700013
2018-06-26,-0.002404659751129345,0.21959954824022426,0.00021959954824022428,-0.0026242592993695694,3,3,0.629413704996424
2018-06-27,0.0023858886282605964,0.17089688490227647,0.00017089688490227648,0.0022149917433583197,3,3,0.42481880808352646
2018-06-28,0.0011256644668586118,0.09957870547961618,9.957870547961619e-05,0.0010260857613789956,3,3,0.4460828805925533
2018-06-29,-0.00025582869414536526,0.109672931551676,0.000109672931551676,-0.0003655016256970412,3,3,0.22673701748920122
2018-07-02,0.001096763950022561,0.07417772532072199,7.417772532072199e-05,0.001022586224701839,3,3,0.1399999999999999
2018-07-03,9.164825871068328e-05,0.054444444444444406,5.4444444444444405e-05,3.720381426623887e-05,3,3,0.031111111111111096
2018-07-05,-4.455023541885799e-05,0.06,6e-05,-0.00010455023541885799,3,3,0.1511111111111111
2018-07-06,0.0005369172059903936,0.050754874454657053,5.075487445465706e-05,0.0004861623315357366,3,3,0.18445981677796885
2018-07-09,0.000836043957673472,0.05666089945647257,5.666089945647257e-05,0.0007793830582169994,3,2,0.14836691559125773
2018-07-10,0.0003356169796542828,0.05452313040962691,5.452313040962691e-05,0.0002810938492446559,4,0,0.15638457377089648
2018-07-11,-0.0013492802863458132,0.06089474541436085,6.0894745414360855e-05,-0.001410175031760174,3,2,0.16185625263502984
2018-07-12,-3.923952101479648e-05,0.06094743145971086,6.0947431459710866e-05,-0.00010018695247450735,3,3,0.11568603382028657
2018-07-13,-0.00024681726983193005,0.0828176336832847,8.28176336832847e-05,-0.0003296349035152148,3,3,0.21227455979338922
2018-07-16,0.006516784649078989,0.3189465088550227,0.0003189465088550227,0.006197838140223966,3,3,0.8501675775034347
2018-07-17,-0.0035864277582266387,0.23453130227833632,0.00023453130227833632,-0.003820959060504975,3,3,0.7211736270555285
2018-07-18,0.0021353137630165213,0.22566264712693185,0.00022566264712693186,0.0019096511158895894,3,3,0.6643231569798163
2018-07-19,0.001775397981378105,0.21800786552156753,0.00021800786552156755,0.0015573901158565375,3,3,0.9910432916388843
2018-07-20,0.005491663524955988,0.3541936898106747,0.00035419368981067466,0.0051374698351453136,3,3,0.9625947757012053
2018-07-23,-0.004435493671975555,0.43952769113429746,0.00043952769113429747,-0.004875021363109852,3,3,0.9521480948330957
2018-07-24,0.01794719338882916,0.3786263632574489,0.00037862636325744893,0.01756856702557171,3,3,0.9662924080483195
2018-07-25,-0.00587287327488505,0.3144512012837539,0.0003144512012837539,-0.006187324476168804,3,3,0.943958561527263
2018-07-26,0.007896441336057375,0.060582185452828355,6.058218545282836e-05,0.007835859150604547,5,4,0.9446400358744693
2018-07-27,-0.0029030124317015807,0.6807787134334031,0.0006807787134334031,-0.0035837911451349837,4,3,0.8856823271098058
2018-07-30,-0.003816701526894407,0.41236782445262676,0.0004123678244526268,-0.004229069351347034,3,3,0.81655092442836
2018-07-31,-0.007009649104236824,0.2749454495648066,0.0002749454495648066,-0.0072845945538016306,3,2,0.7832651370806194
2018-08-01,-0.0019697681114600294,0.2201757682789334,0.0002201757682789334,-0.002189943879738963,3,2,0.7840121188908205
2018-08-02,-0.005175915857387636,0.22295178544099525,0.00022295178544099527,-0.005398867642828631,3,2,0.6944631259811269
2018-08-03,0.0023896196328901565,0.2852517745903848,0.0002852517745903848,0.0021043678582997717,3,2,0.8437744943676939
2018-08-06,-0.0035167220129750324,0.09504047399802376,9.504047399802376e-05,-0.003611762486973056,3,3,0.8690824185510829
2018-08-07,0.0028677097758811458,0.2868125246113845,0.0002868125246113845,0.0025808972512697615,3,3,0.9832598271538884
2018-08-08,-0.0018844752238186633,0.26125831625755025,0.00026125831625755026,-0.0021457335400762137,3,3,0.9698069058808448
2018-08-09,-0.005191987884142137,0.08067856360553655,8.067856360553655e-05,-0.005272666447747673,3,3,0.9179332353511942
2018-08-10,-0.003072537768715345,0.2304003136625085,0.0002304003136625085,-0.0033029380823778537,2,3,0.7343507221020606
2018-08-13,0.003512867818873084,0.3237853247782133,0.0003237853247782133,0.0031890824940948707,0,2,0.5
2018-08-14,-0.0035980216692643964,0.2216773969787755,0.00022167739697877552,-0.0038196990662431717,0,1,0.4166666666666667
2018-08-15,0.004920224311192174,0.06,6e-05,0.004860224311192174,0,1,0.2966666666666667
2018-08-16,-0.00428940329264874,0.040833333333333305,4.083333333333331e-05,-0.004330236625982074,0,1,0.3783333333333333
2018-08-17,-0.001256127962262153,0.04958333333333331,4.9583333333333317e-05,-0.0013057112955954864,0,1,0.2791666666666667
2018-08-20,-0.0010090938946607632,0.06,6e-05,-0.0010690938946607631,0,1,0.15916666666666668
2018-08-21,0.0010159277061158709,0.13958333333333334,0.00013958333333333333,0.0008763443727825375,1,0,0.12
2018-08-22,-0.014337035005750627,0.19,0.00019,-0.014527035005750626,1,0,0.5
2018-08-23,-0.004191149258179416,0.02291666666666667,2.291666666666667e-05,-0.004214065924846083,1,0,0.45416666666666666
2018-08-24,-9.220063129345201e-05,0.048194444444444456,4.8194444444444456e-05,-0.00014039507573789645,1,0,0.35777777777777775
2018-08-27,0.006880457583208758,0.013611111111111102,1.3611111111111101e-05,0.006866846472097647,1,0,0.38499999999999995
2018-08-28,0.007731475391407347,0.06,6e-05,0.007671475391407347,1,0,0.26499999999999996
2018-08-29,-0.001092093322666957,0.01583333333333331,1.583333333333331e-05,-0.0011079266560002905,1,0,0.23333333333333334
2018-08-30,-0.0006110797243994438,0.06000000000000001,6.0000000000000015e-05,-0.0006710797243994438,3,0,0.2372726918476705
2018-08-31,-0.00038706601905243393,0.11692520747641864,0.00011692520747641865,-0.0005039912265288526,3,0,0.19478396866946224
2018-09-04,4.339127021731645e-05,0.048051270810987326,4.805127081098733e-05,-4.660000593670877e-06,3,0,0.11734374709792517
2018-09-05,0.0032808833210937124,0.045826361637944665,4.5826361637944666e-05,0.003235056959455768,2,0,0.15555555555555556
2018-09-06,0.002593464485118282,0.059999999999999984,5.999999999999999e-05,0.002533464485118282,3,2,0.1623792396316853
2018-09-07,-0.0003680919520891772,0.10372980722548929,0.00010372980722548929,-0.0004718217593146665,3,2,0.29111111111111115
2018-09-10,-0.0003647329202627915,0.039586167053226554,3.9586167053226555e-05,-0.00040431908731601807,3,2,0.34663553401241454
2018-09-11,-0.002449424706602698,0.09659826999530743,9.659826999530744e-05,-0.002546022976598006,3,3,0.2620896823028096
2018-09-12,0.002140659584776726,0.07768411961779195,7.768411961779196e-05,0.002062975465158934,3,3,0.32816738896228825
2018-09-13,-0.001066209992074811,0.04519480559225527,4.519480559225527e-05,-0.0011114047976670664,3,3,0.23777777777777775
2018-09-14,2.930700019664208e-05,0.1111111111111111,0.0001111111111111111,-8.180411091446902e-05,1,3,0.015555555555555543
2018-09-17,-0.0004837097209703511,0.06,6e-05,-0.0005437097209703511,1,3,0.13555555555555554
2018-09-18,0.004345221787718758,0.048888888888888815,4.8888888888888815e-05,0.004296332898829869,1,3,0.23333333333333317
2018-09-19,-0.0013820155298366024,0.06,6e-05,-0.0014420155298366024,2,3,0.24883282886386404
2018-09-20,-0.0005917584111064446,0.04874686570745165,4.874686570745165e-05,-0.0006405052768138963,2,3,0.17958091110779598
2018-09-21,-0.00030047373303168103,0.06626134362588237,6.626134362588238e-05,-0.0003667350766575634,2,1,0.06222222222222218
2018-09-24,-0.002171491458377863,0.060000000000000005,6.000000000000001e-05,-0.002231491458377863,3,1,0.1630231697000507
2018-09-25,-0.0016684768487199232,0.04817825151669209,4.817825151669209e-05,-0.0017166551002366153,3,2,0.18059292447662298
2018-09-26,-6.935328812022708e-06,0.06474090668275587,6.474090668275587e-05,-7.167623549477858e-05,3,1,0.05111111111111122
2018-09-27,0.0,0.025555555555555606,2.5555555555555605e-05,-2.5555555555555605e-05,0,0,0.0
2018-09-28,1.1530027532309054e-05,0.007777777777777773,7.777777777777774e-06,3.7522497545312795e-06,3,1,0.015555555555555545
2018-10-01,0.0002899312953735246,0.0022043989461966885,2.2043989461966885e-06,0.0002877268964273279,3,1,0.015555555555555545
2018-10-02,0.0,0.0077777777777777715,7.777777777777772e-06,-7.777777777777772e-06,0,0,0.0
2018-10-03,0.0,0.0,0.0,0.0,0,0,0.0
2018-10-04,0.00017957664738719895,0.0077777777777777715,7.777777777777772e-06,0.00017179886960942117,2,3,0.015555555555555543
2018-10-05,0.0,0.0077777777777777715,7.777777777777772e-06,-7.777777777777772e-06,0,0,0.0
2018-10-08,-3.238098602997727e-05,0.02333333333333332,2.3333333333333322e-05,-5.571431936331059e-05,3,3,0.046666666666666634
2018-10-09,0.00042973450644336693,0.009953851267046211,9.95385126704621e-06,0.0004197806551763207,3,3,0.062222222222222186
2018-10-10,-0.0016433146697391562,0.03379466458185819,3.379466458185819e-05,-0.0016771093343210144,3,2,0.07777777777777772
2018-10-11,-3.2595573426886204e-05,0.034152705751618335,3.4152705751618334e-05,-6.674827917850454e-05,3,3,0.015555555555555543
2018-10-12,0.0,0.007777777777777772,7.777777777777772e-06,-7.777777777777772e-06,0,0,0.0
2018-10-15,0.0,0.0,0.0,0.0,0,0,0.0
2018-10-16,0.00014879633713432158,0.01666666666666672,1.6666666666666718e-05,0.00013212967046765485,3,2,0.03333333333333344
2018-10-17,0.00014454103744346826,0.012478862814734737,1.2478862814734737e-05,0.00013206217462873352,3,2,0.050000000000000044
2018-10-18,-0.00014151178799665066,0.02898924350800582,2.898924350800582e-05,-0.00017050103150465648,3,1,0.08333333333333348
2018-10-19,-0.00019554583497947726,0.03535599590489959,3.5355995904899587e-05,-0.00023090183088437684,2,1,0.10000000000000009
2018-10-22,0.0001249682206052345,0.06,6e-05,6.496822060523451e-05,2,2,0.0735474644930404
2018-10-23,0.0006165414150496511,0.023132220075745474,2.3132220075745474e-05,0.0005934091949739057,1,2,0.08333333333333348
2018-10-24,0.00010857267226698213,0.0366086922739975,3.66086922739975e-05,7.196397999298463e-05,0,2,0.050000000000000044
2018-10-25,0.0014082330245946328,0.03904258542981748,3.904258542981748e-05,0.0013691904391648154,3,3,0.06666666666666665
2018-10-26,0.0,0.033333333333333326,3.333333333333333e-05,-3.333333333333333e-05,0,0,0.0
2018-10-29,-0.0002776259349770566,0.01666666666666672,1.6666666666666718e-05,-0.0002942926016437233,3,2,0.03333333333333344
2018-10-30,0.0005798991630263928,0.011256352923342308,1.1256352923342308e-05,0.0005686428101030505,3,2,0.050000000000000044
2018-10-31,-7.666523827911413e-05,0.010952085733664439,1.0952085733664438e-05,-8.761732401277857e-05,3,2,0.03333333333333344
2018-11-01,0.00018947383924282162,0.037361081137412766,3.7361081137412764e-05,0.00015211275810540886,3,3,0.08333333333333348
2018-11-02,-7.679181447844833e-05,0.04939246707434927,4.9392467074349274e-05,-0.0001261842815527976,3,3,0.1499999999999999
2018-11-05,0.000690002334354359,0.05999999999999999,5.9999999999999995e-05,0.000630002334354359,3,3,0.20181285263689946
2018-11-06,-4.347206907779895e-06,0.060735345681780975,6.073534568178098e-05,-6.508255258956087e-05,3,3,0.2333333333333334
2018-11-07,-0.0015277908070328876,0.05885814732763499,5.885814732763499e-05,-0.0015866489543605226,3,3,0.2168824557044003
2018-11-08,0.0011264280124383772,0.08022564138834,8.022564138834001e-05,0.0010462023710500372,3,2,0.21029968065654492
2018-11-09,-0.0023345329814498323,0.04909032442938144,4.909032442938144e-05,-0.0023836233058792135,2,2,0.25289381843934533
2018-11-12,-0.00032668589809714836,0.11430427004061738,0.00011430427004061739,-0.00044099016813776575,1,1,0.21333333333333326
2018-11-13,-0.004550056939232949,0.023333333333333324,2.3333333333333326e-05,-0.004573390272566282,0,1,0.16666666666666663
2018-11-14,0.0005032533204909035,0.03749999999999998,3.7499999999999976e-05,0.0004657533204909035,0,1,0.09166666666666667
2018-11-15,-0.0008029542158025827,0.00833333333333336,8.333333333333359e-06,-0.000811287549135916,0,1,0.10833333333333339
2018-11-16,0.0008415573864561909,0.052875542490966744,5.2875542490966744e-05,0.0007886818439652242,0,2,0.07499999999999997
2018-11-19,-0.0018221129910318923,0.06000000000000001,6.0000000000000015e-05,-0.0018821129910318922,0,2,0.12202848615329459
2018-11-20,0.002809577369303535,0.03295779084236662,3.295779084236662e-05,0.0027766195784611684,0,1,0.18333333333333335
2018-11-21,-0.0046722566169876915,0.06,6e-05,-0.004732256616987692,1,3,0.1939051078122211
2018-11-23,0.0013446051869623532,0.08433559905981584,8.433559905981584e-05,0.0012602695879025373,1,3,0.1166666666666667
2018-11-26,-0.001360416345977976,0.04166666666666664,4.166666666666664e-05,-0.0014020830126446426,1,3,0.19999999999999996
2018-11-27,0.002259160378070845,0.04317364777768482,4.317364777768482e-05,0.0022159867302931602,1,3,0.1333333333333333
2018-11-28,0.001226414751668871,0.06,6e-05,0.001166414751668871,2,3,0.24402416988923925
2018-11-29,-0.0013315300927989656,0.09465458172204705,9.465458172204706e-05,-0.0014261846745210127,2,3,0.4333333333333333
2018-11-30,0.00034027296285775487,0.1465196907721525,0.0001465196907721525,0.00019375327208560238,2,3,0.46666666666666673
2018-12-03,0.003933809030442423,0.06000000000000001,6.0000000000000015e-05,0.0038738090304424226,2,3,0.4666666666666668
2018-12-04,0.0033574206923799835,0.13880633099892178,0.0001388063309989218,0.0032186143613810616,2,2,0.4995078932941698
2018-12-06,0.0012259417224186233,0.06292328888149587,6.292328888149587e-05,0.0011630184335371275,3,3,0.5293094510522672
2018-12-07,0.0020701767059996892,0.2977276439024403,0.0002977276439024403,0.001772449062097249,3,3,0.5105941423481217
2018-12-10,0.002731651040438056,0.14530249490762728,0.0001453024949076273,0.0025863485455304286,3,2,0.2246975120755951
2018-12-11,0.000692991355135664,0.062348756037797506,6.23487560377975e-05,0.0006306425990978665,3,1,0.1000000000000001
2018-12-12,0.00042789487603450574,0.03139874445890064,3.139874445890064e-05,0.0003964961315756051,3,1,0.1333333333333333
2018-12-13,-0.0011589456567817195,0.06,6e-05,-0.0012189456567817194,3,1,0.1644109346610939
2018-12-14,4.9098283355861313e-05,0.06322716509845472,6.322716509845472e-05,-1.4128881742593406e-05,1,3,0.1928346931686682
2018-12-17,-0.0011242037884058613,0.0602579817789216,6.0257981778921604e-05,-0.0011844617701847829,1,3,0.3035818191776991
2018-12-18,-0.002056241228602599,0.033112165132376165,3.311216513237617e-05,-0.002089353393734975,1,3,0.24908624196587237
2018-12-19,0.0007268357382397253,0.09287645431626951,9.287645431626951e-05,0.0006339592839234558,1,3,0.06333333333333335
2018-12-20,0.0,0.031666666666666676,3.166666666666668e-05,-3.166666666666668e-05,0,0,0.0
2018-12-21,0.00010491858982263806,0.002083333333333326,2.083333333333326e-06,0.00010283525648930474,0,2,0.004166666666666652
2018-12-24,0.0,0.002083333333333326,2.083333333333326e-06,-2.083333333333326e-06,0,0,0.0
2018-12-26,0.0,0.0,0.0,0.0,0,0,0.0
2018-12-27,0.0,0.0,0.0,0.0,0,0,0.0
2018-12-28,-7.783621392849137e-05,0.008333333333333304,8.333333333333303e-06,-8.616954726182468e-05,1,3,0.016666666666666607
2018-12-31,-5.2243257389841206e-05,0.022969199047932317,2.2969199047932318e-05,-7.521245643777352e-05,1,1,0.050000000000000044
2019-01-02,-0.0008450246085127896,0.01666666666666672,1.6666666666666718e-05,-0.0008616912751794563,1,1,0.08333333333333348
2019-01-03,-0.0003932586940509576,0.02499999999999991,2.4999999999999913e-05,-0.0004182586940509575,1,1,0.1333333333333333
2019-01-04,-0.00046344526572456783,0.060000000000000005,6.000000000000001e-05,-0.0005234452657245679,2,2,0.18777548780036002
2019-01-07,-0.0009963909207610494,0.05006562026759932,5.006562026759932e-05,-0.0010464565410286488,2,2,0.17645339873645452
2019-01-08,-0.0016641678756127095,0.06667935793643442,6.667935793643443e-05,-0.001730847233549144,3,2,0.2533333333333333
2019-01-09,-0.0017566709548224257,0.09805550491052253,9.805550491052254e-05,-0.0018547264597329482,3,3,0.43333333333333335
2019-01-10,0.006278402084889887,0.11064918010219918,0.00011064918010219918,0.006167752904787689,3,3,0.49021106711943213
2019-01-11,-9.437634845310569e-06,0.11311774112097661,0.00011311774112097661,-0.00012255537596628718,3,3,0.6383552450061892
2019-01-14,0.004929853489855489,0.214085230516352,0.000214085230516352,0.004715768259339137,3,3,0.7388009875950222
2019-01-15,-0.0068431818943988695,0.1398563918820788,0.0001398563918820788,-0.006983038286280948,3,2,0.8303985847854893
2019-01-16,0.0002884027945994688,0.35360353448944104,0.00035360353448944106,-6.520073988997227e-05,3,2,0.9062660235502948
2019-01-17,0.0010241815074611988,0.27127988402480496,0.000271279884024805,0.0007529016234363938,3,2,0.8850974455391667
2019-01-18,0.005176271455432069,0.08125135198262623,8.125135198262623e-05,0.005095020103449443,3,2,0.9098106901605578
2019-01-22,0.0097491582275597,0.4080763711554978,0.0004080763711554978,0.009341081856404202,4,1,0.8834099366438426
2019-01-23,0.010434260293579599,0.14087860922407103,0.00014087860922407103,0.010293381684355528,4,1,0.9118185007759861
2019-01-24,-0.024362080917462153,0.31032674324517157,0.00031032674324517155,-0.024672407660707323,2,1,0.7135364933086324
2019-01-25,-0.01002245174879747,0.1204943491581757,0.0001204943491581757,-0.010142946097955645,3,1,0.6249633900903195
2019-01-28,-0.011580349823220502,0.183100590577868,0.00018310059057786803,-0.01176345041379837,3,2,0.8327680739552623
2019-01-29,0.001431175916774293,0.33288910709764585,0.00033288910709764586,0.001098286809676647,3,2,0.9030047765119537
2019-01-30,0.004045885223858615,0.1667070414377441,0.0001667070414377441,0.0038791781824208706,3,2,0.8594188352876446
2019-01-31,0.013789595810706589,0.18562107517614987,0.00018562107517614988,0.013603974735530438,3,2,0.9415821109589785
2019-02-01,-0.0010438929963337573,0.19790664434017585,0.00019790664434017586,-0.0012417996406739332,3,3,0.8530148368503796
2019-02-04,-0.006537722446631863,0.46453977992171297,0.00046453977992171297,-0.007002262226553576,3,2,0.761118161218839
2019-02-05,0.0009340073125564112,0.1710597407023538,0.0001710597407023538,0.0007629475718540574,4,2,0.7155555555555557
2019-02-06,-0.002878419456707264,0.23325803419592345,0.00023325803419592346,-0.0031116774909031877,3,2,0.6983213699145989
2019-02-07,-0.005131680568342396,0.09376955845617692,9.376955845617692e-05,-0.005225450126798573,2,2,0.6844444444444444
2019-02-08,-0.0009419663610129598,0.059999999999999984,5.999999999999999e-05,-0.0010019663610129597,2,2,0.6594095971487188
2019-02-11,0.0035127609950112403,0.11937932140296018,0.00011937932140296018,0.0033933816736082803,1,2,0.6908952723813477
2019-02-12,0.011206774224590765,0.0746595628318975,7.46595628318975e-05,0.011132114661758868,1,3,0.7636511289884194
2019-02-13,-0.0011197616998377107,0.22476464119922684,0.00022476464119922684,-0.0013445263410369376,1,3,0.7421575346872145
2019-02-14,0.00048478270186647857,0.030582917515019355,3.058291751501936e-05,0.00045419978435145924,1,3,0.7329978537072253
2019-02-15,-0.0011534062830178891,0.13176841588261717,0.00013176841588261718,-0.0012851746989005063,1,3,0.5555225246817259
2019-02-19,0.0014923170066388734,0.09688026515298294,9.688026515298294e-05,0.0013954367414858904,1,3,0.5068430232410165
2019-02-20,-0.0028571963527536234,0.09257936971919298,9.257936971919297e-05,-0.0029497757224728163,1,3,0.4225548487311822
2019-02-21,0.00014564210770249913,0.12989660006765685,0.00012989660006765686,1.5745507634842262e-05,0,3,0.21939369356532867
2019-02-22,0.00027004091744288656,0.05196519865411297,5.196519865411297e-05,0.0002180757187887736,0,3,0.19754166166214487
2019-02-25,-0.0006811961124338808,0.03847493928382484,3.847493928382484e-05,-0.0007196710517177056,0,3,0.18666666666666665
2019-02-26,-1.0454978219721526e-05,0.06,6e-05,-7.045497821972152e-05,0,3,0.17391717666016468
2019-02-27,-0.0003215318345607237,0.06859247904479199,6.859247904479199e-05,-0.0003901243136055157,0,3,0.2029068116616734
2019-02-28,0.001041784622587687,0.06820444219910088,6.820444219910088e-05,0.000973580180388586,0,1,0.23333333333333334
2019-03-01,-0.005354327548124548,0.05999999999999999,5.9999999999999995e-05,-0.005414327548124548,1,1,0.3213333333333333
2019-03-04,-6.693530581562126e-05,0.05711111111111115,5.7111111111111146e-05,-0.0001240464169267324,1,1,0.4355555555555556
2019-03-05,0.000978614209953086,0.06,6e-05,0.000918614209953086,1,2,0.4435555555555556
2019-03-06,0.002592988213959103,0.19123014314073883,0.00019123014314073884,0.002401758070818364,2,2,0.45986393139448795
2019-03-07,0.0019404574971478216,0.29159914181155944,0.00029159914181155943,0.0016488583553362622,2,2,0.4064484422817035
2019-03-08,-0.00018743399595964728,0.032647492027733066,3.2647492027733065e-05,-0.00022008148798738033,2,2,0.38888888888888884
2019-03-11,-0.002038872127866195,0.060000000000000005,6.000000000000001e-05,-0.002098872127866195,2,2,0.33612427861705746
2019-03-12,-0.0014567326569415047,0.0341600829136935,3.41600829136935e-05,-0.0014908927398551983,2,2,0.4044444444444444
2019-03-13,-0.0021475296574061673,0.059999999999999984,5.999999999999999e-05,-0.0022075296574061674,2,2,0.35392602653283867
2019-03-14,0.00017317183450446896,0.11035976574064163,0.00011035976574064164,6.281206876382732e-05,3,2,0.25372650547995756
2019-03-15,0.0013457381178544792,0.07410769911455811,7.410769911455812e-05,0.0012716304187399211,3,2,0.1742944807785587
2019-03-18,-0.0008115391153694842,0.04116643283249742,4.116643283249742e-05,-0.0008527055482019816,3,2,0.1399999999999999
2019-03-19,0.0028346090055641855,0.05873308750491589,5.873308750491589e-05,0.00277587591805927,2,2,0.1399999999999999
2019-03-20,-0.0008798554663957832,0.05680032585192198,5.680032585192198e-05,-0.0009366557922477053,2,3,0.11646449005147871
2019-03-21,-0.00011038886408762657,0.023927653761713123,2.3927653761713124e-05,-0.00013431651784933968,2,3,0.07777777777777771
2019-03-22,8.887392638010265e-05,0.037612225951250224,3.761222595125022e-05,5.1261700428852426e-05,1,3,0.06222222222222218
2019-03-25,-0.0004691126541756688,0.013434001192676,1.3434001192675999e-05,-0.0004825466553683448,1,2,0.06222222222222218
2019-03-26,0.00013481549136684558,0.060000000000000005,6.000000000000001e-05,7.481549136684558e-05,1,2,0.18222222222222217
2019-03-27,0.0004181098441069459,0.057897769723553066,5.789776972355307e-05,0.00036021207438339284,2,2,0.14319526695454396
2019-03-28,-0.00017005925840663303,0.06881329169414686,6.881329169414687e-05,-0.0002388725501007799,2,3,0.015555555555555545
2019-03-29,2.4293919698404503e-05,0.01900972183996822,1.900972183996822e-05,5.284197858436282e-06,1,3,0.046666666666666634
2019-04-01,-5.0023546655917316e-05,0.01840365241890466,1.840365241890466e-05,-6.842719907482198e-05,1,3,0.06222222222222218
2019-04-02,0.0001330579050324812,0.024087506590431303,2.4087506590431305e-05,0.0001089703984420499,1,3,0.015555555555555545
2019-04-03,0.0,0.007777777777777772,7.777777777777772e-06,-7.777777777777772e-06,0,0,0.0
2019-04-04,0.0,0.0,0.0,0.0,0,0,0.0
2019-04-05,5.55663630422668e-05,0.007777777777777772,7.777777777777772e-06,4.7788585264489024e-05,3,2,0.015555555555555545
2019-04-08,0.0,0.007777777777777772,7.777777777777772e-06,-7.777777777777772e-06,0,0,0.0
2019-04-09,0.0,0.0,0.0,0.0,0,0,0.0
2019-04-10,0.0,0.0,0.0,0.0,0,0,0.0
2019-04-11,6.338416172201191e-05,0.0077777777777777715,7.777777777777772e-06,5.5606383944234135e-05,3,1,0.015555555555555545
2019-04-12,0.0,0.0077777777777777715,7.777777777777772e-06,-7.777777777777772e-06,0,0,0.0
2019-04-15,2.078711984380692e-05,0.015555555555555543,1.5555555555555545e-05,5.231564288251374e-06,3,1,0.031111111111111086
2019-04-16,1.2430415241549614e-05,0.007777777777777771,7.77777777777777e-06,4.652637463771843e-06,3,1,0.015555555555555545
2019-04-17,0.0006263633130738228,0.01976019293330251,1.976019293330251e-05,0.0006066031201405203,3,3,0.03111111111111109
2019-04-18,-6.756401506365561e-05,0.011746636494748509,1.174663649474851e-05,-7.931065155840412e-05,2,3,0.015555555555555545
2019-04-22,-8.951400124053618e-05,0.01781022052511313,1.781022052511313e-05,-0.0001073242217656493,3,2,0.031111111111111093
2019-04-23,0.0,0.015555555555555546,1.5555555555555548e-05,-1.5555555555555548e-05,0,0,0.0
2019-04-24,0.0,0.0,0.0,0.0,0,0,0.0
2019-04-25,0.0,0.0,0.0,0.0,0,0,0.0
2019-04-26,0.0,0.0,0.0,0.0,0,0,0.0
2019-04-29,0.0008099020787857454,0.015555555555555545,1.5555555555555545e-05,0.0007943465232301899,2,3,0.03111111111111109
2019-04-30,0.0004740424138915315,0.01887308784381107,1.887308784381107e-05,0.0004551693260477204,3,3,0.06222222222222218
2019-05-01,0.00017869567971838835,0.02636266466064134,2.636266466064134e-05,0.000152333015057747,3,3,0.07777777777777772
2019-05-02,-0.0009124324921231447,0.04077588376959371,4.077588376959371e-05,-0.0009532083758927384,3,3,0.06222222222222218
2019-05-03,0.00017392107214460475,0.025147025823548264,2.5147025823548264e-05,0.00014877404632105648,3,3,0.07777777777777772
2019-05-06,0.00014924203042936221,0.060000000000000005,6.000000000000001e-05,8.92420304293622e-05,3,3,0.16680166591616252
2019-05-07,-0.00048214185791493566,0.07677911220399644,7.677911220399644e-05,-0.0005589209701189321,2,2,0.23333333333333311
2019-05-08,0.00015872515409506963,0.06,6e-05,9.872515409506963e-05,2,3,0.22209258878675592
2019-05-09,7.205690061844313e-05,0.0932504748791565,9.32504748791565e-05,-2.1193574260713362e-05,2,3,0.20080676878416312
2019-05-10,0.00035771466347301223,0.02702098148777932,2.702098148777932e-05,0.0003306936819852329,2,3,0.18601790600093418
2019-05-13,8.075478413566432e-05,0.06387053455460928,6.387053455460929e-05,1.6884249581055038e-05,2,2,0.19987797020619363
2019-05-14,-0.002574244829958456,0.08395656660204345,8.395656660204345e-05,-0.0026582013965604995,1,2,0.29555555555555557
2019-05-15,-0.0014203747755253018,0.05999999999999999,5.9999999999999995e-05,-0.0014803747755253018,1,2,0.17555555555555558
2019-05-16,-0.001707618149587389,0.06243634811580713,6.243634811580713e-05,-0.0017700544977031962,0,2,0.105
2019-05-17,-0.00013227342615262485,0.0525,5.25e-05,-0.00018477342615262485,1,1,0.1399999999999999
2019-05-20,0.00018784373353764155,0.03111111111111109,3.111111111111109e-05,0.00015673262242653046,1,1,0.07777777777777772
2019-05-21,-0.00021504906555372546,0.007777777777777772,7.777777777777772e-06,-0.00022282684333150323,1,1,0.09333333333333327
2019-05-22,1.0780162432870868e-05,0.04083333333333333,4.0833333333333334e-05,-3.0053170900462468e-05,1,0,0.08166666666666667
2019-05-23,-0.0019835198359291067,0.04083333333333333,4.0833333333333334e-05,-0.00202435316926244,1,1,0.1166666666666667
2019-05-24,0.0023658673524220965,0.06,6e-05,0.0023058673524220964,1,1,0.2366666666666667
2019-05-28,0.0017888952708110936,0.014999999999999958,1.4999999999999958e-05,0.0017738952708110935,1,1,0.2666666666666666
2019-05-29,-0.0002129740505202207,0.06,6e-05,-0.0002729740505202207,1,1,0.3866666666666666
2019-05-30,0.0012299008228480225,0.02355965588554249,2.3559655885542488e-05,0.00120634116696248,1,2,0.41045264510441837
2019-05-31,0.000260096545716716,0.1544074244421419,0.0001544074244421419,0.00010568912127457408,1,3,0.1814442847897036
2019-06-03,-0.0004010329850936532,0.07181358074569191,7.181358074569192e-05,-0.0004728465658393451,2,3,0.1955119358784953
2019-06-04,-0.0005102199770665569,0.07685182747655905,7.685182747655906e-05,-0.0005870718045431159,1,3,0.1512835467156703
2019-06-05,0.0008287905572403558,0.04852968653313888,4.852968653313889e-05,0.0007802608707072169,2,3,0.1166666666666667
2019-06-06,-7.600720403060264e-05,0.058333333333333334,5.833333333333333e-05,-0.00013434053736393597,2,3,0.2333333333333334
2019-06-07,0.0015530904383866879,0.06,6e-05,0.001493090438386688,2,3,0.3171239362768522
2019-06-10,-0.001208940243881734,0.07220499655390714,7.220499655390713e-05,-0.001281145240435641,2,2,0.4305957427450912
2019-06-11,-0.00181653301610549,0.06910448388201261,6.91044838820126e-05,-0.0018856374999875025,2,3,0.40523746410048644
2019-06-12,0.001991638746021571,0.08352232183026582,8.352232183026582e-05,0.001908116424191305,3,3,0.3714495064323169
2019-06-13,0.0023359513133891226,0.06931270918455423,6.931270918455424e-05,0.0022666386042045684,3,3,0.42603418995486697
2019-06-14,-0.001621481957344338,0.1048545019908646,0.0001048545019908646,-0.0017263364593352027,3,3,0.42680798187941926
2019-06-17,-0.0017163416196438284,0.11513509547903295,0.00011513509547903295,-0.0018314767151228614,3,3,0.4729242552561104
2019-06-18,0.004066900290575705,0.29078079675092033,0.0002907807967509203,0.0037761194938247845,2,1,0.62
2019-06-19,0.0003913580136247625,0.05653679318307042,5.653679318307042e-05,0.0003348212204416921,2,1,0.6181335074286924
2019-06-20,-0.01475890098690271,0.12251370072949978,0.00012251370072949977,-0.01488141468763221,2,1,0.646516740731917
2019-06-21,-0.005856293835852296,0.05777458919767793,5.777458919767793e-05,-0.005914068425049973,2,3,0.697600144892324
2019-06-24,-0.0050479199379743316,0.33217499479190965,0.0003321749947919097,-0.005380094932766241,2,3,0.8515806991279995
2019-06-25,-0.002071119560175613,0.08616304107587239,8.61630410758724e-05,-0.0021572826012514856,2,3,0.6918387758116987
2019-06-26,0.0029051785471157494,0.2030241346535414,0.0002030241346535414,0.002702154412462208,2,2,0.4682293796001734
2019-06-27,-0.0033154666131370663,0.12893104594418653,0.00012893104594418654,-0.0034443976590812528,0,2,0.2103672877118003
2019-06-28,-0.0020106731330894858,0.028975266866884695,2.8975266866884696e-05,-0.0020396483999563703,0,2,0.15833333333333333
2019-07-01,0.0004918718103545093,0.06,6e-05,0.00043187181035450926,1,2,0.2783333333333333
2019-07-02,0.0007435469004607517,0.1261671638702822,0.0001261671638702822,0.0006173797365904695,2,2,0.5306676610738976
2019-07-03,-0.003350451097426887,0.20939939442287264,0.00020939939442287265,-0.0035598504918497595,2,2,0.7224417153240819
2019-07-05,-0.002197740082875891,0.312953455970991,0.000312953455970991,-0.002510693538846882,2,2,0.9598958786830344
2019-07-08,-0.006192344583950507,0.20314117062757298,0.00020314117062757297,-0.00639548575457808,2,2,0.9216943717773052
2019-07-09,-0.001464401057244998,0.2631142241102058,0.0002631142241102058,-0.0017275152813552037,2,0,0.5
2019-07-10,-0.0016808749000297525,0.016868173801616343,1.6868173801616343e-05,-0.0016977430738313688,2,0,0.471960267075794
2019-07-11,0.004072894939629092,0.0827355923787392,8.27355923787392e-05,0.003990159347250353,2,3,0.5676238294573993
2019-07-12,-0.013917187125688502,0.18226280203053755,0.00018226280203053756,-0.01409944992771904,2,3,0.8732421271953339
2019-07-15,-0.0020571456227080308,0.1969805612627462,0.00019698056126274621,-0.002254126183970777,3,3,0.8537394015236576
2019-07-16,-0.003593101774187572,0.2940377844340008,0.0002940377844340008,-0.003887139558621573,3,3,0.9244391765869334
2019-07-17,-0.010803042370828634,0.30934774764109196,0.00030934774764109196,-0.011112390118469725,3,3,0.8936112895130057
2019-07-18,0.00038133180161968887,0.19357174881806755,0.00019357174881806755,0.00018776005280162132,3,3,0.9851746139938861
2019-07-19,-0.006925035998971872,0.16757184795359872,0.00016757184795359873,-0.007092607846925471,3,3,0.8996529122327153
2019-07-22,-0.00040023357355680074,0.07949769023155674,7.949769023155674e-05,-0.0004797312637883575,3,3,0.8580078319244927
2019-07-23,-0.005425861547424334,0.24649547123878782,0.0002464954712387878,-0.005672357018663122,3,3,0.8855828729437836
2019-07-24,0.0056391966071597105,0.17507107073789974,0.00017507107073789973,0.005464125536421811,3,3,0.7524261098862168
2019-07-25,-0.001259546851162396,0.3134519389699525,0.0003134519389699525,-0.0015729987901323486,3,3,0.9781053587201894
2019-07-26,0.0013641380226500732,0.4239769469921045,0.0004239769469921045,0.0009401610756579687,3,4,1.0
2019-07-29,0.00022908461451140645,0.43412484151783126,0.00043412484151783125,-0.0002050402270064248,3,4,1.0
2019-07-30,0.006577563620322503,0.5091848037715846,0.0005091848037715846,0.006068378816550918,2,2,1.0
2019-07-31,0.0028999813124917437,0.28677452789137664,0.00028677452789137666,0.002613206784600367,1,2,1.0
2019-08-01,0.003622413430938541,0.15448320161270743,0.00015448320161270742,0.0034679302293258336,2,2,0.9845505179984225
2019-08-02,0.0108399901918077,0.4515982817481421,0.0004515982817481421,0.01038839191005956,3,2,0.7729702637511735
2019-08-05,0.00042065596117541555,0.3272798745921712,0.00032727987459217124,9.337608658324431e-05,3,2,0.18415036115048333
2019-08-06,0.0007580470619553939,0.07379274799354646,7.379274799354646e-05,0.0006842543139618474,3,3,0.14511423930029996
2019-08-07,8.357149420144419e-05,0.05755711965015002,5.755711965015002e-05,2.6014374551294167e-05,3,3,0.029999999999999912
2019-08-08,0.00030459809038664093,0.01782465440820654,1.782465440820654e-05,0.0002867734359784344,3,3,0.03333333333333344
2019-08-09,-0.0003403950349763036,0.01458639358849545,1.458639358849545e-05,-0.00035498142856479903,3,2,0.05000000000000005
2019-08-12,-8.759351399600587e-05,0.06,6e-05,-0.00014759351399600587,3,3,0.17000000000000004
2019-08-13,7.834732075858434e-05,0.025350431334470826,2.5350431334470826e-05,5.2996889424113514e-05,3,3,0.18635178465737684
2019-08-14,-5.520800973790957e-06,0.06984255899535503,6.984255899535504e-05,-7.536335996914599e-05,3,3,0.046666666666666745
2019-08-15,0.0013309302530321845,0.04758824345465698,4.758824345465698e-05,0.0012833420095775276,3,3,0.13550805449843126
2019-08-16,-0.0008885329968134779,0.00275402724921563,2.75402724921563e-06,-0.0008912870240626936,2,3,0.13
2019-08-19,-0.00021987492239296567,0.048333333333333284,4.8333333333333286e-05,-0.00026820825572629895,1,3,0.03333333333333344
2019-08-20,-0.0008477942031832935,0.06,6e-05,-0.0009077942031832935,1,3,0.13374564750138207
2019-08-21,-0.00040765849552723896,0.09958937888100192,9.958937888100191e-05,-0.0005072478744082409,1,1,0.31999999999999995
2019-08-22,0.0007387459651582529,0.0025000000000000022,2.5000000000000023e-06,0.0007362459651582529,1,1,0.32499999999999996
2019-08-23,0.009224356814284788,0.06,6e-05,0.00916435681428479,1,1,0.3335714285714285
2019-08-26,0.001287265657750017,0.05499999999999999,5.4999999999999995e-05,0.0012322656577500172,0,1,0.22999999999999998
2019-08-27,0.0,0.11499999999999999,0.00011499999999999999,-0.00011499999999999999,0,0,0.0
2019-08-28,0.0,0.0,0.0,0.0,0,0,0.0
2019-08-29,0.0,0.0,0.0,0.0,0,0,0.0
2019-08-30,0.0,0.0,0.0,0.0,0,0,0.0
2019-09-03,0.0,0.0,0.0,0.0,0,0,0.0
2019-09-04,0.0025587489467255886,0.05833333333333335,5.8333333333333346e-05,0.002500415613392255,1,0,0.1166666666666667
2019-09-05,0.0028179464511457657,0.060000000000000005,6.000000000000001e-05,0.0027579464511457655,2,1,0.12708352468052805
2019-09-06,-0.0028187803963875017,0.07375158454658272,7.375158454658272e-05,-0.0028925319809340842,2,1,0.2533333333333333
2019-09-09,0.004127062882672904,0.13862640375045113,0.00013862640375045113,0.0039884364789224535,2,1,0.5305861408342356
2019-09-10,0.002668542710911034,0.08727247220996157,8.727247220996156e-05,0.0025812702387010725,2,2,0.6758512157416163
2019-09-11,0.004675819321194513,0.5556128269327241,0.000555612826932724,0.004120206494261789,3,2,0.9151739575797185
2019-09-12,-0.0004478699768357946,0.5018121181471719,0.0005018121181471719,-0.0009496820949829665,3,2,0.7564495782821712
2019-09-13,0.00021733484822202215,0.17999287405162714,0.00017999287405162716,3.7341974170394994e-05,3,2,0.8160886336349924
2019-09-16,-0.012817491831707616,0.24171884909280897,0.00024171884909280898,-0.013059210680800425,3,2,1.0
2019-09-17,-0.005458944257128072,0.4746213073978169,0.0004746213073978169,-0.005933565564525889,3,3,1.0
2019-09-18,0.00015977938330240184,0.452005355287801,0.00045200535528780103,-0.0002922259719853992,3,3,0.8845178729397544
2019-09-19,-0.0006586750744227534,0.30257621367280196,0.000302576213672802,-0.0009612512880955554,2,3,0.2848435037034732
2019-09-20,-0.0010706178226189034,0.11722382173389602,0.00011722382173389601,-0.0011878416443527994,1,3,0.48579023425376944
2019-09-23,0.002081251820522572,0.12519105788093599,0.000125191057880936,0.001956060762641636,1,3,0.5552825385264479
2019-09-24,-0.0020121075041703586,0.11444975320048678,0.00011444975320048678,-0.0021265572573708454,1,3,0.46032338106373516
2019-09-25,0.0057767580410582765,0.0869497219392639,8.69497219392639e-05,0.005689808319119013,1,3,0.37228014007072274
2019-09-26,-0.001386206128958015,0.11385702214093782,0.00011385702214093782,-0.0015000631510989526,0,3,0.20121150284065784
2019-09-27,0.0016643167125438782,0.04720816931272201,4.720816931272201e-05,0.0016171085432311562,0,3,0.29000401949602006
2019-09-30,-0.0014163131356719908,0.0540460746233187,5.4046074623318705e-05,-0.0014703592102953095,0,4,0.32092652344030986
2019-10-01,0.005064894391233785,0.18697611404622497,0.00018697611404622496,0.00487791827718756,0,4,0.27848747023190457
2019-10-02,0.008463114359821092,0.18730470700577656,0.00018730470700577658,0.008275809652815316,0,3,0.27662847646331545
2019-10-03,0.0020288595375914723,0.05248090489832441,5.248090489832441e-05,0.001976378632693148,0,3,0.1716666666666666
2019-10-04,-0.0003263695323513192,0.06916666666666664,6.916666666666664e-05,-0.00039553619901798584,0,3,0.033333333333333326
2019-10-07,0.00030615440318672424,0.03333333333333332,3.333333333333332e-05,0.0002728210698533909,0,3,0.09999999999999998
2019-10-08,0.0027459140420255184,0.05999999999999999,5.9999999999999995e-05,0.0026859140420255182,0,3,0.17509348697856658
2019-10-09,0.0007017927386001488,0.06522552368369564,6.522552368369564e-05,0.0006365672149164532,1,2,0.2707166348312756
2019-10-10,0.0007969165807279888,0.07928336516872442,7.928336516872442e-05,0.0007176332155592643,1,2,0.22999999999999987
2019-10-11,0.0002545720761807532,0.025785323403000493,2.5785323403000494e-05,0.00022878675277775273,1,2,0.1870160889274542
2019-10-14,0.0015578670475433747,0.10342914868885171,0.0001034291486888517,0.001454437898854523,1,2,0.35399137427821464
2019-10-15,0.0027857289644035717,0.07692945742400802,7.692945742400802e-05,0.002708799506979564,1,1,0.5033333333333333
2019-10-16,-0.000637053269669043,0.1123333333333334,0.0001123333333333334,-0.0007493866030023764,1,1,0.7280000000000001
2019-10-17,-0.0016120047711406596,0.19,0.00019,-0.0018020047711406596,2,0,0.5
2019-10-18,-0.0008485147880315878,0.3277695518974754,0.0003277695518974754,-0.0011762843399290633,2,0,0.5
2019-10-21,0.001000832101351704,0.006545877625792923,6.545877625792923e-06,0.000994286223725911,2,0,0.49826111649447086
2019-10-22,0.005126254462932539,0.060241669358346565,6.024166935834657e-05,0.005066012793574192,3,0,0.49825570461142843
2019-10-23,-0.0013124556144077407,0.2500216459905786,0.0002500216459905786,-0.0015624772603983193,3,1,0.5702584594245146
2019-10-24,0.01001123373126176,0.3465825409501671,0.0003465825409501671,0.009664651190311594,3,2,0.9944511792096267
2019-10-25,0.00353750664686011,0.4206554137060504,0.0004206554137060504,0.0031168512331540593,3,2,0.9179159905470211
2019-10-28,0.001199271595803504,0.3189662256064888,0.0003189662256064888,0.0008803053701970152,3,2,0.704623598372712
2019-10-29,0.0015109544664375814,0.17441670621741065,0.00017441670621741066,0.0013365377602201707,3,2,0.6525117662524251
2019-10-30,0.000473326490249093,0.1079602721555657,0.00010796027215556569,0.0003653662180935273,3,2,0.6192278130948179
2019-10-31,0.0026992573459676365,0.22773791078533082,0.00022773791078533083,0.0024715194351823057,3,3,0.6655957809147411
2019-11-01,-0.0013809197647635036,0.17930045260048727,0.00017930045260048727,-0.001560220217363991,3,3,0.6921572565861569
2019-11-04,-0.005825628668363964,0.09882667400686154,9.882667400686155e-05,-0.005924455342370826,3,3,0.8105181943963877
2019-11-05,0.004833190868790109,0.2466401828161088,0.00024664018281610883,0.004586550685974,2,3,0.7666666666666666
2019-11-06,-0.002293862698055241,0.1412056959959986,0.00014120569599599861,-0.00243506839405124,3,3,0.576640393586217
2019-11-07,-0.002159088254702083,0.2433318836333666,0.00024333188363336662,-0.0024024201383354496,2,3,0.4804996935905771
2019-11-08,0.0007091673279686331,0.07898291461197894,7.898291461197894e-05,0.0006301844133566541,2,2,0.4491904134030769
2019-11-11,0.0006119133078634018,0.10944338687040521,0.00010944338687040521,0.0005024699209929967,1,2,0.5075307761858131
2019-11-12,0.0013127135175772455,0.07119519462379487,7.119519462379486e-05,0.0012415183229534505,1,2,0.42000000000000004
2019-11-13,-3.061115627888897e-05,0.06,6e-05,-9.061115627888896e-05,1,2,0.4454401385286509
2019-11-14,0.0011896410101254892,0.060000000000000005,6.000000000000001e-05,0.0011296410101254892,1,1,0.3697222222222222
2019-11-15,0.0005423361691581324,0.07597222222222219,7.597222222222219e-05,0.00046636394693591024,1,0,0.2177777777777778
2019-11-18,-0.00264332670261952,0.0038888888888888584,3.888888888888858e-06,-0.0026472155915084087,1,0,0.2255555555555555
2019-11-19,0.0006247544604960927,0.05055555555555552,5.055555555555552e-05,0.0005741989049405372,1,0,0.12444444444444447
2019-11-20,-0.00025886300036386054,0.05999999999999999,5.9999999999999995e-05,-0.00031886300036386054,1,1,0.24444444444444446
2019-11-21,-0.002225035989245644,0.12444444444444441,0.0001244444444444444,-0.0023494804336900883,1,1,0.4933333333333333
2019-11-22,0.003737242306852776,0.05111111111111111,5.111111111111111e-05,0.0036861311957416647,1,1,0.5955555555555555
2019-11-25,-0.000385228384204522,0.17888888888888888,0.00017888888888888889,-0.0005641172730934109,1,1,0.23777777777777775
2019-11-26,0.00011782627069204219,0.07027777777777777,7.027777777777778e-05,4.754849291426442e-05,0,1,0.09722222222222221
2019-11-27,9.438195826358853e-05,0.009722222222222188,9.722222222222187e-06,8.465973604136634e-05,0,1,0.07777777777777783
2019-11-29,0.00013011831591263237,0.011666666666666714,1.1666666666666714e-05,0.00011845164924596566,0,1,0.054444444444444406
2019-12-02,0.0006326341708030314,0.003888888888888886,3.888888888888886e-06,0.0006287452819141425,0,1,0.06222222222222218
2019-12-03,0.002734934909165424,0.06,6e-05,0.002674934909165424,0,2,0.13323000487586387
2019-12-04,-0.003967623906818798,0.08258802583995561,8.258802583995561e-05,-0.004050211932658754,0,2,0.2984060565557751
2019-12-05,-0.0014317699416593634,0.06182874100032582,6.182874100032583e-05,-0.0014935986826596893,0,2,0.3125
2019-12-06,-0.00260297838041297,0.06,6e-05,-0.00266297838041297,0,2,0.20823391271797154
2019-12-09,-0.0012290277992911996,0.059394734136763556,5.9394734136763555e-05,-0.001288422533427963,0,1,0.08944444444444444
2019-12-10,-0.00046599899099352495,0.04472222222222222,4.472222222222222e-05,-0.0005107212132157471,1,1,0.06222222222222218
2019-12-11,0.001212195372679702,0.023333333333333317,2.333333333333332e-05,0.0011888620393463688,1,1,0.10888888888888881
2019-12-12,-0.00010441712191937893,0.015555555555555545,1.5555555555555545e-05,-0.00011997267747493448,1,1,0.07777777777777772
2019-12-13,0.0003318385134058154,0.06,6e-05,0.0002718385134058154,3,1,0.14771613250684532
2019-12-16,-0.0005399327408728302,0.02869032917288813,2.8690329172888133e-05,-0.0005686230700457183,3,1,0.1399999999999999
2019-12-17,-2.9550050859591403e-05,0.060000000000000005,6.000000000000001e-05,-8.955005085959141e-05,3,1,0.019999999999999893
2019-12-18,-0.00045010969740889986,0.011131198418098814,1.1131198418098814e-05,-0.00046124089582699865,3,1,0.015555555555555545
2019-12-19,3.8832130428748494e-05,0.002140184282836329,2.140184282836329e-06,3.6691946145912165e-05,3,1,0.015555555555555545
2019-12-20,-0.00013398248551471374,0.006467112834532225,6.467112834532226e-06,-0.00014044959834924597,3,1,0.015555555555555545
2019-12-23,7.690226043919381e-05,0.0018606711358206407,1.8606711358206407e-06,7.504158930337318e-05,3,1,0.015555555555555545
2019-12-24,-4.9540190450118556e-05,0.015555555555555546,1.5555555555555548e-05,-6.50957460056741e-05,3,1,0.046666666666666634
2019-12-26,2.1632330288729152e-05,0.008585606617133971,8.585606617133971e-06,1.3046723671595181e-05,3,1,0.03111111111111109
2019-12-27,-4.952244675164802e-05,0.009463566260146572,9.463566260146572e-06,-5.89860130117946e-05,2,1,0.015555555555555545
2019-12-30,-1.3273702236564403e-05,0.010583225308873494,1.0583225308873494e-05,-2.3856927545437897e-05,1,2,0.015555555555555545
2019-12-31,-8.281352261052154e-05,0.0041416660782357135,4.141666078235714e-06,-8.695518868875726e-05,0,2,0.007777777777777773
2020-01-02,-0.00010565824984647829,0.001352286495931973,1.3522864959319732e-06,-0.00010701053634241026,0,2,0.007777777777777772
2020-01-03,0.002615346202297198,0.06,6e-05,0.0025553462022971977,1,2,0.12651623624790925
2020-01-06,0.00041531328796207156,0.04548034034617679,4.548034034617679e-05,0.0003698329476158948,2,1,0.11656198600974682
2020-01-07,0.00016232826582884979,0.05050321522709564,5.050321522709564e-05,0.00011182505060175414,2,1,0.015555555555555541
2020-01-08,-0.00013948141525006358,0.006368957816760169,6.368957816760169e-06,-0.00014585037306682377,3,1,0.015555555555555545
2020-01-09,-0.0005506424041771499,0.023333333333333317,2.333333333333332e-05,-0.0005739757375104832,3,2,0.06222222222222218
2020-01-10,-0.0005244313345399523,0.060000000000000005,6.000000000000001e-05,-0.0005844313345399523,3,2,0.17003189147188108
2020-01-13,-0.0003959570714698091,0.04377334165805835,4.3773341658058354e-05,-0.0004397304131278674,3,2,0.24238537350522307
2020-01-14,0.00013945871181592268,0.056993873410488366,5.6993873410488364e-05,8.246483840543433e-05,3,2,0.27249165397332364
2020-01-15,-0.0022180976425854285,0.10463668966046949,0.00010463668966046949,-0.002322734332245898,3,1,0.4080853577204032
2020-01-16,0.0005874535403145375,0.060792012938974085,6.079201293897409e-05,0.0005266615273755635,3,1,0.3737413013052362
2020-01-17,-0.005265842962114403,0.059999999999999984,5.999999999999999e-05,-0.005325842962114403,4,1,0.3813861763390213
2020-01-21,-0.0021485444248806156,0.16421105843633207,0.00016421105843633207,-0.0023127554833169478,4,2,0.4671957604615634
2020-01-22,-0.001463266881785582,0.28890542986573065,0.00028890542986573063,-0.0017521723116513126,3,3,0.32018359590225287
2020-01-23,0.0005777232807199733,0.08690920058499499,8.690920058499499e-05,0.0004908140801349783,3,3,0.3547594054837187
2020-01-24,-0.003315742829574427,0.061509186147029486,6.150918614702948e-05,-0.0033772520157214565,3,3,0.4777777777777777
2020-01-27,-0.0010557123524876032,0.1283307820990339,0.0001283307820990339,-0.001184043134586637,3,4,0.7117492475515065
2020-01-28,-0.0015446608559806735,0.23524974698590012,0.00023524974698590012,-0.0017799106029665736,2,3,0.7466666666666667
2020-01-29,0.004115776988697561,0.23333333333333328,0.00023333333333333328,0.003882443655364228,2,3,0.28000000000000014
2020-01-30,0.00018994635585859652,0.12435908741407431,0.00012435908741407432,6.558726844452221e-05,3,3,0.15617594545184513
2020-01-31,7.684383744817996e-05,0.05132689115896391,5.1326891158963913e-05,2.5516946289216044e-05,3,3,0.18333333333333335
2020-02-03,-8.026678915961687e-05,0.05053436715086829,5.053436715086829e-05,-0.00013080115631048517,3,3,0.25574106872993013
2020-02-04,-0.0012579682513575146,0.050774560148624,5.0774560148623996e-05,-0.0013087428115061387,4,4,0.23695998097209695
2020-02-05,-0.0010082370065916122,0.11357699278186272,0.00011357699278186271,-0.001121813999373475,2,3,0.1166666666666667
2020-02-06,0.0005610942582498355,0.060000000000000005,6.000000000000001e-05,0.0005010942582498355,2,3,0.23666666666666675
2020-02-07,0.002505815886966737,0.05103430888221555,5.1034308882215554e-05,0.0024547815780845213,3,3,0.29340245665804565
2020-02-10,0.0003411711169778497,0.12155986138793032,0.00012155986138793032,0.00021961125558991938,3,3,0.3569855853592618
2020-02-11,-0.00025934944552334253,0.06918421492221102,6.918421492221103e-05,-0.00032853366044555355,3,2,0.3467592747811459
2020-02-12,0.0026807413707143953,0.030697791918286314,3.069779191828631e-05,0.002650043578796109,3,2,0.3258854024389077
2020-02-13,0.0018793122709804266,0.08723738575334511,8.723738575334511e-05,0.0017920748852270816,3,2,0.30608932689491364
2020-02-14,-0.0036899900661993526,0.05280085022847586,5.280085022847586e-05,-0.0037427909164278283,3,2,0.3753933244896636
2020-02-18,0.0029955283967372927,0.18217147756734497,0.00018217147756734498,0.0028133569191699476,2,2,0.5871253375614358
2020-02-19,0.0008143146368144255,0.0747714859659325,7.47714859659325e-05,0.000739543150848493,2,2,0.5105079701217788
2020-02-20,-0.000570970594785268,0.28875534155906785,0.00028875534155906784,-0.0008597259363443358,1,3,0.5987476600942337
2020-02-21,-0.0005925774914028259,0.2672598754024702,0.00026725987540247024,-0.0008598373668052962,1,2,0.3883716499015827
2020-02-24,0.004051943046174906,0.0295712942425937,2.95712942425937e-05,0.004022371751932312,1,2,0.3292290614163953
2020-02-25,0.0008524075586031589,0.14128119737486428,0.00014128119737486427,0.0007111263612282945,3,1,0.07919347799496784
2020-02-26,0.0,0.039596738997483914,3.959673899748391e-05,-3.959673899748391e-05,0,0,0.0
2020-02-27,0.0,0.0,0.0,0.0,0,0,0.0
2020-02-28,6.508189762104737e-05,0.008333333333333304,8.333333333333303e-06,5.674856428771406e-05,3,3,0.016666666666666607
2020-03-02,0.0,0.008333333333333304,8.333333333333303e-06,-8.333333333333303e-06,0,0,0.0
2020-03-03,0.0,0.0,0.0,0.0,0,0,0.0
2020-03-04,-0.00024872317391733844,0.01666666666666672,1.6666666666666718e-05,-0.00026538984058400517,3,3,0.03333333333333344
2020-03-05,9.73131168839485e-05,0.013010193911160213,1.3010193911160213e-05,8.430292297278829e-05,3,3,0.03333333333333344
2020-03-06,-0.0008353900804047186,0.03187630820281982,3.1876308202819824e-05,-0.0008672663886075384,3,3,0.06666666666666664
2020-03-09,-0.0002121848330798881,0.02839631821203935,2.839631821203935e-05,-0.00024058115129192744,3,3,0.016666666666666607
2020-03-10,0.0,0.008333333333333304,8.333333333333303e-06,-8.333333333333303e-06,0,0,0.0
2020-03-11,0.0,0.0,0.0,0.0,0,0,0.0
2020-03-12,0.00030620251298274433,0.008333333333333304,8.333333333333303e-06,0.00029786917964941105,2,2,0.016666666666666607
2020-03-13,-0.00015935723313023712,0.008399163397727621,8.399163397727622e-06,-0.00016775639652796473,3,3,0.01666666666666661
2020-03-16,0.0,0.008333333333333304,8.333333333333303e-06,-8.333333333333303e-06,0,0,0.0
2020-03-17,0.0005119000027515226,0.008333333333333304,8.333333333333303e-06,0.0005035666694181893,3,3,0.01666666666666661
2020-03-18,0.0,0.008333333333333304,8.333333333333303e-06,-8.333333333333303e-06,0,0,0.0
2020-03-19,0.00032025769188786184,0.008333333333333304,8.333333333333303e-06,0.00031192435855452856,3,3,0.016666666666666607
2020-03-20,-0.00016176765104402175,0.0035825871132163017,3.5825871132163017e-06,-0.00016535023815723805,3,3,0.016666666666666607
2020-03-23,-0.001473030129306151,0.027639309883902955,2.7639309883902956e-05,-0.001500669439190054,3,3,0.06666666666666665
2020-03-24,-0.0018419549414640706,0.022288824584356548,2.228882458435655e-05,-0.0018642437660484272,3,3,0.0833333333333335
2020-03-25,-0.003527737667654451,0.0491819094692301,4.9181909469230105e-05,-0.003576919577123681,3,3,0.10000000000000007
2020-03-26,0.0004969232830943405,0.028436922361318305,2.8436922361318305e-05,0.00046848636073302223,3,3,0.10000000000000007
2020-03-27,-5.5541777829533194e-05,0.058370414941273416,5.837041494127342e-05,-0.00011391219277080662,3,3,0.10000000000000009
2020-03-30,0.0006602881726203837,0.0273021939002538,2.73021939002538e-05,0.0006329859787201299,3,3,0.1499999999999999
2020-03-31,0.00023866109826969472,0.035382495992832136,3.5382495992832134e-05,0.0002032786022768626,3,3,0.10000000000000009
2020-04-01,0.002204788150010348,0.055618924886785354,5.561892488678535e-05,0.0021491692251235624,3,3,0.19999999999999996
2020-04-02,0.0030427112021141857,0.059561264835654146,5.956126483565415e-05,0.0029831499372785313,2,2,0.25
2020-04-03,-0.0004807234033694587,0.06,6e-05,-0.0005407234033694587,2,3,0.22781156103479233
2020-04-06,-0.0019390694927103888,0.08353710922489149,8.35371092248915e-05,-0.0020226066019352804,2,3,0.26122959137838986
2020-04-07,-0.0058478345778861275,0.0845169139163044,8.451691391630441e-05,-0.005932351491802432,1,2,0.31348248411907
2020-04-08,0.001481049879536716,0.053663139827268946,5.366313982726895e-05,0.001427386739709447,2,2,0.3227214546927614
2020-04-09,-0.007166249876057259,0.09757453369735104,9.757453369735104e-05,-0.00726382440975461,2,3,0.33333333333333326
2020-04-13,0.004219879359568986,0.07193096903902255,7.193096903902255e-05,0.004147948390529964,3,3,0.3530753124190758
2020-04-14,-0.0030690416639322527,0.044422778930971796,4.4422778930971796e-05,-0.0031134644428632246,3,3,0.39306782645238036
2020-04-15,0.0032244853129115457,0.05297141624217725,5.297141624217725e-05,0.0031715138966693685,3,2,0.4039424332610538
2020-04-16,-0.008572728174325122,0.16691908445364145,0.00016691908445364145,-0.008739647258778764,3,2,0.427455050135246
2020-04-17,0.004818950107787941,0.2508821141385644,0.00025088211413856445,0.004568067993649377,3,2,0.46533383834003406
2020-04-20,-0.003543437400757499,0.10296458620198128,0.00010296458620198128,-0.0036464019869594804,3,2,0.44563518109370925
2020-04-21,0.006220706100478973,0.04107561386334264,4.107561386334264e-05,0.00617963048661563,3,2,0.48437529866383566
2020-04-22,-0.005864972076837824,0.019914745961258286,1.9914745961258285e-05,-0.005884886822799082,3,2,0.47641690545987303
2020-04-23,-0.011856554862113235,0.16943419628209405,0.00016943419628209406,-0.01202598905839533,4,2,0.36342512901734536
2020-04-24,-0.0002360718245014711,0.18903091957286033,0.00018903091957286035,-0.00042510274407433146,3,2,0.3654915982866996
2020-04-27,0.0012836038964899284,0.13820447483680243,0.00013820447483680243,0.0011453994216531261,3,2,0.434231212013242
2020-04-28,0.004159081764758212,0.1162047718542765,0.0001162047718542765,0.004042876992903935,2,2,0.5134412687280719
2020-04-29,0.00012950305108273743,0.11927190415093165,0.00011927190415093166,1.023114693180577e-05,3,2,0.6369549238779827
2020-04-30,-0.009772734018586669,0.48157428753947407,0.0004815742875394741,-0.010254308306126142,3,2,0.6641615426916248
2020-05-01,-0.005021206144875289,0.3812302429865195,0.0003812302429865195,-0.005402436387861809,3,2,0.6695936465069807
2020-05-04,-0.0001549852653530033,0.08414780875907389,8.414780875907389e-05,-0.0002391330741120772,3,2,0.6896639469559936
2020-05-05,-0.005078573378961015,0.13052422248409304,0.00013052422248409305,-0.0052090976014451075,3,3,0.6426295964409734
2020-05-06,0.0031080381777803825,0.23434982032803214,0.00023434982032803214,0.0028736883574523504,3,3,0.6224037010589275
2020-05-07,0.002532508194736941,0.2531177066210569,0.00025311770662105694,0.002279390488115884,2,3,0.6657550896229508
2020-05-08,0.0024904535588010585,0.18409532079417829,0.00018409532079417828,0.0023063582380068804,2,2,0.7
2020-05-11,-0.030606497004881425,0.32082283653503546,0.0003208228365350355,-0.03092731984141646,1,2,0.8
2020-05-12,-0.010757154816022603,0.06,6e-05,-0.010817154816022603,1,2,0.8273797255707122
2020-05-13,-0.010076045126356604,0.04941113708487134,4.941113708487134e-05,-0.010125456263441477,1,2,0.7421127725612632
2020-05-14,0.0025003078063177645,0.1785466692608265,0.0001785466692608265,0.002321761137056938,0,2,0.4180553928317476
2020-05-15,0.000595367429244737,0.0986011120634806,9.86011120634806e-05,0.0004967663171812565,0,2,0.38159964926980944
2020-05-18,-0.021293051121647737,0.2980028623906567,0.0002980028623906567,-0.021591053984038395,0,2,0.4061942388522491
2020-05-19,0.0007560429310246379,0.02838602649823216,2.838602649823216e-05,0.0007276569045264057,0,1,0.38111111111111107
2020-05-20,-0.01716744812453919,0.027222222222222203,2.7222222222222203e-05,-0.017194670346761413,0,1,0.32666666666666666
2020-05-21,0.004228385597620715,0.0,0.0,0.004228385597620715,0,1,0.32666666666666666
2020-05-22,-0.0001419139621873564,0.0077777777777778,7.7777777777778e-06,-0.0001496917399651342,0,1,0.31111111111111106
2020-05-26,-0.00995483002992971,0.007777777777777745,7.777777777777745e-06,-0.009962607807707488,0,1,0.29555555555555557
2020-05-27,-0.004692447257097991,0.007777777777777745,7.777777777777745e-06,-0.004700225034875769,0,1,0.31111111111111106
2020-05-28,0.002287554909913575,0.015555555555555545,1.5555555555555545e-05,0.0022719993543580193,0,1,0.27999999999999997
2020-05-29,0.001872181782610367,0.01944444444444446,1.944444444444446e-05,0.0018527373381659225,0,1,0.3188888888888889
2020-06-01,0.0002869917437957147,0.06,6e-05,0.0002269917437957147,0,1,0.1988888888888889
2020-06-02,-0.002283435757717766,0.15944444444444444,0.00015944444444444445,-0.0024428802021622103,0,1,0.12
2020-06-03,0.003754869740892611,0.06055555555555556,6.055555555555556e-05,0.0036943141853370554,0,1,0.2411111111111111
2020-06-04,-0.0024116908370229013,0.06,6e-05,-0.0024716908370229014,0,2,0.2365380787467038
2020-06-05,-0.0010718775689866676,0.08661833876710827,8.661833876710827e-05,-0.0011584959077537758,3,3,0.273312999786788
2020-06-08,0.022515352508912224,0.2485864017679143,0.0002485864017679143,0.02226676610714431,3,3,0.44312406749867794
2020-06-09,-0.01664778632415785,0.023072001523938693,2.3072001523938692e-05,-0.01667085832568179,3,3,0.42804699865537776
2020-06-10,-0.01863787437080853,0.06610494629045391,6.61049462904539e-05,-0.01870397931709898,3,3,0.42000000000000004
2020-06-11,-0.011668443045771464,0.059999999999999984,5.999999999999999e-05,-0.011728443045771463,3,3,0.4110428719324055
2020-06-12,0.01891685582338328,0.07650733538607662,7.650733538607662e-05,0.018840348487997205,3,3,0.3944561733678263
2020-06-15,-0.003631125947211146,0.04601972687534791,4.601972687534791e-05,-0.0036771456740864942,3,3,0.41904066656093053
2020-06-16,0.00323435217246374,0.04418625541783723,4.418625541783723e-05,0.0031901659170459028,3,3,0.46230245143145665
2020-06-17,-0.006248579761351432,0.11461457089473498,0.00011461457089473498,-0.006363194332246167,3,2,0.43942544748066964
2020-06-18,-0.00042553747012888474,0.047737334597131136,4.773733459713114e-05,-0.0004732748047260159,3,2,0.4002192294419382
2020-06-19,-0.0009984827635368754,0.17097303196091332,0.00017097303196091332,-0.0011694557954977888,3,2,0.26402748193205444
2020-06-22,0.00047771541105517024,0.0986804076326939,9.86804076326939e-05,0.00037903500342247634,0,1,0.06666666666666665
2020-06-23,0.0,0.033333333333333326,3.333333333333333e-05,-3.333333333333333e-05,0,0,0.0
2020-06-24,0.00852429312505597,0.06,6e-05,0.00846429312505597,0,1,0.12
2020-06-25,-0.0031131427871720838,0.062222222222222234,6.222222222222223e-05,-0.003175365009394306,1,1,0.24444444444444446
2020-06-26,0.009828397727938344,0.062222222222222234,6.222222222222223e-05,0.009766175505716122,1,1,0.36888888888888893
2020-06-29,-0.01056178678966956,0.057777777777777824,5.7777777777777824e-05,-0.010619564567447339,2,1,0.3517836767817432
2020-06-30,0.006503495761894344,0.11986616350244123,0.00011986616350244122,0.006383629598391903,2,1,0.3111111111111111
2020-07-01,0.006144184102006879,0.06,6e-05,0.006084184102006879,3,1,0.2753634739654378
2020-07-02,0.00262305417395277,0.08739397636668557,8.739397636668558e-05,0.002535660197586084,3,1,0.27905667693772074
2020-07-06,-0.0021306660206814525,0.05812384707671836,5.812384707671836e-05,-0.002188789867758171,3,1,0.22802564413135354
2020-07-07,0.004743466295255577,0.05932456329198664,5.932456329198664e-05,0.004684141731963591,3,1,0.12444444444444436
2020-07-08,-0.0006122109765264133,0.014792715806948978,1.4792715806948977e-05,-0.0006270036923333623,3,1,0.12444444444444436
2020-07-09,0.00026161791889024776,0.0579913927223003,5.79913927223003e-05,0.00020362652616794747,3,0,0.06611111111111112
2020-07-10,0.00041890361219484786,0.02502605831913475,2.502605831913475e-05,0.0003938775538757131,3,0,0.03888888888888886
2020-07-13,-0.000894770286122989,0.03416974459381246,3.416974459381246e-05,-0.0009289400307168016,2,0,0.07777777777777783
2020-07-14,-0.00037675698743847594,0.06,6e-05,-0.00043675698743847593,4,1,0.06385286018850361
2020-07-15,0.0007827385874447435,0.03552921801276594,3.5529218012765946e-05,0.0007472093694319776,3,1,0.12444444444444436
2020-07-16,0.00019841500027505815,0.02593627801722452,2.593627801722452e-05,0.00017247872225783362,3,1,0.10888888888888881
2020-07-17,0.0,0.054444444444444406,5.4444444444444405e-05,-5.4444444444444405e-05,0,0,0.0
2020-07-20,-4.081500080189813e-06,0.007777777777777772,7.777777777777772e-06,-1.1859277857967586e-05,3,3,0.015555555555555543
2020-07-21,-9.029544800223687e-05,0.02837157574579251,2.8371575745792513e-05,-0.00011866702374802939,2,3,0.07000000000000006
2020-07-22,0.0003404666721487328,0.027401091907983486,2.7401091907983486e-05,0.00031306558024074934,2,3,0.046666666666666634
2020-07-23,0.0,0.02333333333333332,2.3333333333333322e-05,-2.3333333333333322e-05,0,0,0.0
2020-07-24,0.00013485178956490604,0.007777777777777773,7.777777777777774e-06,0.00012707401178712826,2,3,0.015555555555555546
2020-07-27,0.0006126187043606998,0.023333333333333317,2.333333333333332e-05,0.0005892853710273664,2,3,0.06222222222222218
2020-07-28,9.988965944779138e-05,0.020838540048906083,2.0838540048906083e-05,7.90511193988853e-05,0,3,0.03111111111111109
2020-07-29,0.0001476904338921463,0.004691995606174219,4.691995606174219e-06,0.00014299843828597208,0,3,0.023333333333333317
2020-07-30,-0.00024348287623840166,0.05999999999999999,5.9999999999999995e-05,-0.00030348287623840165,2,4,0.12846024843919762
2020-07-31,0.00022675872030815007,0.04645234644182096,4.645234644182096e-05,0.0001803063738663291,3,3,0.06112267870599231
2020-08-03,0.0019204218580499447,0.05695531096210291,5.6955310962102916e-05,0.0018634665470878419,3,3,0.15036222956497514
2020-08-04,-8.868771717973471e-05,0.03449258511941237,3.449258511941237e-05,-0.00012318030229914708,3,2,0.2014098309731252
2020-08-05,-0.00033140488919867974,0.08514935993100706,8.514935993100706e-05,-0.0004165542491296868,3,2,0.031111111111111093
2020-08-06,0.0,0.015555555555555546,1.5555555555555548e-05,-1.5555555555555548e-05,0,0,0.0
2020-08-07,0.0,0.0,0.0,0.0,0,0,0.0
2020-08-10,-0.00034797557385789766,0.007777777777777772,7.777777777777772e-06,-0.00035575335163567543,3,3,0.015555555555555545
2020-08-11,-0.0004231241645281628,0.018047340499326922,1.8047340499326924e-05,-0.0004411715050274897,3,3,0.046666666666666634
2020-08-12,-2.8581376694342937e-05,0.011051311962002135,1.1051311962002136e-05,-3.963268865634507e-05,3,3,0.03111111111111109
2020-08-13,0.0004106536012799695,0.01716515748386016,1.716515748386016e-05,0.00039348844379610934,1,2,0.046666666666666634
2020-08-14,0.0,0.023333333333333317,2.333333333333332e-05,-2.333333333333332e-05,0,0,0.0
2020-08-17,-0.0004507365405962631,0.015555555555555546,1.5555555555555548e-05,-0.00046629209615181864,0,2,0.031111111111111093
2020-08-18,-0.0002944051601485199,0.004213431878808706,4.2134318788087055e-06,-0.0002986185920273286,0,2,0.03888888888888886
2020-08-19,2.0265699249788185e-05,0.015555555555555543,1.5555555555555545e-05,4.7101436942326405e-06,0,2,0.007777777777777774
2020-08-20,0.0,0.003888888888888887,3.888888888888887e-06,-3.888888888888887e-06,0,0,0.0
2020-08-21,-0.000637715446017102,0.009722222222222243,9.722222222222243e-06,-0.0006474376682393243,0,1,0.019444444444444486
2020-08-24,0.0007759562088408382,0.021388888888888846,2.1388888888888848e-05,0.0007545673199519494,0,1,0.06222222222222218
2020-08-25,0.0013240113369071048,0.06,6e-05,0.0012640113369071049,1,1,0.18222222222222217
2020-08-26,-0.0005955757088312165,0.04999999999999993,4.9999999999999935e-05,-0.0006455757088312164,1,1,0.08222222222222231
2020-08-27,0.0,0.041111111111111154,4.1111111111111156e-05,-4.1111111111111156e-05,0,0,0.0
2020-08-28,0.00028979609832060024,0.003888888888888886,3.888888888888886e-06,0.00028590720943171135,1,0,0.007777777777777772
2020-08-31,-0.002398937993523428,0.029166666666666674,2.9166666666666673e-05,-0.0024281046601900944,1,0,0.06611111111111112
2020-09-01,-0.0003537663298950046,0.005833333333333357,5.833333333333357e-06,-0.0003595996632283379,1,0,0.07777777777777783
2020-09-02,0.0006488882660302635,0.0155555555555556,1.55555555555556e-05,0.0006333327104747079,1,0,0.046666666666666634
2020-09-03,3.991003494441714e-05,0.015555555555555545,1.5555555555555545e-05,2.4354479388861596e-05,1,0,0.015555555555555545
2020-09-04,0.0023672981505835394,0.06,6e-05,0.0023072981505835393,1,0,0.13555555555555554
2020-09-08,0.0025943273804541343,0.013611111111111074,1.3611111111111074e-05,0.0025807162693430234,1,0,0.10833333333333339
2020-09-09,0.00016381596443313133,0.06,6e-05,0.00010381596443313133,2,0,0.17220189478259423
2020-09-10,-0.0022297988153080852,0.042860198245598946,4.2860198245598946e-05,-0.002272659013553684,2,1,0.2579222912737921
2020-09-11,-0.00029673498029638383,0.09283956060766327,9.283956060766327e-05,-0.0003895745409040471,2,1,0.40919597411068526
2020-09-14,-0.007290004390491489,0.12513197371396229,0.00012513197371396228,-0.0074151363642054515,1,1,0.43333333333333335
2020-09-15,0.0005759127445564939,0.06,6e-05,0.0005159127445564938,1,3,0.49695156708363153
2020-09-16,0.005521178239378501,0.36873557977393834,0.00036873557977393836,0.005152442659604563,1,3,0.8951843937338214
2020-09-17,-0.006448553652227783,0.06533096352556969,6.533096352556969e-05,-0.006513884615753353,2,3,0.9241518853518279
2020-09-18,0.006093567025039982,0.3192063013760661,0.0003192063013760661,0.005774360723663915,3,3,0.9398331896413306
2020-09-21,0.008301106169870103,0.3894866357071046,0.0003894866357071046,0.007911619534162998,3,3,0.7150515143284746
2020-09-22,-0.0039494714555675945,0.23149856894786963,0.00023149856894786962,-0.004180970024515464,3,3,0.5387297558790425
2020-09-23,-0.0001622093074669343,0.10389624180537241,0.0001038962418053724,-0.0002661055492723067,3,3,0.5986141094826579
2020-09-24,0.0018006250852767212,0.14314641230743125,0.00014314641230743125,0.0016574786729692899,2,3,0.6802944534239619
2020-09-25,-0.0007268781998915289,0.07229080727938958,7.229080727938958e-05,-0.0007991690071709186,2,2,0.6398421578990445
2020-09-28,-0.0029816133673115264,0.08888392026567996,8.888392026567995e-05,-0.003070497287577206,2,2,0.46666666666666673
2020-09-29,-3.462573614724596e-06,0.046590269473065014,4.6590269473065016e-05,-5.005284308778961e-05,2,2,0.5337883302169217
2020-09-30,0.0025860424851538947,0.19286471295928156,0.00019286471295928157,0.002393177772194613,2,1,0.7313196932955911
2020-10-01,-0.0002587187814076146,0.20685927391201653,0.00020685927391201654,-0.00046557805531963117,2,0,0.39999999999999997
2020-10-02,0.003350564227653751,0.059999999999999984,5.999999999999999e-05,0.003290564227653751,2,0,0.28
2020-10-05,0.0,0.14,0.00014000000000000001,-0.00014000000000000001,0,0,0.0
2020-10-06,-0.0004740395745431519,0.06,6e-05,-0.0005340395745431519,1,0,0.12
2020-10-07,0.0059225031817804145,0.06083333333333335,6.083333333333335e-05,0.005861669848447081,1,0,0.2416666666666667
2020-10-08,-3.1421585968775044e-05,0.03750000000000003,3.750000000000004e-05,-6.892158596877507e-05,1,0,0.16666666666666663
2020-10-09,-0.002181203119405831,0.060000000000000005,6.000000000000001e-05,-0.0022412031194058313,1,1,0.2866666666666666
2020-10-12,-0.0025444840403792634,0.09124933579432053,9.124933579432052e-05,-0.002635733376173584,1,2,0.4691653382553077
2020-10-13,-0.005609832205719646,0.10758845989104661,0.0001075884598910466,-0.005717420665610692,1,2,0.5560895493308582
2020-10-14,-0.0015898680706129696,0.11681560604219532,0.00011681560604219532,-0.001706683676655165,1,2,0.7897207614152488
2020-10-15,-0.00497633427841851,0.14275536400722666,0.00014275536400722668,-0.005119089642425737,1,2,0.954623952515017
2020-10-16,-0.011418338968048962,0.25795798688186333,0.00025795798688186335,-0.011676296954930826,1,3,0.7535767770249757
2020-10-19,-0.0010076526689308774,0.3200075407330993,0.0003200075407330993,-0.0013276602096639768,3,3,0.5313282958107327
2020-10-20,-0.0028626952648296575,0.2005581171593548,0.0002005581171593548,-0.003063253381989012,3,3,0.6138376191027167
2020-10-21,-0.004863027523617317,0.09656081569505318,9.656081569505318e-05,-0.00495958833931237,2,3,0.5043745465061615
2020-10-22,-0.013821168899997889,0.138020596439913,0.00013802059643991299,-0.013959189496437801,2,3,0.34750889068061563
2020-10-23,0.0017312682772729804,0.07965548746166913,7.965548746166913e-05,0.0016516127898113112,3,3,0.3795231208383
2020-10-26,9.686457653647243e-05,0.06125316610846503,6.125316610846504e-05,3.5611410428007385e-05,3,4,0.40676570244579097
2020-10-27,-0.002279549850366152,0.0735376489260441,7.35376489260441e-05,-0.0023530874992921964,3,3,0.5308931334300893
2020-10-28,-0.0011363766218058385,0.052276111352292376,5.2276111352292376e-05,-0.0011886527331581309,3,4,0.4762004322674362
2020-10-29,-0.0001087013642742708,0.22422327467564637,0.0002242232746756464,-0.0003329246389499172,3,3,0.050000000000000044
2020-10-30,0.0,0.025000000000000022,2.500000000000002e-05,-2.500000000000002e-05,0,0,0.0
2020-11-02,-0.00017557733173539567,0.008333333333333304,8.333333333333303e-06,-0.00018391066506872898,2,3,0.016666666666666607
2020-11-03,-2.533110844912966e-05,0.008678015488179716,8.678015488179716e-06,-3.4009123937309376e-05,3,3,0.016666666666666607
2020-11-04,-9.702665335106688e-05,0.018697326869251376,1.8697326869251376e-05,-0.00011572398022031826,2,3,0.050000000000000044
2020-11-05,3.912810192416034e-05,0.02491357439215451,2.4913574392154513e-05,1.4214527532005824e-05,2,3,0.06666666666666665
2020-11-06,8.347125444555691e-05,0.06,6e-05,2.347125444555691e-05,2,3,0.18348642787698427
2020-11-09,-0.0022241399058718723,0.056918156965146724,5.6918156965146724e-05,-0.002281058062837019,3,3,0.2929236577119742
2020-11-10,-0.0017671789556657365,0.2548342227423026,0.00025483422274230264,-0.0020220131784080392,3,3,0.6395196282109621
2020-11-11,-0.0014198793421925958,0.2930865754319697,0.0002930865754319697,-0.0017129659176245656,3,4,0.983488344617454
2020-11-12,-0.0009277631737337998,0.34380678058394787,0.0003438067805839479,-0.0012715699543177476,3,3,0.7666666666666666
2020-11-13,2.504771632558635e-05,0.1754622497859461,0.0001754622497859461,-0.00015041453346035976,3,3,0.4157421670947744
2020-11-16,0.001096318069458951,0.06155521898439707,6.155521898439708e-05,0.001034762850474554,3,3,0.42157107729312404
2020-11-17,0.0008198653012188857,0.21798408165333877,0.00021798408165333877,0.0006018812195655469,3,2,0.5668295608055502
2020-11-18,0.00021994442755351637,0.07835095459320976,7.835095459320976e-05,0.00014159347296030663,3,2,0.704034700006848
2020-11-19,-0.0011874378823777184,0.23721607380328485,0.00023721607380328485,-0.0014246539561810032,2,2,0.4393345530580236
2020-11-20,0.00045318702282977385,0.04367973500731028,4.3679735007310284e-05,0.00040950728782246354,2,2,0.4239177464677025
2020-11-23,0.005688698640205986,0.17452409490229526,0.00017452409490229526,0.005514174545303691,2,2,0.35783594409728586
2020-11-24,-0.0014043220348030805,0.10326549432717165,0.00010326549432717165,-0.001507587529130252,1,3,0.3074088139493135
2020-11-25,0.0,0.15370440697465676,0.00015370440697465675,-0.00015370440697465675,0,0,0.0
2020-11-27,0.0,0.0,0.0,0.0,0,0,0.0
2020-11-30,0.0,0.0,0.0,0.0,0,0,0.0
2020-12-01,-6.631553225107124e-05,0.003888888888888886,3.888888888888886e-06,-7.020442113996013e-05,0,2,0.007777777777777772
2020-12-02,-0.0006876867143182726,0.01944444444444443,1.9444444444444432e-05,-0.000707131158762717,1,2,0.046666666666666634
2020-12-03,-0.0001755830366589987,0.02340429564222602,2.340429564222602e-05,-0.0001989873323012247,1,2,0.06222222222222218
2020-12-04,-5.971969600694896e-05,0.026921900517738774,2.6921900517738776e-05,-8.664159652468773e-05,1,2,0.015555555555555545
2020-12-07,0.0,0.007777777777777772,7.777777777777772e-06,-7.777777777777772e-06,0,0,0.0
2020-12-08,0.0,0.0,0.0,0.0,0,0,0.0
2020-12-09,-0.00034872345799166564,0.007777777777777772,7.777777777777772e-06,-0.0003565012357694434,1,1,0.015555555555555545
2020-12-10,-0.00019652310353431604,0.007777777777777772,7.777777777777772e-06,-0.0002043008813120938,1,2,0.015555555555555545
2020-12-11,0.0001644871295058614,0.00303204967410784,3.03204967410784e-06,0.00016145507983175356,1,2,0.015555555555555545
2020-12-14,0.0,0.007777777777777772,7.777777777777772e-06,-7.777777777777772e-06,0,0,0.0
2020-12-15,-5.803817303881409e-05,0.007777777777777772,7.777777777777772e-06,-6.581595081659186e-05,1,2,0.015555555555555545
2020-12-16,0.0,0.007777777777777772,7.777777777777772e-06,-7.777777777777772e-06,0,0,0.0
2020-12-17,0.0,0.0,0.0,0.0,0,0,0.0
2020-12-18,0.0,0.0,0.0,0.0,0,0,0.0
2020-12-21,0.0,0.0,0.0,0.0,0,0,0.0
2020-12-22,0.0,0.0,0.0,0.0,0,0,0.0
2020-12-23,-3.413741822814508e-05,0.023333333333333317,2.333333333333332e-05,-5.747075156147839e-05,1,3,0.046666666666666634
2020-12-24,0.0001553541044039785,0.03111111111111109,3.111111111111109e-05,0.0001242429932928674,1,3,0.10888888888888881
2020-12-28,0.00021903881171113316,0.03888888888888886,3.8888888888888864e-05,0.0001801499228222443,1,2,0.03111111111111109
2020-12-29,-1.153385391027116e-05,0.011883792367793206,1.1883792367793206e-05,-2.3417646278064366e-05,1,1,0.03111111111111109
2020-12-30,0.00024329302264191523,0.03111111111111109,3.111111111111109e-05,0.00021218191153080413,1,1,0.09333333333333327
2020-12-31,0.00021696673601545775,0.015555555555555545,1.5555555555555545e-05,0.0002014111804599022,1,1,0.06222222222222218
2021-01-04,-7.471304132901412e-05,0.015555555555555545,1.5555555555555545e-05,-9.026859688456967e-05,1,1,0.03111111111111109
2021-01-05,-2.0786882422881355e-05,0.007777777777777772,7.777777777777772e-06,-2.856466020065913e-05,1,1,0.015555555555555545
2021-01-06,0.0010865545256076882,0.025277777777777788,2.527777777777779e-05,0.0010612767478299105,1,0,0.050555555555555576
2021-01-07,0.0,0.025277777777777788,2.527777777777779e-05,-2.527777777777779e-05,0,0,0.0
2021-01-08,0.0,0.0,0.0,0.0,0,0,0.0
2021-01-11,0.0,0.0,0.0,0.0,0,0,0.0
2021-01-12,0.0,0.0,0.0,0.0,0,0,0.0
2021-01-13,-1.509982696725785e-05,0.007777777777777772,7.777777777777772e-06,-2.2877604745035622e-05,3,2,0.015555555555555545
2021-01-14,0.0,0.007777777777777772,7.777777777777772e-06,-7.777777777777772e-06,0,0,0.0
2021-01-15,3.353748365913297e-05,0.007777777777777772,7.777777777777772e-06,2.5759705881355194e-05,3,3,0.015555555555555545
2021-01-19,2.8187535495654004e-05,0.002870178813053106,2.8701788130531058e-06,2.5317356682600896e-05,3,3,0.015555555555555545
2021-01-20,0.00015922935840278246,0.03232818117598606,3.232818117598606e-05,0.0001269011772267964,3,3,0.07777777777777772
2021-01-21,-0.00023613690845793734,0.02030040461954884,2.030040461954884e-05,-0.0002564373130774862,3,3,0.06222222222222218
2021-01-22,0.00018327017790260123,0.02595909573787982,2.5959095737879823e-05,0.0001573110821647214,1,3,0.031111111111111093
2021-01-25,-0.0002667080020737058,0.004687522464442432,4.687522464442432e-06,-0.0002713955245381482,1,3,0.03111111111111109
2021-01-26,-0.00036220294912517315,0.06,6e-05,-0.00042220294912517314,2,3,0.12111111111111107
2021-01-27,-0.00028379848466308206,0.05843812262557521,5.843812262557521e-05,-0.0003422366072886573,2,5,0.11560732393455288
2021-01-28,0.0005877577947737359,0.045592154651182354,4.5592154651182356e-05,0.0005421656401225535,3,3,0.09333333333333327
2021-01-29,-0.00011174236580811103,0.02166666666666661,2.166666666666661e-05,-0.00013340903247477764,3,3,0.05000000000000005
2021-02-01,-0.0008664009279314875,0.0437964189576668,4.3796418957666796e-05,-0.0009101973468891543,3,3,0.1333333333333333
2021-02-02,0.0008296940889005373,0.06,6e-05,0.0007696940889005372,3,3,0.11925421586253898
2021-02-03,0.0002876252962616824,0.05073149010487256,5.073149010487256e-05,0.00023689380615680986,3,2,0.03111111111111109
2021-02-04,0.0,0.015555555555555545,1.5555555555555545e-05,-1.5555555555555545e-05,0,0,0.0
2021-02-05,0.0,0.0,0.0,0.0,0,0,0.0
2021-02-08,0.0,0.0,0.0,0.0,0,0,0.0
2021-02-09,0.0,0.0,0.0,0.0,0,0,0.0
2021-02-10,0.0,0.0,0.0,0.0,0,0,0.0
2021-02-11,0.0,0.0,0.0,0.0,0,0,0.0
2021-02-12,0.0,0.0,0.0,0.0,0,0,0.0
2021-02-16,1.3101732297661138e-05,0.003888888888888886,3.888888888888886e-06,9.212843408772251e-06,0,2,0.007777777777777772
2021-02-17,0.0,0.003888888888888886,3.888888888888886e-06,-3.888888888888886e-06,0,0,0.0
2021-02-18,0.0,0.0,0.0,0.0,0,0,0.0
2021-02-19,0.0,0.0,0.0,0.0,0,0,0.0
2021-02-22,2.967673989677243e-05,0.003888888888888886,3.888888888888886e-06,2.5787851007883542e-05,0,3,0.007777777777777772
2021-02-23,0.00025381166552599537,0.022369596051858003,2.2369596051858002e-05,0.00023144206947413738,1,2,0.04666666666666663
2021-02-24,0.0,0.023333333333333314,2.3333333333333315e-05,-2.3333333333333315e-05,0,0,0.0
2021-02-25,0.0,0.0,0.0,0.0,0,0,0.0
2021-02-26,0.0,0.0,0.0,0.0,0,0,0.0
2021-03-01,-2.413262891897284e-05,0.007777777777777772,7.777777777777772e-06,-3.1910406696750615e-05,2,1,0.015555555555555545
2021-03-02,7.994018131535791e-05,0.01366241140091485,1.366241140091485e-05,6.627776991444306e-05,2,2,0.03111111111111109
2021-03-03,0.0018182261300281346,0.047520024288632806,4.7520024288632804e-05,0.0017707061057395017,2,2,0.10888888888888881
2021-03-04,-0.0021148034100784015,0.06,6e-05,-0.0021748034100784017,3,2,0.13519493080347256
2021-03-05,-0.0017159382163091513,0.02795464108377986,2.795464108377986e-05,-0.001743892857392931,3,1,0.09333333333333327
2021-03-08,-0.0003099561849329468,0.04224900513882131,4.224900513882131e-05,-0.0003522051900717681,3,3,0.031111111111111093
2021-03-09,0.0,0.015555555555555546,1.5555555555555548e-05,-1.5555555555555548e-05,0,0,0.0
2021-03-10,0.00011913447517350974,0.007777777777777772,7.777777777777772e-06,0.00011135669739573197,2,3,0.015555555555555546
2021-03-11,4.007857149070787e-06,0.009978187319401487,9.978187319401488e-06,-5.9703301703307005e-06,1,3,0.03111111111111109
2021-03-12,-0.0005737103499312332,0.0015135580299996299,1.5135580299996299e-06,-0.0005752239079612329,1,3,0.03111111111111109
2021-03-15,0.0,0.015555555555555545,1.5555555555555545e-05,-1.5555555555555545e-05,0,0,0.0
2021-03-16,-0.00010348196312217478,0.015555555555555546,1.5555555555555548e-05,-0.00011903751867773033,2,3,0.03111111111111109
2021-03-17,0.00024183034334410874,0.0147339148354528,1.47339148354528e-05,0.00022709642850865595,2,3,0.046666666666666634
2021-03-18,-0.0005571130762350733,0.03453193018956227,3.453193018956227e-05,-0.0005916450064246356,1,3,0.062222222222222186
2021-03-19,-0.0006522477728309971,0.05999999999999999,5.9999999999999995e-05,-0.0007122477728309972,2,3,0.09200912634886257
2021-03-22,-0.000313032147959508,0.06019607680871414,6.019607680871414e-05,-0.0003732282247682221,3,3,0.17907669600052942
2021-03-23,-0.0025714296416088243,0.06885187453977182,6.885187453977181e-05,-0.002640281516148596,3,3,0.2805760498205714
2021-03-24,-0.0002529529648678809,0.1242677248155285,0.00012426772481552851,-0.0003772206896834094,3,3,0.23333333333333317
2021-03-25,0.001637081341061366,0.06467276987284236,6.467276987284236e-05,0.0015724085711885237,3,3,0.3503705380139572
2021-03-26,0.001498927227871918,0.021731399523245164,2.1731399523245164e-05,0.001477195828348673,3,3,0.3783682629332442
2021-03-29,-0.0014875320484622682,0.07499484792576358,7.499484792576359e-05,-0.0015625268963880318,3,3,0.37299220309136355
2021-03-30,0.002072760181054392,0.03971721313823397,3.971721313823397e-05,0.002033042967916158,3,3,0.3545022909315474
2021-03-31,-0.000535557412309351,0.06934914951537766,6.934914951537766e-05,-0.0006049065618247287,2,2,0.23333333333333317
2021-04-01,-0.0014015077417221366,0.059999999999999984,5.999999999999999e-05,-0.0014615077417221365,2,2,0.28423214805544106
2021-04-05,-0.0011331531205726196,0.04443448899560387,4.443448899560387e-05,-0.0011775876095682235,2,2,0.35732951576052835
2021-04-06,0.0005864174085751069,0.049340859698366504,4.93408596983665e-05,0.0005370765488767404,2,2,0.3145987851942164
2021-04-07,4.595767262115442e-05,0.02871997963826105,2.8719979638261053e-05,1.7237692982893367e-05,2,2,0.31334714128060964
2021-04-08,-0.002833719263569854,0.11167449906307782,0.00011167449906307783,-0.0029453937626329318,1,1,0.37777777777777766
2021-04-09,0.00402547946807747,0.07611111111111107,7.611111111111108e-05,0.003949368356966359,1,0,0.2255555555555555
2021-04-12,-0.0007794204303241782,0.0,0.0,-0.0007794204303241782,1,0,0.2255555555555555
2021-04-13,-0.0010856468815732732,0.0077777777777778,7.7777777777778e-06,-0.001093424659351051,1,0,0.2411111111111111
2021-04-14,0.0012347187021096023,0.009722222222222243,9.722222222222243e-06,0.0012249964798873802,1,0,0.22166666666666662
2021-04-15,0.00022305721162100227,0.009722222222222215,9.722222222222216e-06,0.00021333498939878006,1,0,0.2022222222222222
2021-04-16,-0.00038765738024012017,0.060000000000000005,6.000000000000001e-05,-0.00044765738024012017,1,0,0.08222222222222218
2021-04-19,0.0,0.04111111111111109,4.1111111111111095e-05,-4.1111111111111095e-05,0,0,0.0
2021-04-20,0.0,0.0,0.0,0.0,0,0,0.0
2021-04-21,-0.002224864061541097,0.034999999999999976,3.4999999999999977e-05,-0.0022598640615410968,0,3,0.06999999999999995
2021-04-22,0.0019285444357893754,0.06,6e-05,0.0018685444357893755,2,3,0.18999999999999995
2021-04-23,-0.0010226863975027337,0.0421276188418227,4.21276188418227e-05,-0.0010648140163445564,3,3,0.26688277122856907
2021-04-26,-0.005375564760525733,0.062306353654076815,6.230635365407682e-05,-0.00543787111417981,3,3,0.28
2021-04-27,0.0023672853834211683,0.019955854906555586,1.9955854906555586e-05,0.0023473295285146127,3,3,0.28
2021-04-28,0.00043543579806590136,0.059999999999999984,5.999999999999999e-05,0.00037543579806590137,3,3,0.29150095482344035
2021-04-29,-0.0009530094239298189,0.06310647786693763,6.310647786693763e-05,-0.0010161159017967566,3,3,0.2644444444444445
2021-04-30,-0.0017071975944748432,0.060000000000000005,6.000000000000001e-05,-0.0017671975944748431,3,3,0.1865384832989536
2021-05-03,0.00047631515606711544,0.062158130538365705,6.21581305383657e-05,0.00041415702552874975,3,3,0.062222222222222186
2021-05-04,0.0030015758158179234,0.059607743541059674,5.9607743541059676e-05,0.002941968072276864,3,3,0.1711111111111112
2021-05-05,-0.0006940346506884092,0.053920492522166553,5.392049252216656e-05,-0.0007479551432105758,3,2,0.1399999999999999
2021-05-06,0.00024850545142309015,0.04834385071553685,4.8343850715536855e-05,0.00020016160070755328,1,1,0.054444444444444295
2021-05-07,0.0,0.027222222222222148,2.722222222222215e-05,-2.722222222222215e-05,0,0,0.0
2021-05-10,0.0,0.0,0.0,0.0,0,0,0.0
2021-05-11,-0.0016360530237852632,0.03111111111111109,3.111111111111109e-05,-0.0016671641348963743,1,0,0.06222222222222218
2021-05-12,-0.0029438740258916417,0.04046432088257884,4.046432088257884e-05,-0.0029843383467742205,2,0,0.06222222222222217
2021-05-13,0.0017041738247590302,0.014274125753990907,1.4274125753990907e-05,0.0016898996990050393,2,0,0.054444444444444406
2021-05-14,0.0002704517600152689,0.025135020291616558,2.5135020291616558e-05,0.0002453167397236523,2,0,0.015555555555555545
2021-05-17,-0.0007452408145795688,0.05999999999999999,5.9999999999999995e-05,-0.0008052408145795688,3,1,0.1355555555555555
2021-05-18,-0.0008556042381830122,0.03166666666666662,3.166666666666662e-05,-0.0008872709048496788,3,1,0.19888888888888875
2021-05-19,3.800055269424164e-05,0.09166666666666662,9.166666666666663e-05,-5.366611397242499e-05,3,1,0.015555555555555545
2021-05-20,-0.0001927672624994653,0.060000000000000005,6.000000000000001e-05,-0.0002527672624994653,3,1,0.1316515270042498
2021-05-21,0.002632785541626781,0.0602853476089862,6.02853476089862e-05,0.002572500194017795,3,1,0.25222222222222224
2021-05-24,0.005931603557201896,0.1454975446904569,0.0001454975446904569,0.005786106012511439,3,1,0.543217311603136
2021-05-25,-0.011636666773666749,0.06620261842940578,6.620261842940578e-05,-0.011702869392096155,3,1,0.5865387564101592
2021-05-26,-0.001299182764895314,0.14394897564350193,0.00014394897564350194,-0.0014431317405388159,2,1,0.3933333333333333
2021-05-27,-0.0012518158820655572,0.11888888888888882,0.00011888888888888882,-0.001370704770954446,1,1,0.15555555555555567
2021-05-28,-0.0014614835995433798,0.015555555555555656,1.5555555555555657e-05,-0.0014770391550989353,1,1,0.12444444444444436
2021-06-01,4.568982444438346e-05,0.05638888888888882,5.638888888888882e-05,-1.0699064444505363e-05,0,1,0.011666666666666714
2021-06-02,1.2331181778319284e-05,0.007777777777777772,7.777777777777772e-06,4.553404000541512e-06,0,1,0.0038888888888888307
2021-06-03,0.0,0.0019444444444444153,1.9444444444444156e-06,-1.9444444444444156e-06,0,0,0.0
2021-06-04,0.0,0.0,0.0,0.0,0,0,0.0
2021-06-07,-1.2984159127428546e-05,0.007777777777777772,7.777777777777772e-06,-2.0761936905206317e-05,1,2,0.015555555555555545
2021-06-08,0.0,0.007777777777777772,7.777777777777772e-06,-7.777777777777772e-06,0,0,0.0
2021-06-09,3.6201488325800706e-06,0.007777777777777773,7.777777777777774e-06,-4.1576289451977035e-06,2,3,0.015555555555555546
2021-06-10,0.0,0.007777777777777773,7.777777777777774e-06,-7.777777777777774e-06,0,0,0.0
2021-06-11,1.750116176294235e-05,0.0038888888888888307,3.888888888888831e-06,1.3612272874053519e-05,2,3,0.007777777777777661
2021-06-14,0.0,0.0038888888888888307,3.888888888888831e-06,-3.888888888888831e-06,0,0,0.0
2021-06-15,0.0,0.0,0.0,0.0,0,0,0.0
2021-06-16,0.0,0.0,0.0,0.0,0,0,0.0
2021-06-17,0.0,0.0,0.0,0.0,0,0,0.0
2021-06-18,0.0,0.0,0.0,0.0,0,0,0.0
2021-06-21,-2.696261453281128e-05,0.015555555555555545,1.5555555555555545e-05,-4.251817008836683e-05,2,1,0.03111111111111109
2021-06-22,0.00016971392937251001,0.01570854168947677,1.570854168947677e-05,0.00015400538768303325,1,0,0.015555555555555545
2021-06-23,0.0,0.007777777777777772,7.777777777777772e-06,-7.777777777777772e-06,0,0,0.0
2021-06-24,-2.680283626306162e-05,0.003888888888888886,3.888888888888886e-06,-3.0691725151950506e-05,2,0,0.007777777777777772
2021-06-25,0.0,0.003888888888888886,3.888888888888886e-06,-3.888888888888886e-06,0,0,0.0
2021-06-28,0.0,0.0,0.0,0.0,0,0,0.0
2021-06-29,0.0,0.0,0.0,0.0,0,0,0.0
2021-06-30,-0.00027118320077797837,0.03888888888888886,3.8888888888888864e-05,-0.00031007208966686724,1,1,0.07777777777777772
2021-07-01,0.00021133504150001444,0.03207574279065803,3.207574279065803e-05,0.0001792592987093564,2,1,0.07777777777777772
2021-07-02,-3.16131815370357e-06,0.019324272778207505,1.9324272778207506e-05,-2.2485590931911076e-05,2,1,0.046666666666666634
2021-07-06,8.155224390986374e-05,0.015555555555555541,1.555555555555554e-05,6.59966883543082e-05,2,1,0.015555555555555546
2021-07-07,0.0003455382120992921,0.0069932646075098375,6.993264607509837e-06,0.0003385449474917823,3,1,0.015555555555555545
2021-07-08,-0.0024674432381966436,0.06,6e-05,-0.0025274432381966437,3,2,0.13555555555555554
2021-07-09,0.0002801956459947294,0.059251709518551264,5.9251709518551265e-05,0.00022094393647617813,3,3,0.20750068575414807
2021-07-12,-0.0007351129121352022,0.03911978666104393,3.911978666104393e-05,-0.0007742326987962462,3,3,0.18666666666666656
2021-07-13,0.0005025604433583257,0.060000000000000005,6.000000000000001e-05,0.00044256044335832574,3,3,0.06666666666666654
2021-07-14,0.00047108125721838324,0.04409104317397394,4.4091043173973946e-05,0.0004269902140444093,3,2,0.09333333333333328
2021-07-15,0.0,0.046666666666666634,4.666666666666664e-05,-4.666666666666664e-05,0,0,0.0
2021-07-16,0.0014629875364302763,0.06,6e-05,0.0014029875364302764,3,2,0.12
2021-07-19,-0.0002711038843616095,0.07230652875483265,7.230652875483265e-05,-0.00034341041311644214,3,2,0.25032733884285946
2021-07-20,0.00011863961238527771,0.05929900746268056,5.929900746268056e-05,5.934060492259715e-05,2,2,0.2860216680594496
2021-07-21,-0.0018190392801727111,0.0630108340297248,6.30108340297248e-05,-0.0018820501142024358,4,2,0.17127155268341646
2021-07-22,-0.0008561754657935958,0.07165346444598385,7.165346444598384e-05,-0.0009278289302395796,3,2,0.15333333333333343
2021-07-23,1.7092126147111872e-05,0.08680501819512593,8.680501819512593e-05,-6.971289204801406e-05,3,3,0.3269433697235853
2021-07-26,0.0010031255875984845,0.1383072885992228,0.0001383072885992228,0.0008648182989992617,3,3,0.3625592067347121
2021-07-27,5.335917420682123e-05,0.10775457837703592,0.00010775457837703592,-5.439540417021469e-05,3,1,0.2644444444444445
2021-07-28,-0.0010698263355039851,0.060000000000000005,6.000000000000001e-05,-0.001129826335503985,3,3,0.25151577272694736
2021-07-29,0.0009146025589379396,0.05704084792315606,5.7040847923156055e-05,0.0008575617110147836,3,3,0.2403789774103554
2021-07-30,-0.00018838194051401695,0.05380415749545935,5.380415749545935e-05,-0.0002421860980094763,3,3,0.22659292241060908
2021-08-02,7.384308834915452e-05,0.07019745594792272,7.019745594792272e-05,3.645632401231801e-06,3,3,0.08619801051476364
2021-08-03,5.117335797343287e-05,0.03532122747960405,3.532122747960405e-05,1.585213049382882e-05,3,3,0.015555555555555545
2021-08-04,0.0009232082939899898,0.05999999999999999,5.9999999999999995e-05,0.0008632082939899898,3,3,0.1337458947686907
2021-08-05,-0.00363454398423631,0.11212576712906086,0.00011212576712906086,-0.003746669751365371,1,3,0.3559622245400075
2021-08-06,-0.0006038682356591734,0.11209299844162109,0.00011209299844162108,-0.0007159612341007945,3,3,0.5398342910588823
2021-08-09,-0.0010991184994509524,0.22858285075754065,0.00022858285075754066,-0.001327701350208493,3,3,0.5941586902362359
2021-08-10,0.0027761095285699254,0.267977970395951,0.000267977970395951,0.0025081315581739743,3,2,0.656475495145308
2021-08-11,-0.0006402318942846841,0.17703541357304742,0.00017703541357304742,-0.0008172673078577315,3,2,0.71349320232486
2021-08-12,-0.0008493823328260682,0.07686363005484703,7.686363005484704e-05,-0.0009262459628809152,3,2,0.7159692617001437
2021-08-13,-0.005346749955363444,0.29073718881805377,0.00029073718881805375,-0.005637487144181498,3,0,0.3301516226519251
2021-08-16,-0.0005481471576754041,0.09548992321454405,9.548992321454406e-05,-0.0006436370808899481,2,0,0.33055555555555555
2021-08-17,-0.009138813782963827,0.017499999999999988,1.7499999999999988e-05,-0.009156313782963827,2,0,0.3655555555555555
2021-08-18,-0.0022781090445677466,0.06,6e-05,-0.0023381090445677467,2,0,0.37559279197697837
2021-08-19,-0.006221835726041109,0.13328815954482975,0.00013328815954482976,-0.0063551238855859395,2,1,0.43270554351749296
2021-08-20,-0.0021734544744284124,0.16909116930806584,0.00016909116930806584,-0.0023425456437364783,2,1,0.42166666666666675
2021-08-23,-0.00039278450332398603,0.19,0.00019,-0.000582784503323986,0,1,0.04166666666666674
2021-08-24,-5.41583785598782e-05,0.06,6e-05,-0.0001141583785598782,0,1,0.16166666666666674
2021-08-25,-0.001109786383978505,0.07916666666666666,7.916666666666666e-05,-0.0011889530506451716,3,1,0.32000000000000006
2021-08-26,-0.003926051767228071,0.28386472134722385,0.00028386472134722386,-0.004209916488575295,3,2,0.8877294426944478
2021-08-27,0.0003128168499817081,0.3292483457459725,0.0003292483457459725,-1.6431495764264404e-05,3,2,0.6611227388993134
2021-08-30,-0.009472023591729987,0.16644123020612858,0.00016644123020612857,-0.009638464821936116,3,2,0.46961142516770715
2021-08-31,0.00513991311996152,0.08569032274419804,8.569032274419804e-05,0.005054222797217322,3,2,0.4229405825467033
2021-09-01,-0.001532193080068845,0.06890802131033774,6.890802131033774e-05,-0.0016011011013791828,3,3,0.4837903074855766
2021-09-02,-0.002983867403511283,0.08862420923128958,8.862420923128959e-05,-0.0030724916127425725,3,3,0.4622367923015318
2021-09-03,-0.0022914762316908733,0.14998107091851817,0.00014998107091851817,-0.0024414573026093913,3,3,0.5414550019648987
2021-09-07,0.0031567449388648673,0.10265497806969519,0.00010265497806969519,0.003054089960795172,3,3,0.6300977252819936
2021-09-08,0.0007019451466942553,0.260733964006801,0.000260733964006801,0.0004412111826874543,3,3,0.5009569658404674
2021-09-09,0.014770885315473528,0.21344958944362316,0.00021344958944362317,0.014557435726029905,3,3,0.5607750354226362
2021-09-10,-0.01137750751750518,0.15407377090411128,0.00015407377090411129,-0.01153158128840929,3,4,0.5255553223584691
2021-09-13,0.006208151991511958,0.24776471509093034,0.00024776471509093035,0.005960387276421028,3,3,0.44666666666666666
2021-09-14,0.00020638319195283837,0.09999999999999998,9.999999999999998e-05,0.00010638319195283839,3,3,0.24666666666666673
2021-09-15,-0.0007484261120438685,0.05639752117777805,5.639752117777805e-05,-0.0008048236332216465,3,3,0.22465614463073233
2021-09-16,0.00253999073304265,0.05220170540572442,5.2201705405724424e-05,0.0024877890276369255,2,3,0.2621223764255033
2021-09-17,0.00012793918273541397,0.0502369553644547,5.0236955364454707e-05,7.770222737095927e-05,2,3,0.1616484656965939
2021-09-20,0.0017345030057781914,0.04322556196892524,4.3225561968925246e-05,0.0016912774438092662,2,2,0.09333333333333327
2021-09-21,-0.0007731729658021855,0.025107072967955113,2.5107072967955112e-05,-0.0007982800387701407,2,2,0.13333333333333333
2021-09-22,0.00016633529298399642,0.06,6e-05,0.00010633529298399643,2,2,0.013333333333333329
2021-09-23,0.00023046122974489187,0.006054498951259692,6.054498951259692e-06,0.00022440673079363217,2,3,0.016666666666666607
2021-09-24,6.700805205315084e-05,0.011066178004170323,1.1066178004170323e-05,5.594187404898052e-05,2,3,0.03111111111111109
2021-09-27,0.0,0.015555555555555545,1.5555555555555545e-05,-1.5555555555555545e-05,0,0,0.0
2021-09-28,0.0,0.0,0.0,0.0,0,0,0.0
2021-09-29,0.0,0.0,0.0,0.0,0,0,0.0
2021-09-30,0.00012008474880104345,0.003888888888888886,3.888888888888886e-06,0.00011619585991215457,0,2,0.007777777777777772
2021-10-01,-0.00030357200627383974,0.005828532061109594,5.828532061109594e-06,-0.00030940053833494936,0,2,0.015555555555555543
2021-10-04,3.9631899801515985e-05,0.027910353386682706,2.7910353386682705e-05,1.172154641483328e-05,1,3,0.046666666666666634
2021-10-05,5.887707479135814e-05,0.02489012817327696,2.489012817327696e-05,3.398694661808117e-05,3,3,0.015555555555555543
2021-10-06,0.0,0.0077777777777777715,7.777777777777772e-06,-7.777777777777772e-06,0,0,0.0
2021-10-07,0.0,0.0,0.0,0.0,0,0,0.0
2021-10-08,0.00012614447392199162,0.015555555555555545,1.5555555555555545e-05,0.00011058891836643607,3,2,0.03111111111111109
2021-10-11,-3.7826759189231094e-05,0.012924632767129723,1.2924632767129723e-05,-5.0751391956360817e-05,3,3,0.015555555555555543
2021-10-12,-5.219867820479727e-05,0.005784703328631643,5.7847033286316436e-06,-5.798338153342892e-05,3,3,0.015555555555555545
2021-10-13,0.0,0.007777777777777772,7.777777777777772e-06,-7.777777777777772e-06,0,0,0.0
2021-10-14,1.5106781735652435e-05,0.007777777777777772,7.777777777777772e-06,7.329003957874663e-06,3,3,0.015555555555555545
2021-10-15,-8.436873120090888e-05,0.007777777777777772,7.777777777777772e-06,-9.214650897868665e-05,3,3,0.031111111111111093
2021-10-18,0.0,0.015555555555555545,1.5555555555555545e-05,-1.5555555555555545e-05,0,0,0.0
2021-10-19,0.0,0.0,0.0,0.0,0,0,0.0
2021-10-20,-8.199476317998663e-05,0.0077777777777777715,7.777777777777772e-06,-8.97725409577644e-05,2,3,0.015555555555555543
2021-10-21,0.0,0.0077777777777777715,7.777777777777772e-06,-7.777777777777772e-06,0,0,0.0
2021-10-22,0.0,0.0,0.0,0.0,0,0,0.0
2021-10-25,-0.00040484685569432474,0.023333333333333317,2.333333333333332e-05,-0.00042818018902765807,3,2,0.046666666666666634
2021-10-26,-1.495168871453724e-05,0.015555555555555543,1.5555555555555545e-05,-3.0507244270092785e-05,3,2,0.015555555555555545
2021-10-27,0.0,0.007777777777777772,7.777777777777772e-06,-7.777777777777772e-06,0,0,0.0
2021-10-28,0.0,0.0,0.0,0.0,0,0,0.0
2021-10-29,-0.0004607940966915498,0.054444444444444406,5.4444444444444405e-05,-0.0005152385411359942,3,2,0.10888888888888881
2021-11-01,-0.002346292390399743,0.04183590769344681,4.1835907693446815e-05,-0.00238812829809319,3,2,0.1399999999999999
2021-11-02,0.0001441355394089249,0.04862926690106738,4.862926690106738e-05,9.550627250785752e-05,3,3,0.12444444444444436
2021-11-03,-0.0010695603975633973,0.02587211609534308,2.5872116095343082e-05,-0.0010954325136587405,3,3,0.09333333333333325
2021-11-04,-0.0001953022958949553,0.03009428711511729,3.0094287115117292e-05,-0.0002253965830100726,2,3,0.09333333333333327
2021-11-05,-0.00015420927375853644,0.06,6e-05,-0.00021420927375853644,2,3,0.19062576586280428
2021-11-08,0.0007187602499776135,0.07847545214562646,7.847545214562646e-05,0.0006402847978319871,3,3,0.32308658169425003
2021-11-09,-0.0003872336184823675,0.1053079131314977,0.0001053079131314977,-0.0004925415316138652,3,3,0.32958706856816866
2021-11-10,-0.0014533024564028377,0.10921670512006598,0.00010921670512006598,-0.0015625191615229036,2,1,0.2397485754397098
2021-11-11,0.0007043235134400879,0.06320762105318832,6.320762105318832e-05,0.0006411158923868997,2,1,0.11333333333333317
2021-11-12,-0.0024085202144428232,0.050000000000000044,5.000000000000004e-05,-0.0024585202144428234,2,1,0.21333333333333326
2021-11-15,0.001968368111007521,0.05313044145749202,5.3130441457492016e-05,0.001915237669550029,2,2,0.3041417832283262
2021-11-16,-0.000880024040848033,0.1212866259414166,0.00012128662594141661,-0.0010013106667894497,2,2,0.35614912443338487
2021-11-17,-0.001330018639591458,0.022819229080501435,2.2819229080501435e-05,-0.0013528378686719594,2,1,0.38888888888888884
2021-11-18,-0.002178273220977659,0.06,6e-05,-0.002238273220977659,2,2,0.3794339380609989
2021-11-19,-0.001840258380599714,0.13514715636833147,0.00013514715636833146,-0.0019754055369680455,2,3,0.4103267773658268
2021-11-22,0.0021012000752965044,0.09675096069393416,9.675096069393416e-05,0.00200444911460257,3,3,0.49169895859520135
2021-11-23,-0.0013149293457950214,0.28500446849053884,0.00028500446849053884,-0.0015999338142855602,2,3,0.5237883243177279
2021-11-24,0.001988456109217207,0.042564829524978066,4.256482952497807e-05,0.0019458912796922287,1,3,0.4555555555555555
2021-11-26,0.0044584663947008375,0.08735776844631465,8.735776844631466e-05,0.0043711086262545225,1,3,0.34791715712374494
2021-11-29,-0.002416006967521547,0.03862944891619621,3.8629448916196214e-05,-0.0024546364164377433,1,3,0.39199321536704235
2021-11-30,0.0011323476655176932,0.05377438546129899,5.377438546129899e-05,0.001078573280056394,1,3,0.2844444444444444
2021-12-01,7.279347095827903e-05,0.10849119190329524,0.00010849119190329524,-3.569772094501622e-05,1,2,0.09166666666666679
2021-12-02,-0.00013587461823831107,0.05132404009574114,5.132404009574114e-05,-0.00018719865833405222,2,3,0.016666666666666604
2021-12-03,0.0,0.008333333333333302,8.333333333333302e-06,-8.333333333333302e-06,0,0,0.0
2021-12-06,-0.00028055144370715997,0.01666666666666672,1.6666666666666718e-05,-0.0002972181103738267,3,3,0.03333333333333344
2021-12-07,-0.00024103915824414906,0.015045611120977163,1.5045611120977163e-05,-0.00025608476936512625,3,3,0.016666666666666607
2021-12-08,0.0013125324522849345,0.03728618514004438,3.7286185140044376e-05,0.00127524626714489,3,2,0.08333333333333348
2021-12-09,-0.000541787465926781,0.06000000000000001,6.0000000000000015e-05,-0.0006017874659267811,3,2,0.1979476320303739
2021-12-10,3.685099106123818e-05,0.058506607422055115,5.850660742205512e-05,-2.165561636081694e-05,3,2,0.26920286167838803
2021-12-13,0.00390987513130417,0.12435712585417634,0.00012435712585417635,0.0037855180054499936,3,1,0.27190572765303267
2021-12-14,0.0015092669049384983,0.049047136173483656,4.9047136173483656e-05,0.0014602197687650146,3,1,0.37
2021-12-15,0.0010065726699938862,0.07563265295401636,7.563265295401636e-05,0.0009309400170398698,3,1,0.5117077158884134
2021-12-16,0.0018154688536180842,0.11509126826475274,0.00011509126826475275,0.0017003775853533314,3,1,0.2815251793589079
2021-12-17,-0.0013461396930146028,0.09610993285996806,9.610993285996806e-05,-0.001442249625874571,3,0,0.23250000000000004
2021-12-20,-0.0006979788309371181,0.05162521628946232,5.162521628946232e-05,-0.0007496040472265804,3,2,0.32579050294528944
2021-12-21,0.005214512677755773,0.07824226356245276,7.824226356245276e-05,0.0051362704141933195,3,3,0.3742306761689607
2021-12-22,0.001168271840172596,0.13223789504987665,0.00013223789504987666,0.0010360339451227192,2,3,0.24571419801860447
2021-12-23,-0.001767201220086324,0.11968889075629555,0.00011968889075629554,-0.0018868901108426196,2,3,0.18932624997927597
2021-12-27,-0.0027866427170038545,0.08668425704709748,8.668425704709749e-05,-0.002873326974050952,0,3,0.2907797643221591
2021-12-28,-0.0011997360652208524,0.03833102438216382,3.833102438216382e-05,-0.0012380670896030162,0,3,0.3674418130864867
2021-12-29,-0.0018198581941461728,0.05839530385608162,5.839530385608162e-05,-0.0018782534980022545,0,3,0.33695518252084156
2021-12-30,0.0017934742032523134,0.05122716134901011,5.122716134901012e-05,0.0017422470419033032,0,3,0.3150821959324111
2021-12-31,-0.002681037398178139,0.03711861040485275,3.7118610404852755e-05,-0.0027181560085829917,0,3,0.30333333333333334
2022-01-03,0.0039057480142424394,0.03495770889678172,3.495770889678172e-05,0.003870790305345658,0,3,0.29555555555555557
2022-01-04,-0.0020253474280447397,0.06,6e-05,-0.00208534742804474,2,3,0.3923987442374616
2022-01-05,-0.004916022245941615,0.1789229366055189,0.0001789229366055189,-0.005094945182547134,2,3,0.652355982837712
2022-01-06,-0.001834631505077315,0.24163114015372156,0.00024163114015372157,-0.0020762626452310367,3,1,0.3595178988153785
2022-01-07,0.012211495818051674,0.3438980096122604,0.0003438980096122604,0.011867597808439413,3,2,0.5495194754916316
2022-01-10,-0.004862908965723125,0.2706779946618002,0.00027067799466180023,-0.005133586960384925,3,2,0.48548143830218377
2022-01-11,0.0025621454152414194,0.05498054408148681,5.498054408148681e-05,0.0025071648711599325,3,2,0.47291152328527464
2022-01-12,-0.0029950543792056678,0.0900387473954137,9.00387473954137e-05,-0.0030850931266010813,3,2,0.5162878468577852
2022-01-13,0.011899147789360178,0.11201583238471272,0.00011201583238471272,0.011787131956975465,3,2,0.4635945538912959
2022-01-14,-0.002623485807362443,0.161797276945648,0.000161797276945648,-0.002785283084308091,3,2,0.1399999999999999
2022-01-18,-0.004403326319842937,0.06,6e-05,-0.004463326319842937,3,2,0.18500748525567814
2022-01-19,0.00010058133580965691,0.059170409294505795,5.91704092945058e-05,4.141092651515112e-05,4,3,0.0762130070276559
2022-01-20,0.0,0.03810650351382795,3.810650351382795e-05,-3.810650351382795e-05,0,0,0.0
2022-01-21,0.0,0.0,0.0,0.0,0,0,0.0
2022-01-24,-0.00024768031233838076,0.007777777777777772,7.777777777777772e-06,-0.00025545809011615853,3,3,0.015555555555555546
2022-01-25,0.0003667458547948132,0.008032486733969542,8.032486733969543e-06,0.00035871336806084366,3,3,0.031111111111111093
2022-01-26,-0.0003831081561694382,0.01968017390424103,1.9680173904241032e-05,-0.0004027883300736793,2,3,0.03333333333333343
2022-01-27,0.0,0.016666666666666715,1.6666666666666715e-05,-1.6666666666666715e-05,0,0,0.0
2022-01-28,0.0,0.0,0.0,0.0,0,0,0.0
2022-01-31,0.00027505307417451395,0.007777777777777772,7.777777777777772e-06,0.0002672752963967362,3,3,0.015555555555555543
2022-02-01,0.0,0.007777777777777772,7.777777777777772e-06,-7.777777777777772e-06,0,0,0.0
2022-02-02,0.0,0.0,0.0,0.0,0,0,0.0
2022-02-03,0.00035227864898544484,0.03111111111111109,3.111111111111109e-05,0.00032116753787433375,3,3,0.06222222222222218
2022-02-04,-0.000943627897488247,0.019925798951602194,1.9925798951602196e-05,-0.0009635536964398492,2,2,0.046666666666666634
2022-02-07,0.00011759591869689658,0.016303834428483547,1.6303834428483547e-05,0.00010129208426841303,2,2,0.015555555555555543
2022-02-08,0.0,0.0077777777777777715,7.777777777777772e-06,-7.777777777777772e-06,0,0,0.0
2022-02-09,-4.887953328589114e-05,0.007777777777777772,7.777777777777772e-06,-5.665731106366891e-05,2,2,0.015555555555555545
2022-02-10,0.0003630302322432822,0.025070738786527505,2.5070738786527504e-05,0.0003379594934567547,2,3,0.06222222222222217
2022-02-11,-0.00032871931210077973,0.017306153165064897,1.7306153165064897e-05,-0.00034602546526584464,2,3,0.03111111111111109
2022-02-14,-0.00034100461161821257,0.011786082603120586,1.1786082603120587e-05,-0.00035279069422133316,2,2,0.04666666666666664
2022-02-15,0.0,0.023333333333333317,2.333333333333332e-05,-2.333333333333332e-05,0,0,0.0
2022-02-16,0.0,0.0,0.0,0.0,0,0,0.0
2022-02-17,0.00017243130952770608,0.007777777777777772,7.777777777777772e-06,0.0001646535317499283,0,2,0.015555555555555545
2022-02-18,6.543162476975312e-05,0.0038888888888888853,3.888888888888885e-06,6.154273588086423e-05,0,2,0.007777777777777773
2022-02-22,0.00027728195558168365,0.015555555555555545,1.5555555555555545e-05,0.0002617264000261281,0,2,0.03888888888888886
2022-02-23,0.00046314157539601385,0.02062263313565926,2.062263313565926e-05,0.0004425189422603546,0,2,0.023333333333333317
2022-02-24,0.0,0.011666666666666659,1.166666666666666e-05,-1.166666666666666e-05,0,0,0.0
2022-02-25,-8.477847166927725e-05,0.0038888888888888307,3.888888888888831e-06,-8.866736055816608e-05,1,1,0.007777777777777661
2022-02-28,0.0,0.0038888888888888307,3.888888888888831e-06,-3.888888888888831e-06,0,0,0.0
2022-03-01,0.00020132272625497674,0.007777777777777772,7.777777777777772e-06,0.00019354494847719896,2,3,0.015555555555555546
2022-03-02,0.0,0.007777777777777772,7.777777777777772e-06,-7.777777777777772e-06,0,0,0.0
2022-03-03,0.0,0.0,0.0,0.0,0,0,0.0
2022-03-04,0.0,0.0,0.0,0.0,0,0,0.0
2022-03-07,0.0004135131082647494,0.0077777777777777715,7.777777777777772e-06,0.0004057353304869716,3,3,0.015555555555555545
2022-03-08,0.0,0.0077777777777777715,7.777777777777772e-06,-7.777777777777772e-06,0,0,0.0
2022-03-09,0.0,0.0,0.0,0.0,0,0,0.0
2022-03-10,0.0,0.0,0.0,0.0,0,0,0.0
2022-03-11,-5.1671411946893224e-05,0.025000000000000022,2.500000000000002e-05,-7.667141194689325e-05,2,3,0.050000000000000044
2022-03-14,-0.000594272295968563,0.04450277225982432,4.450277225982432e-05,-0.0006387750682283873,2,2,0.09333333333333328
2022-03-15,-0.002388082952260354,0.057405567905787026,5.740556790578703e-05,-0.002445488520166141,2,1,0.06222222222222218
2022-03-16,-0.002884209871473887,0.025000000000000022,2.500000000000002e-05,-0.002909209871473887,0,1,0.050000000000000044
2022-03-17,-6.694406332941982e-05,0.060000000000000005,6.000000000000001e-05,-0.00012694406332941982,3,1,0.08147540983606559
2022-03-18,0.0008716435630360601,0.0202974021203768,2.02974021203768e-05,0.0008513461609156833,3,0,0.10111111111111114
2022-03-21,-0.0018001541765727952,0.05055555555555556,5.0555555555555565e-05,-0.0018507097321283509,3,1,0.13999999999999993
2022-03-22,-0.0013366115360336466,0.01667411573922618,1.667411573922618e-05,-0.0013532856517728727,3,1,0.12444444444444437
2022-03-23,-7.097357495339086e-05,0.03947502931211279,3.947502931211279e-05,-0.00011044860426550365,3,1,0.04666666666666664
2022-03-24,-0.00024563942261613737,0.016109961023943284,1.6109961023943284e-05,-0.00026174938364008067,3,1,0.06222222222222218
2022-03-25,-0.00016046070050526238,0.01869975962265496,1.8699759622654958e-05,-0.00017916046012791733,3,1,0.03111111111111109
2022-03-28,-0.00015006508464015774,0.02363826942522046,2.363826942522046e-05,-0.00017370335406537819,3,2,0.046666666666666634
2022-03-29,-0.0005985106102492394,0.015468493475017116,1.5468493475017117e-05,-0.0006139791037242565,3,2,0.046666666666666634
2022-03-30,3.6952990942996836e-05,0.06,6e-05,-2.3047009057003165e-05,3,2,0.15058362787072882
2022-03-31,0.00032614627338074765,0.05767276332227679,5.767276332227679e-05,0.00026847351005847086,3,2,0.17602462292724833
2022-04-01,-0.0013317634141201012,0.05723610425011066,5.723610425011066e-05,-0.001388999518370212,1,2,0.12444444444444436
2022-04-04,-0.0010554835290622724,0.06,6e-05,-0.0011154835290622723,3,4,0.18836993814252628
2022-04-05,0.002139009015866673,0.10833583424425525,0.00010833583424425525,0.002030673181622418,3,3,0.30163938732725015
2022-04-06,-0.002124031461058142,0.07067995740966626,7.067995740966627e-05,-0.0021947114184678084,2,3,0.28225140452086905
2022-04-07,-0.003091199936507678,0.05998538948392988,5.9985389483929886e-05,-0.0031511853259916078,3,3,0.29460185974369185
2022-04-08,-0.0023336011638435765,0.06985801132969345,6.985801132969346e-05,-0.00240345917517327,3,3,0.340947901641044
2022-04-11,0.005810474054745033,0.0595184202032389,5.95184202032389e-05,0.0057509556345417935,3,3,0.38860303608756197
2022-04-12,-0.0018041125633285863,0.07143942727422417,7.143942727422417e-05,-0.0018755519906028105,3,2,0.3935769977292657
2022-04-13,0.004670139081526173,0.09711665685899054,9.711665685899055e-05,0.004573022424667183,3,2,0.4077360048170632
2022-04-14,7.541026497018093e-05,0.06518391794783227,6.518391794783226e-05,1.0226347022348662e-05,3,2,0.41376697040815935
2022-04-18,-0.0007426418323838349,0.09183411193562482,9.183411193562482e-05,-0.0008344759443194596,3,2,0.26286357109793074
2022-04-19,0.0012128409118698506,0.06412736458702481,6.412736458702481e-05,0.0011487135472828258,3,2,0.16023532425999204
2022-04-20,-9.550030439889463e-05,0.04511766212999604,4.5117662129996036e-05,-0.00014061796652889067,1,0,0.06999999999999995
2022-04-21,-0.0014709431131369479,0.050555555555555576,5.055555555555558e-05,-0.0015214986686925035,1,0,0.1711111111111111
2022-04-22,-0.00024470026984252705,0.06,6e-05,-0.00030470026984252705,2,0,0.1807272352299896
2022-04-25,0.00040903041485783125,0.04872042296761509,4.872042296761509e-05,0.0003603099918902162,2,1,0.23946967158848426
2022-04-26,-0.004997096332064883,0.07238622474126083,7.238622474126083e-05,-0.005069482556806144,2,1,0.3189811005605998
2022-04-27,0.005494161330492525,0.12393945812697954,0.00012393945812697954,0.005370221872365545,1,2,0.38401528332359103
2022-04-28,0.0025588039955799897,0.09523397078404341,9.523397078404342e-05,0.002463570024795946,1,2,0.33000000000000024
2022-04-29,-0.0004957554793383627,0.1594243510246479,0.00015942435102464788,-0.0006551798303630105,3,2,0.13115129795070446
2022-05-02,0.0007906023527380975,0.0593663801497316,5.93663801497316e-05,0.0007312359725883659,3,3,0.20543997141794984
2022-05-03,0.0008178635816549223,0.028109478814729257,2.8109478814729258e-05,0.000789754102840193,3,3,0.1847060488399217
2022-05-04,-0.0005754331918305349,0.05445355748129198,5.445355748129198e-05,-0.000629886749311827,3,3,0.10000000000000009
2022-05-05,-0.0024913239024062267,0.06,6e-05,-0.002551323902406227,3,3,0.22000000000000008
2022-05-06,-0.0006828065808949203,0.04985481809393151,4.9854818093931514e-05,-0.0007326613989888517,3,3,0.2963979606640222
2022-05-09,-0.00335625158948666,0.051017043731266365,5.1017043731266366e-05,-0.0034072686332179266,3,3,0.2028873268797317
2022-05-10,0.0014290263843946358,0.01909527723542054,1.9095277235420543e-05,0.0014099311071592152,3,2,0.2022222222222223
2022-05-11,0.00045554302909753627,0.06000000000000001,6.0000000000000015e-05,0.0003955430290975363,3,2,0.08222222222222231
2022-05-12,-0.0004698980302377361,0.01990278732699742,1.990278732699742e-05,-0.0004898008175647336,2,2,0.1000000000000001
2022-05-13,-0.001849912547783114,0.05999999999999999,5.9999999999999995e-05,-0.001909912547783114,2,3,0.05878253256077025
2022-05-16,-0.0006227147158524303,0.034994690395695596,3.49946903956956e-05,-0.0006577094062481259,0,2,0.10416666666666663
2022-05-17,-0.003276541158129277,0.044571408252453724,4.4571408252453725e-05,-0.0033211125663817308,0,3,0.11666666666666657
2022-05-18,0.0036202559552877,0.04724752660852688,4.724752660852688e-05,0.003573008428679173,0,3,0.06222222222222217
2022-05-19,0.0017563381229684866,0.06000000000000001,6.0000000000000015e-05,0.0016963381229684867,2,4,0.14776997901875344
2022-05-20,-0.00032568888424144084,0.08162737547062385,8.162737547062385e-05,-0.0004073162597120647,3,3,0.2765662052419106
2022-05-23,-0.0010917648936525628,0.055205127582093956,5.5205127582093955e-05,-0.0011469700212346568,3,3,0.24666724003374518
2022-05-24,-0.0009456313311939894,0.05742687599022901,5.742687599022901e-05,-0.0010030582071842184,3,3,0.21227214938668504
2022-05-25,-1.4133594641665005e-05,0.03492290006459758,3.4922900064597576e-05,-4.905649470626258e-05,3,3,0.1641939170716738
2022-05-26,-0.0014383309426722936,0.04462634709330364,4.462634709330364e-05,-0.0014829572897655972,3,3,0.1399999999999999
2022-05-27,0.00033682190911955926,0.04786483193639343,4.7864831936393433e-05,0.00028895707718316584,3,2,0.1399999999999999
2022-05-31,-0.00030464527426753054,0.02333333333333332,2.3333333333333322e-05,-0.00032797860760086386,3,2,0.09333333333333327
2022-06-01,-0.001278506794266267,0.04048530070200995,4.048530070200995e-05,-0.001318992094968277,3,1,0.06222222222222218
2022-06-02,0.0002575021349850388,0.029959332197959036,2.9959332197959037e-05,0.00022754280278707974,3,2,0.03111111111111109
2022-06-03,0.0001705229087071484,0.05999999999999999,5.9999999999999995e-05,0.0001105229087071484,4,2,0.12966760468941974
2022-06-06,-0.0003475897153725674,0.05404240413886456,5.404240413886456e-05,-0.00040163211951143197,3,3,0.12919792316530251
2022-06-07,-0.0005030528055389833,0.03282424328260462,3.282424328260462e-05,-0.000535877048821588,2,2,0.07777777777777772
2022-06-08,0.0007778674023363725,0.049705025141231186,4.9705025141231185e-05,0.0007281623771951413,2,3,0.09333333333333327
2022-06-09,-0.00033009881989516567,0.009394683592059134,9.394683592059134e-06,-0.0003394935034872248,2,3,0.07777777777777771
2022-06-10,-7.663285786830948e-05,0.03483012527922909,3.4830125279229086e-05,-0.00011146298314753856,2,3,0.015555555555555545
2022-06-13,0.0001422912849156408,0.02296847425085382,2.296847425085382e-05,0.00011932281066478697,2,3,0.046666666666666634
2022-06-14,0.0010001651868224847,0.043997922598204474,4.399792259820448e-05,0.0009561672642242802,3,3,0.07777777777777772
2022-06-15,-9.972370121486628e-05,0.02210420749167009,2.210420749167009e-05,-0.00012182790870653637,3,3,0.050000000000000044
2022-06-16,0.000429139846487614,0.047633320240005605,4.7633320240005605e-05,0.00038150652624760836,3,2,0.12444444444444436
2022-06-17,0.0005148696795925915,0.059999999999999984,5.999999999999999e-05,0.00045486967959259146,3,2,0.20493352139932985
2022-06-21,-0.000563336764912011,0.03580009403299828,3.580009403299828e-05,-0.0005991368589450093,2,2,0.1333333333333333
2022-06-22,0.002387543912039441,0.06,6e-05,0.002327543912039441,2,2,0.2533333333333333
2022-06-23,-6.806579274405765e-05,0.08064860295969728,8.064860295969729e-05,-0.00014871439570375493,2,2,0.33131984097204603
2022-06-24,-0.00021427936393077327,0.067355913598848,6.7355913598848e-05,-0.00028163527752962127,2,2,0.3911176848714881
2022-06-27,0.00046660937771000085,0.30190793929713544,0.00030190793929713543,0.00016470143841286543,2,1,0.5950926158032952
2022-06-28,-0.004148951469297802,0.051807060332394954,5.180706033239496e-05,-0.004200758529630196,2,1,0.5193839100839138
2022-06-29,0.0007500569756305232,0.09344701958597629,9.344701958597629e-05,0.000656609956044547,2,1,0.4007857782629407
2022-06-30,0.0027889257353253564,0.06039288913147034,6.039288913147034e-05,0.002728532846193886,1,1,0.28
2022-07-01,-0.0008901574146016884,0.03111111111111109,3.111111111111109e-05,-0.0009212685257127995,1,1,0.3422222222222222
2022-07-05,0.0008707338316774557,0.03111111111111109,3.111111111111109e-05,0.0008396227205663446,1,1,0.4044444444444444
2022-07-06,0.0009361697575589346,0.06,6e-05,0.0008761697575589345,2,3,0.4472450173409529
2022-07-07,0.004020212341003735,0.30937540902597116,0.00030937540902597116,0.003710836931977764,2,3,0.7106242472320458
2022-07-08,0.0014045994705311226,0.272654578141449,0.000272654578141449,0.0011319448923896736,2,3,0.7881046868318
2022-07-11,-0.008029959417605698,0.21711047456930177,0.00021711047456930178,-0.008247069892175,2,3,0.858716963429518
2022-07-12,0.05371854249717953,0.49471594803199787,0.0004947159480319979,0.05322382654914753,1,2,0.9678982792175949
2022-07-13,-0.013609040597654415,0.09115139990779408,9.115139990779409e-05,-0.013700191997562209,3,3,0.9863913647570656
2022-07-14,-0.0027065596201126182,0.5005957692350183,0.0005005957692350183,-0.0032071553893476363,3,3,0.8359288853081464
2022-07-15,0.0016697028522773875,0.16313473648176235,0.00016313473648176235,0.001506568115795625,3,3,0.7417153891521019
2022-07-18,0.003968209624682393,0.2875658292367421,0.00028756582923674214,0.0036806437954456507,3,3,0.7988217837554468
2022-07-19,0.0018794737349304789,0.07766193096928231,7.766193096928231e-05,0.0018018118039611966,3,3,0.8532897470158911
2022-07-20,0.0011073171353206562,0.3860843019680902,0.0003860843019680902,0.000721232833352566,3,3,0.9971713756074068
2022-07-21,-0.007644541037583223,0.6061377930478973,0.0006061377930478973,-0.00825067883063112,2,3,0.9601876094774034
2022-07-22,-0.007755841230516318,0.40617067033579124,0.00040617067033579124,-0.00816201190085211,3,4,0.9212427196609695
2022-07-25,0.006323176440663639,0.7149775679145198,0.0007149775679145199,0.0056081988727491195,3,3,0.9700724665146406
2022-07-26,0.00800347813259111,0.3562738616358165,0.0003562738616358165,0.007647204270955293,3,3,1.0
2022-07-27,-0.0037926823491336746,0.18000221506414105,0.00018000221506414105,-0.003972684564197816,3,3,1.0
2022-07-28,-0.006132624007494148,0.20594748314332428,0.00020594748314332428,-0.006338571490637473,2,3,0.9945745192970143
2022-07-29,0.010998951985720288,0.6805051949496697,0.0006805051949496697,0.01031844679077062,3,3,0.9393332590609015
2022-08-01,-0.007516548659236623,0.5616265383268106,0.0005616265383268106,-0.008078175197563434,3,3,0.987122973855975
2022-08-02,0.00034009184763372183,0.3785769288256063,0.0003785769288256063,-3.848508119188448e-05,3,3,0.8689525517866267
2022-08-03,-0.013609330329403549,0.24469652913518913,0.00024469652913518915,-0.013854026858538739,3,3,0.7394974602879549
2022-08-04,0.004616197312456424,0.33572550408992263,0.0003357255040899226,0.0042804718083665014,3,3,1.0000000000000002
2022-08-05,0.0068257596528977,0.22648089663637355,0.00022648089663637356,0.006599278756261326,3,3,1.0
2022-08-08,-9.510889851272733e-05,0.26678912081025824,0.00026678912081025825,-0.0003618980193229856,3,1,1.0
2022-08-09,0.003017642457693508,0.17876572918324238,0.00017876572918324238,0.0028388767285102657,2,1,1.0
2022-08-10,0.004068984231440911,0.03173770099020788,3.173770099020788e-05,0.004037246530450703,2,1,1.0
2022-08-11,0.003801597574969949,0.13771338115375614,0.00013771338115375615,0.003663884193816193,2,1,1.0
2022-08-12,-0.0008158151765363716,0.23954935847562087,0.00023954935847562088,-0.0010553645350119924,1,2,0.96
2022-08-15,0.0034439848282941045,0.6900000000000001,0.0006900000000000001,0.0027539848282941044,0,1,0.5
2022-08-16,-0.004495891978528489,0.0,0.0,-0.004495891978528489,0,1,0.5
2022-08-17,0.0016762802964226996,0.0,0.0,0.0016762802964226996,0,1,0.5
2022-08-18,0.002427100909945913,0.0,0.0,0.002427100909945913,0,1,0.5
2022-08-19,0.0027543292770710903,0.0,0.0,0.0027543292770710903,0,1,0.5
2022-08-22,0.007593663744992761,0.0,0.0,0.007593663744992761,0,1,0.5
2022-08-23,0.001082787211081444,0.0,0.0,0.001082787211081444,0,1,0.5
2022-08-24,-0.0018033448441489622,0.0,0.0,-0.0018033448441489622,0,1,0.5
2022-08-25,-0.004775831143069138,0.004166666666666652,4.166666666666652e-06,-0.004779997809735805,0,1,0.4916666666666667
2022-08-26,0.008157747412999388,0.06,6e-05,0.008097747412999389,0,1,0.3716666666666667
2022-08-29,0.0,0.18583333333333335,0.00018583333333333334,-0.00018583333333333334,0,0,0.0
2022-08-30,0.0004242760534974321,0.06,6e-05,0.0003642760534974321,0,1,0.12
2022-08-31,0.0022377589646211437,0.14317693492964934,0.00014317693492964934,0.0020945820296914943,0,3,0.40635386985929867
2022-09-01,0.004189667573365523,0.28791444383733256,0.00028791444383733256,0.0039017531295281902,0,3,0.361307158165104
2022-09-02,0.0022408068612577185,0.0359331789387402,3.59331789387402e-05,0.002204873682318978,0,3,0.4080609088991931
2022-09-06,0.0028979223625979853,0.060010839630824736,6.0010839630824736e-05,0.0028379115229671607,0,3,0.41582303749660604
2022-09-07,-0.009108143090279311,0.09117470412027937,9.117470412027937e-05,-0.00919931779439959,0,3,0.43333333333333335
2022-09-08,-0.002136840180238813,0.060000000000000005,6.000000000000001e-05,-0.0021968401802388133,1,3,0.46727190690907083
2022-09-09,-0.0018612850167581524,0.22102515751047783,0.00022102515751047782,-0.0020823101742686303,1,3,0.6869901422622473
2022-09-12,-0.00462220220929606,0.14981670177484674,0.00014981670177484675,-0.004772018911070907,1,3,0.9866235458119408
2022-09-13,-0.007378816027701651,0.07879028089727522,7.879028089727522e-05,-0.007457606308598926,1,3,1.0
2022-09-14,0.011256813452654415,0.06,6e-05,0.011196813452654416,1,3,1.0
2022-09-15,0.004848484187413207,0.08480408500791224,8.480408500791225e-05,0.0047636801024052945,2,3,0.9229670731509794
2022-09-16,-0.00022520916647114555,0.39076086291045525,0.00039076086291045525,-0.0006159700293816009,2,4,0.5473722525279865
2022-09-19,0.005193215482449672,0.10901463723499533,0.00010901463723499533,0.005084200845214677,3,3,0.6512238464925514
2022-09-20,0.0026130608286411556,0.21595196124189442,0.0002159519612418944,0.002397108867399261,3,3,0.5808426197988099
2022-09-21,-0.008363161208741102,0.346040834300465,0.000346040834300465,-0.008709202043041566,3,1,0.6197598371989428
2022-09-22,-0.0077949417510427485,0.07111583872977778,7.111583872977778e-05,-0.007866057589772527,3,1,0.6142244428864204
2022-09-23,-0.0028616772232533077,0.15044555477654353,0.00015044555477654353,-0.0030121227780298514,3,2,0.37163480178990693
2022-09-26,-3.569741546516304e-05,0.0867013243580326,8.67013243580326e-05,-0.00012239873982319564,4,2,0.32202052035672757
2022-09-27,-0.001172495026960051,0.08036092941107809,8.036092941107808e-05,-0.001252855956371129,3,3,0.27268755360277447
2022-09-28,0.0005502355381701886,0.11134377680138721,0.00011134377680138722,0.00043889176136880135,3,3,0.050000000000000044
2022-09-29,-1.3197999938102483e-05,0.02157103578844436,2.1571035788444362e-05,-3.476903572654685e-05,2,3,0.050000000000000044
2022-09-30,-0.00034958816111442634,0.054275392680676084,5.427539268067609e-05,-0.0004038635537951024,3,3,0.1166666666666667
2022-10-03,-0.0001816087210316869,0.04462716650707654,4.4627166507076544e-05,-0.00022623588753876344,2,3,0.08333333333333348
2022-10-04,-0.0014708688721960985,0.054918079965204994,5.4918079965204995e-05,-0.0015257869521613035,3,3,0.10000000000000009
2022-10-05,-0.0007509666593081637,0.0529980769032269,5.29980769032269e-05,-0.0008039647362113906,3,3,0.16666666666666674
2022-10-06,0.0016721381436888714,0.049397118606541,4.9397118606541006e-05,0.0016227410250823303,3,3,0.21666666666666679
2022-10-07,-0.0009656185532162234,0.06000000000000001,6.0000000000000015e-05,-0.0010256185532162233,3,3,0.25711001331587546
2022-10-10,0.00241406785855491,0.03643580629263646,3.643580629263646e-05,0.0023776320522622737,3,3,0.20980846498523678
2022-10-11,-0.00041197725138808776,0.0727733147624721,7.277331476247211e-05,-0.00048475056615055986,3,2,0.11716583656674277
2022-10-12,0.00011367602160474642,0.031201145416411107,3.1201145416411105e-05,8.247487618833532e-05,2,1,0.06666666666666665
2022-10-13,0.00010367874502637922,0.025000000000000022,2.500000000000002e-05,7.86787450263792e-05,2,1,0.016666666666666607
2022-10-14,0.0003079305356134947,0.0163473110407164,1.6347311040716398e-05,0.0002915832245727783,3,2,0.03333333333333344
2022-10-17,-0.0007063493574476216,0.04999999999999994,4.999999999999994e-05,-0.0007563493574476215,3,2,0.1333333333333333
2022-10-18,-0.0010794968659036787,0.06,6e-05,-0.0011394968659036787,3,4,0.1333333333333333
2022-10-19,-0.0007056001924551736,0.06632341748101589,6.632341748101588e-05,-0.0007719236099361894,2,3,0.19450684528853435
2022-10-20,-0.0004081117857928666,0.0574819503069493,5.74819503069493e-05,-0.0004655937360998159,3,3,0.23732894667639326
2022-10-21,0.0024474390635919594,0.07480996405540574,7.480996405540574e-05,0.0023726290995365537,3,3,0.2586248894480198
2022-10-24,0.0012942345990423266,0.06235771954728036,6.235771954728036e-05,0.0012318768794950463,3,3,0.28476910986127824
2022-10-25,-0.00551299465388936,0.06946685449687048,6.946685449687048e-05,-0.005582461508386231,3,3,0.3390984006116389
2022-10-26,0.002919268545694145,0.05836961702526339,5.8369617025263385e-05,0.0028608989286688816,3,3,0.3499999999999998
2022-10-27,-0.004550943152169534,0.16712492719743502,0.00016712492719743504,-0.004718068079366969,3,3,0.42147183385306936
2022-10-28,-0.0037681677876422516,0.05010369390963422,5.010369390963422e-05,-0.003818271481551886,3,3,0.49500230334850637
2022-10-31,0.0011217223536957482,0.0663337521268895,6.63337521268895e-05,0.0010553886015688587,3,3,0.5374725457951675
2022-11-01,-0.003554566016621738,0.21773175407087447,0.0002177317540708745,-0.0037722977706926126,2,2,0.5434428831424298
2022-11-02,0.004100685667613235,0.2710051620515046,0.0002710051620515046,0.0038296805055617307,2,1,0.7547353216035642
2022-11-03,-0.0012750788162244767,0.05174485256396213,5.174485256396213e-05,-0.0013268236687884389,2,3,0.7777777777777778
2022-11-04,-0.006752556301840962,0.580533390803311,0.000580533390803311,-0.007333089692644273,2,3,0.7662649038873828
2022-11-07,0.001046807890248884,0.4342261520565779,0.0004342261520565779,0.0006125817381923062,2,2,0.7084856048171312
2022-11-08,-0.01043446016949473,0.17114854161111132,0.00017114854161111133,-0.010605608711105842,2,2,0.6882886508251604
2022-11-09,-0.0027975220082684087,0.1725214559763431,0.0001725214559763431,-0.002970043464244752,3,2,0.4704134988457697
2022-11-10,0.003799669155146776,0.31165449265041506,0.00031165449265041506,0.003488014662496361,3,3,0.5309978976943163
2022-11-11,-0.0019048630050679696,0.20328753159181762,0.00020328753159181762,-0.0021081505366597874,3,3,0.6937826629159259
2022-11-14,0.0026409379249596643,0.28050862686610634,0.00028050862686610634,0.002360429298093558,3,3,0.7299073442197705
2022-11-15,-0.0023713487694617345,0.10781696690732029,0.0001078169669073203,-0.002479165736369055,3,3,0.8143519032181706
2022-11-16,0.0018665122115133505,0.2385790784545946,0.00023857907845459462,0.0016279331330587559,3,3,0.6618732901266849
2022-11-17,-0.007189667632990666,0.39224677098429533,0.00039224677098429535,-0.0075819144039749615,3,3,0.9117257300285123
2022-11-18,-0.005142763551025352,0.1864734245507244,0.00018647342455072443,-0.005329236975576077,3,3,0.8395751684537084
2022-11-21,-0.004444448694050671,0.4109285483242486,0.0004109285483242486,-0.00485537724237492,2,2,0.964017029864956
2022-11-22,0.0013167958209713067,0.17594183546504585,0.00017594183546504585,0.0011408539855062608,2,2,0.9783116169644974
2022-11-23,-0.004432079346260871,0.33295093486988137,0.00033295093486988137,-0.004765030281130752,2,1,1.0
2022-11-25,-0.0054953714383142935,0.24654006282288277,0.00024654006282288275,-0.005741911501137177,1,1,1.0
2022-11-28,0.002578826395073709,0.06,6e-05,0.002518826395073709,1,1,0.88
2022-11-29,-0.010196206103894493,0.19,0.00019,-0.010386206103894492,0,1,0.5
2022-11-30,-0.008483726718423075,0.06,6e-05,-0.008543726718423074,0,1,0.38
2022-12-01,0.0,0.19,0.00019,-0.00019,0,0,0.0
2022-12-02,0.0,0.0,0.0,0.0,0,0,0.0
2022-12-05,0.0026499281616754107,0.06,6e-05,0.0025899281616754105,0,1,0.12
2022-12-06,0.00443815357814595,0.2105977010527018,0.00021059770105270181,0.004227555877093248,3,2,0.5411954021054036
2022-12-07,-0.022217700206340462,0.6463406798844789,0.0006463406798844788,-0.02286404088622494,3,2,1.0
2022-12-08,-0.016448519268725523,0.15289984589719977,0.00015289984589719977,-0.016601419114622724,3,3,1.0
2022-12-09,0.0027406656183153345,0.3647690312006281,0.0003647690312006281,0.0023758965871147064,3,3,1.0
2022-12-12,0.0005729054009865264,0.22636277992571427,0.00022636277992571426,0.00034654262106081213,3,3,1.0
2022-12-13,-0.008325456347079666,0.26111441277378067,0.00026111441277378066,-0.008586570759853446,3,3,1.0
2022-12-14,-0.006364715039185952,0.4880603461127399,0.00048806034611273994,-0.0068527753852986924,3,3,0.9747934436046504
2022-12-15,-0.004720132743333586,0.5157388338217547,0.0005157388338217547,-0.0052358715771553405,3,3,0.8480978716589332
2022-12-16,0.004480028264662452,0.128193488497703,0.000128193488497703,0.004351834776164749,3,3,1.0
2022-12-19,-0.011168989926652174,0.3307617599902678,0.0003307617599902678,-0.011499751686642442,3,3,1.0
2022-12-20,0.012925560715218512,0.23286871363399297,0.00023286871363399297,0.01269269200158452,3,2,1.0
2022-12-21,-0.0002771641795852016,0.06257600758434713,6.257600758434714e-05,-0.0003397401871695488,1,2,1.0
2022-12-22,-0.005603638456782708,0.06000000000000001,6.0000000000000015e-05,-0.005663638456782708,1,2,0.88
2022-12-23,0.00016381293414635497,0.5,0.0005,-0.00033618706585364507,1,0,0.12
2022-12-27,0.0031731041636791474,0.19,0.00019,0.0029831041636791474,1,0,0.5
2022-12-28,-0.005073356120907939,0.06,6e-05,-0.005133356120907939,1,1,0.62
2022-12-29,-0.010978833533287833,0.19,0.00019,-0.011168833533287832,1,1,1.0
2022-12-30,-0.011063656557953973,0.0,0.0,-0.011063656557953973,1,1,1.0
2023-01-03,0.027760979730584966,0.0,0.0,0.027760979730584966,1,1,1.0
2023-01-04,-0.0037347188616669406,0.0022222222222222365,2.2222222222222365e-06,-0.0037369410838891627,1,1,0.9955555555555555
2023-01-05,0.002482291614111335,0.059999999999999984,5.999999999999999e-05,0.0024222916141113347,3,1,0.9939568018604092
2023-01-06,-0.012718643424280477,0.33892070382004896,0.000338920703820049,-0.013057564128100526,3,1,0.9944169573918052
2023-01-09,0.0016492601972959734,0.09022319727956046,9.022319727956047e-05,0.001559037000016413,3,1,1.0
2023-01-10,-0.0006058175775152382,0.11590628476325178,0.00011590628476325178,-0.00072172386227849,3,2,1.0
2023-01-11,0.0006096535207982016,0.6829525603066506,0.0006829525603066507,-7.329903950844912e-05,3,3,1.0
2023-01-12,0.02192935838363176,0.4828667592533037,0.0004828667592533037,0.021446491624378457,3,3,1.0
2023-01-13,-0.004636070971173996,0.2204124270373663,0.00022041242703736631,-0.004856483398211362,3,3,1.0
2023-01-17,9.43796336837447e-05,0.1919183426692677,0.0001919183426692677,-9.7538708985523e-05,3,3,0.9929457409936049
2023-01-18,-0.0006641397551314951,0.18241777788415903,0.00018241777788415904,-0.0008465575330156541,3,2,0.955904758855607
2023-01-19,0.001476266318252774,0.3278809238199564,0.0003278809238199564,0.0011483853944328176,3,2,0.86178023020444
2023-01-20,-0.0012121401225446593,0.051702728144237105,5.1702728144237106e-05,-0.0012638428506888963,3,2,0.851857721183372
2023-01-23,-0.0028594022825860132,0.27355510173495123,0.0002735551017349512,-0.0031329573843209644,1,2,0.8868332233313676
2023-01-24,-0.001397587588551828,0.22297780981936963,0.00022297780981936962,-0.0016205653983711976,3,2,0.7820726196900118
2023-01-25,0.0031051313514047574,0.395313251121791,0.000395313251121791,0.0027098181002829665,3,3,0.7097869285073735
2023-01-26,0.0009974724430188483,0.260845740964467,0.00026084574096446703,0.0007366267020543812,3,4,0.7024371110164894
2023-01-27,0.006525307703361378,0.3396577652234273,0.00033965776522342726,0.006185649938137951,3,3,0.8088888888888889
2023-01-30,-0.00627076699845823,0.3098279999012852,0.0003098279999012852,-0.006580594998359515,3,3,0.7930634046864189
2023-01-31,0.0024202820130026902,0.3339011839029781,0.00033390118390297813,0.002086380829099712,3,3,0.707465018289206
2023-02-01,0.020723482782198176,0.16686474682185207,0.00016686474682185207,0.020556618035376322,3,3,0.7772514831130358
2023-02-02,-0.02024851130874839,0.17434018466504672,0.00017434018466504672,-0.020422851493413437,3,3,0.9177777777777779
2023-02-03,0.007977312909538662,0.21353114288610162,0.00021353114288610162,0.00776378176665256,3,3,0.9342090877589595
2023-02-06,0.008744308902691409,0.24732997594783482,0.0002473299759478348,0.008496978926743573,3,3,1.0
2023-02-07,-0.003472656613630761,0.24509885475409204,0.00024509885475409207,-0.003717755468384853,3,3,1.0
2023-02-08,-0.0019007980187040639,0.3694086639126707,0.0003694086639126707,-0.0022702066826167347,2,3,1.0
2023-02-09,-0.002790969036712986,0.6455492964937752,0.0006455492964937752,-0.003436518333206761,1,2,0.9867712174171688
2023-02-10,0.0012864657413004148,0.3129242129760271,0.00031292421297602713,0.0009735415283243877,1,1,0.8088888888888889
2023-02-13,-0.0023512643207079286,0.06,6e-05,-0.0024112643207079287,3,1,0.7675605581594788
2023-02-14,-0.0033113500317120204,0.45344528677939716,0.0004534452867793972,-0.0037647953184914177,3,0,0.36001579769781544
2023-02-15,0.00298128325002524,0.03266205156585389,3.266205156585389e-05,0.0029486211984593863,3,0,0.31317114085551007
2023-02-16,-0.00980855101512915,0.04495054765309441,4.495054765309441e-05,-0.009853501562782245,2,0,0.35777777777777775
2023-02-17,-0.0018180492370007352,0.06000000000000001,6.0000000000000015e-05,-0.0018780492370007351,2,0,0.38016967069967245
2023-02-21,-0.005978716911468918,0.057477371614657526,5.747737161465753e-05,-0.006036194283083576,2,1,0.4335208253804798
2023-02-22,-0.007914033603612184,0.3788621951575501,0.0003788621951575501,-0.008292895798769734,2,2,0.8016107379772663
2023-02-23,-0.002121788218563064,0.4046584226264417,0.0004046584226264417,-0.0025264466411895055,2,2,0.8599999999999999
2023-02-24,0.0023852950895571325,0.1815502788816929,0.0001815502788816929,0.0022037448106754396,2,2,0.5583098009630735
2023-02-27,0.0048441949269320056,0.07497642718738959,7.497642718738958e-05,0.004769218499744616,2,2,0.7082626553378527
2023-02-28,0.0013010311599648142,0.16459356880301942,0.00016459356880301943,0.0011364375911617948,3,3,0.8437367704815901
2023-03-01,0.0005438811909001897,0.34320006548108106,0.00034320006548108105,0.00020068112541910866,3,3,0.7849573100247713
2023-03-02,-0.003854580495043442,0.2344997035986779,0.0002344997035986779,-0.004089080198642119,2,3,0.8742758352826069
2023-03-03,-0.0035041098303613153,0.2004759058906565,0.0002004759058906565,-0.003704585736251972,1,3,0.7920648785193142
2023-03-06,-0.0013509175368515982,0.06010213370636319,6.0102133706363196e-05,-0.0014110196705579615,1,3,0.7348755718095011
2023-03-07,-0.003160103324627729,0.1001343587529854,0.00010013435875298541,-0.003260237683380714,1,3,0.6273992408148054
2023-03-08,-0.005015350950056107,0.11186143164137174,0.00011186143164137175,-0.005127212381697478,1,2,0.4355555555555556
2023-03-09,-0.0032314890440716454,0.059999999999999984,5.999999999999999e-05,-0.0032914890440716455,1,2,0.5229431492639594
2023-03-10,0.004405053109451959,0.2776900660251621,0.0002776900660251621,0.004127363043426796,1,1,0.96
2023-03-13,0.006198966308667049,0.04222222222222222,4.2222222222222215e-05,0.006156744086444827,1,1,0.8755555555555555
2023-03-14,0.0001441679720625985,0.3144444444444444,0.0003144444444444444,-0.0001702764723818459,1,4,0.2848484848484849
2023-03-15,0.0,0.14242424242424245,0.00014242424242424245,-0.00014242424242424245,0,0,0.0
2023-03-16,0.0008752165761597813,0.06,6e-05,0.0008152165761597812,1,3,0.12
2023-03-17,9.576762862930819e-05,0.01583333333333336,1.583333333333336e-05,7.993429529597483e-05,2,3,0.09546069355854263
2023-03-20,-0.0005523035895823426,0.05345909629489539,5.3459096294895395e-05,-0.000605762685877238,2,3,0.1366666666666666
2023-03-21,-0.0024868394403915225,0.0054952644692738166,5.495264469273816e-06,-0.002492334704860796,2,3,0.1400385539598738
2023-03-22,0.000401936543379063,0.04538429490822236,4.538429490822236e-05,0.0003565522484708407,2,3,0.1333333333333333
2023-03-23,0.0003929554190332237,0.059999999999999984,5.999999999999999e-05,0.0003329554190332237,2,3,0.2533333333333333
2023-03-24,0.002059511459848372,0.1873766457218865,0.0001873766457218865,0.0018721348141264855,2,3,0.6280866247771064
2023-03-27,-0.0015921027821176837,0.15077275420171937,0.0001507727542017194,-0.001742875536319403,2,3,0.428421522115899
2023-03-28,-0.002151529764648206,0.13762917343869963,0.00013762917343869963,-0.002289158938086906,2,3,0.44499999999999995
2023-03-29,-0.0023640853165067663,0.10891744751531098,0.00010891744751531098,-0.002473002764022077,2,3,0.6494989057910133
2023-03-30,-0.0033897245866318735,0.20112005978419106,0.00020112005978419108,-0.0035908446464160645,2,2,0.8886049175837335
2023-03-31,-0.005709614565955893,0.1394546496979041,0.0001394546496979041,-0.005849069215653797,2,2,0.895192316177418
2023-04-03,0.005317733115683387,0.2862385552836365,0.00028623855528363653,0.005031494560399751,0,2,0.5
2023-04-04,0.0014275399885607454,0.2322011466569196,0.0002322011466569196,0.001195338841903826,0,1,0.5
2023-04-05,0.00018112902560641958,0.06,6e-05,0.00012112902560641958,0,1,0.38
2023-04-06,-0.0009872917477701925,0.15666666666666668,0.0001566666666666667,-0.0011439584144368592,0,2,0.18351951833303765
2023-04-10,0.0006453926458621542,0.14828238684528294,0.00014828238684528295,0.0004971102590168713,1,2,0.26069657060508283
2023-04-11,0.0006523757279665661,0.043117148994704424,4.3117148994704426e-05,0.0006092585789718617,2,1,0.3161324050133081
2023-04-12,-0.0037685590674985474,0.0574893530489015,5.74893530489015e-05,-0.0038260484205474487,2,1,0.4311111111111111
2023-04-13,-0.00410845618809338,0.02773097739310092,2.773097739310092e-05,-0.004136187165486481,2,3,0.4194752470665672
2023-04-14,0.0006220100065308729,0.1749141882357118,0.00017491418823571182,0.0004470958182951611,2,3,0.09777777777777785
2023-04-17,0.00013576818938249632,0.03444970033395392,3.4449700333953924e-05,0.0001013184890485424,2,3,0.16666666666666663
2023-04-18,-0.00027583856009159207,0.028888888888888915,2.8888888888888915e-05,-0.00030472744898048097,2,3,0.10888888888888881
2023-04-19,-0.0038973080104444994,0.05999999999999999,5.9999999999999995e-05,-0.003957308010444499,2,3,0.22888888888888878
2023-04-20,0.007548919714929122,0.10333333333333339,0.0001033333333333334,0.0074455863815957885,2,3,0.4355555555555556
2023-04-21,0.007100179466741313,0.09120571407278846,9.120571407278847e-05,0.007008973752668525,2,4,0.5016564539368487
2023-04-24,0.00012722070811092595,0.193383321611139,0.000193383321611139,-6.616261350021304e-05,3,3,0.7166024406998773
2023-04-25,0.009783278941651024,0.19331244369532347,0.00019331244369532346,0.009589966497955701,3,3,0.9116768805641016
2023-04-26,-0.008862251169508088,0.22344620184524047,0.00022344620184524047,-0.009085697371353329,3,3,0.8408904619749504
2023-04-27,0.0018539197331698307,0.1431078681996063,0.0001431078681996063,0.0017108118649702244,3,3,0.8335970325650428
2023-04-28,0.012620605320700333,0.10099348241126035,0.00010099348241126035,0.012519611838289072,3,4,1.0
2023-05-01,-0.005000967450761669,0.5241545590114312,0.0005241545590114312,-0.0055251220097731,3,2,1.0
2023-05-02,0.006470111331714705,0.4499162419633925,0.00044991624196339254,0.006020195089751312,3,3,0.9999999999999999
2023-05-03,-0.008124567861506756,0.5161477388580048,0.0005161477388580048,-0.00864071560036476,3,3,1.0
2023-05-04,0.0029902432738423404,0.5921476553305945,0.0005921476553305946,0.0023980956185117456,2,3,1.0
2023-05-05,-0.004080126909347671,0.4988968325548693,0.0004988968325548693,-0.00457902374190254,3,3,1.0
2023-05-08,-0.0014315773618065397,0.41446533960197307,0.0004144653396019731,-0.0018460427014085129,3,3,0.9467828368440886
2023-05-09,-0.0008645446519572656,0.3529405806222443,0.00035294058062224434,-0.0012174852325795098,2,3,0.7311632764097624
2023-05-10,-0.002746187645995424,0.19293872012341354,0.00019293872012341354,-0.0029391263661188377,2,3,1.0
2023-05-11,0.005206989580377063,0.23401196831216597,0.00023401196831216597,0.004972977612064897,2,2,1.0
2023-05-12,0.007375202177127071,0.18203858517816598,0.000182038585178166,0.007193163591948905,2,2,1.0
2023-05-15,0.004022450157205313,0.33308511749035635,0.00033308511749035637,0.003689365039714957,2,1,1.0
2023-05-16,0.008998727132516815,0.06,6e-05,0.008938727132516816,2,1,0.9399102239135118
2023-05-17,0.008195183988318368,0.37925298368262317,0.00037925298368262316,0.007815931004635745,2,0,0.5
2023-05-18,0.002416350949283216,0.2995065090482562,0.00029950650904825624,0.0021168444402349597,4,0,0.5
2023-05-19,-0.0055602565337926615,0.4323082193376079,0.00043230821933760787,-0.00599256475313027,3,0,0.5
2023-05-22,0.0027776392470273215,0.06844603901843946,6.844603901843945e-05,0.002709193208008882,2,0,0.5
2023-05-23,0.0013444697701166437,0.026138507704148176,2.6138507704148175e-05,0.0013183312624124954,2,0,0.5
2023-05-24,-0.009331844283582358,0.06,6e-05,-0.009391844283582357,2,1,0.5534789165722509
2023-05-25,0.01020115266864177,0.4409687316583818,0.0004409687316583818,0.009760183936983389,2,1,0.9691749696380674
2023-05-26,0.0006894472394309944,0.09732350511176951,9.732350511176951e-05,0.0005921237343192248,2,1,0.8411661876011157
2023-05-30,0.0009166690262836698,0.2401857596260452,0.0002401857596260452,0.0006764832666576247,2,1,0.5209277385566444
2023-05-31,0.0028836631877375103,0.09649726963704225,9.649726963704225e-05,0.002787165918100468,2,1,0.713922277830729
2023-06-01,-0.0003452490284895042,0.26937781752821993,0.00026937781752821993,-0.0006146268460177241,2,3,1.0000000000000002
2023-06-02,-0.0006529427253348995,0.40796963579365914,0.00040796963579365915,-0.0010609123611285587,2,3,1.0
2023-06-05,0.003987064664968321,0.24845318627571017,0.0002484531862757102,0.003738611478692611,2,3,0.9428994957329719
2023-06-06,0.005532836021905725,0.44458775410401014,0.00044458775410401017,0.005088248267801715,0,3,0.5
2023-06-07,-0.011021769191914624,0.15717701734649717,0.00015717701734649717,-0.011178946209261121,2,3,0.5895452601219747
2023-06-08,0.004019230746893678,0.2915006619704902,0.0002915006619704902,0.003727730084923188,2,3,0.9978037249853121
2023-06-09,-0.00034793529250827147,0.04008413452019803,4.008413452019803e-05,-0.0003880194270284695,2,3,0.9860906558806369
2023-06-12,0.0002599681560683789,0.13402587663458726,0.00013402587663458726,0.00012594227943379162,2,3,0.95505773133974
2023-06-13,0.00016741782632868235,0.21689594629750436,0.00021689594629750438,-4.947811996882203e-05,2,3,1.0
2023-06-14,0.006501264311973372,0.1782059511704742,0.0001782059511704742,0.006323058360802898,2,2,1.0
2023-06-15,-0.007442556900124261,0.25507028060205206,0.00025507028060205205,-0.007697627180726313,2,2,1.0
2023-06-16,-0.0007738329629788489,0.5593486464093431,0.0005593486464093431,-0.001333181609388192,3,1,0.9501862957513489
2023-06-20,-0.0032867727274910083,0.4908658404235341,0.0004908658404235341,-0.0037776385679145425,3,0,0.5
2023-06-21,-0.004493560531672819,0.06667709677411195,6.667709677411194e-05,-0.004560237628446931,3,0,0.481008193426995
2023-06-22,0.006988492040269297,0.07418917853898874,7.418917853898873e-05,0.006914302861730308,4,0,0.46313822370132457
2023-06-23,-0.0013171053885245453,0.1485004216010624,0.0001485004216010624,-0.0014656058101256077,3,0,0.4292140512633541
2023-06-26,0.005765409106551624,0.10077329555717894,0.00010077329555717894,0.0056646358109944455,3,0,0.425137998733733
2023-06-27,0.012412700616315747,0.04822705298635802,4.822705298635802e-05,0.01236447356332939,3,0,0.5
2023-06-28,-0.0021056794442991487,0.28056160135352115,0.00028056160135352115,-0.00238624104565267,3,0,0.5
2023-06-29,0.0026503696418117345,0.10345213307636941,0.00010345213307636942,0.002546917508735365,3,0,0.5
2023-06-30,0.005570351176526671,0.2712426673523556,0.0002712426673523556,0.005299108509174316,3,1,0.5657744169920621
2023-07-03,0.00043790779785555275,0.4218396229518197,0.0004218396229518197,1.606817490373304e-05,3,1,1.0
2023-07-05,-0.007909581608902223,0.060000000000000005,6.000000000000001e-05,-0.007969581608902222,4,1,1.0
2023-07-06,0.003446998405303162,0.34315676843626697,0.000343156768436267,0.0031038416368668947,3,1,1.0
2023-07-07,-0.00350926544880816,0.13479570168035995,0.00013479570168035995,-0.00364406115048852,3,1,0.8880645426660414
2023-07-10,0.0025892107034170917,0.12363622389795623,0.00012363622389795624,0.0024655744795191357,3,1,0.7604865209933862
2023-07-11,-0.0009920964345594306,0.05913214938558204,5.913214938558204e-05,-0.0010512285839450125,2,1,0.6422222222222221
2023-07-12,0.0018867533766470947,0.057101522934138796,5.7101522934138796e-05,0.0018296518537129559,2,1,0.5360574566319334
2023-07-13,-0.004329462675617232,0.05191761720485555,5.191761720485555e-05,-0.004381380292822088,2,1,0.4322222222222224
2023-07-14,0.0036897872295421005,0.07108984862764087,7.108984862764087e-05,0.00361869738091446,2,3,0.39105656600908634
2023-07-17,-0.001613295281760086,0.1109548552759887,0.0001109548552759887,-0.0017242501370360746,2,3,0.3134790314834918
2023-07-18,-0.0010919088109503327,0.0500414195581314,5.00414195581314e-05,-0.001141950230508464,2,3,0.3284024548184986
2023-07-19,-0.0006428599033271355,0.07515774972639491,7.515774972639491e-05,-0.0007180176530535304,2,2,0.38786228141072987
2023-07-20,0.00042386853858975644,0.11653525624677802,0.00011653525624677802,0.00030733328234297844,3,2,0.42499782818998
2023-07-21,0.0016678944669615639,0.17515324910103924,0.00017515324910103924,0.0014927412178605247,2,3,0.3647287793786829
2023-07-24,0.00500209386946495,0.06928925084291968,6.928925084291967e-05,0.00493280461862203,2,3,0.3486443394445492
2023-07-25,0.008867940017158554,0.0617630890874882,6.17630890874882e-05,0.008806176928071065,3,3,0.29328324107601117
2023-07-26,0.0014647463460489307,0.07200088276785081,7.200088276785082e-05,0.0013927454632810799,3,3,0.1953227070540688
2023-07-27,0.0023668301307163226,0.037315971359261,3.7315971359261e-05,0.002329514159357062,3,3,0.17111111111111119
2023-07-28,0.00021081768140204153,0.06,6e-05,0.00015081768140204154,3,3,0.18971986593043222
2023-07-31,-0.0008380759534553779,0.03790944270347191,3.790944270347191e-05,-0.0008759853961588498,3,2,0.17922785984808573
2023-08-01,0.0012697924333561026,0.046836152146265075,4.683615214626508e-05,0.0012229562812098374,3,1,0.0855555555555556
2023-08-02,0.0008682465751638136,0.030823362434995522,3.082336243499552e-05,0.0008374232127288181,3,2,0.06222222222222218
2023-08-03,0.0035627594467069327,0.06,6e-05,0.0035027594467069325,3,2,0.1483345152006328
2023-08-04,-0.0008111869617616874,0.056002690137978414,5.600269013797841e-05,-0.0008671896518996658,3,2,0.21251030054316422
2023-08-07,0.00027415410884978414,0.046924193246033453,4.6924193246033453e-05,0.00022722991560375068,3,3,0.1643574936357232
2023-08-08,-0.00013775535886782845,0.06662319126230606,6.662319126230607e-05,-0.00020437855013013452,2,2,0.031111111111111086
2023-08-09,0.0003228920902744773,0.03829842174596916,3.829842174596916e-05,0.00028459366852850814,2,3,0.09333333333333327
2023-08-10,8.914083031698611e-05,0.03726385046568452,3.726385046568452e-05,5.187697985130159e-05,1,3,0.046666666666666634
2023-08-11,0.0,0.023333333333333317,2.333333333333332e-05,-2.333333333333332e-05,0,0,0.0
2023-08-14,-0.00015200072997967342,0.015555555555555545,1.5555555555555545e-05,-0.00016755628553522897,1,3,0.03111111111111109
2023-08-15,0.00011621718459162404,0.0010005854537147624,1.0005854537147625e-06,0.00011521659913790928,1,3,0.03111111111111109
2023-08-16,-0.0005655955674066422,0.038886232001848105,3.8886232001848105e-05,-0.0006044817994084903,1,3,0.09333333333333325
2023-08-17,-0.002817795793874998,0.060000000000000005,6.000000000000001e-05,-0.002877795793874998,1,3,0.2118121577963456
2023-08-18,-0.0027708618799625225,0.06121734236874801,6.121734236874801e-05,-0.0028320792223312705,1,3,0.32666666666666666
2023-08-21,0.001340544492968103,0.06,6e-05,0.001280544492968103,1,3,0.20666666666666667
2023-08-22,0.0004227972203540955,0.06751555340927198,6.751555340927199e-05,0.0003552816669448235,0,2,0.11666666666666659
2023-08-23,-0.0002465086396040601,0.06000000000000001,6.0000000000000015e-05,-0.0003065086396040601,0,2,0.13091702829729154
2023-08-24,0.001096300373762956,0.034268456432961183,3.426845643296118e-05,0.001062031917329995,0,2,0.14777777777777779
2023-08-25,-0.0012532704501892178,0.06,6e-05,-0.0013132704501892178,0,2,0.15647390619789764
2023-08-28,-0.00034766745967716977,0.03232745518958968,3.2327455189589686e-05,-0.0003799949148667595,0,1,0.1333333333333333
2023-08-29,0.001675048287944086,0.016111111111111076,1.6111111111111077e-05,0.001658937176832975,0,1,0.10111111111111115
2023-08-30,-0.000950882390213567,0.007777777777777717,7.777777777777716e-06,-0.0009586601679913446,0,1,0.11666666666666659
2023-08-31,0.0011613392488307303,0.03111111111111109,3.111111111111109e-05,0.0011302281377196192,0,1,0.054444444444444406
2023-09-01,0.0005671103868205763,0.03322127233365134,3.3221272333651336e-05,0.000533889114486925,0,2,0.046666666666666634
2023-09-05,4.6600783972979086e-05,0.01944444444444443,1.9444444444444432e-05,2.7156339528534654e-05,0,2,0.007777777777777772
2023-09-06,0.0,0.003888888888888886,3.888888888888886e-06,-3.888888888888886e-06,0,0,0.0
2023-09-07,0.0,0.0,0.0,0.0,0,0,0.0
2023-09-08,0.0,0.0,0.0,0.0,0,0,0.0
2023-09-11,-0.00012484218638891185,0.015555555555555546,1.5555555555555548e-05,-0.0001403977419444674,1,2,0.031111111111111093
2023-09-12,0.0,0.015555555555555546,1.5555555555555548e-05,-1.5555555555555548e-05,0,0,0.0
2023-09-13,1.6068491122585663e-05,0.007777777777777772,7.777777777777772e-06,8.290713344807891e-06,2,3,0.015555555555555545
2023-09-14,0.0,0.007777777777777772,7.777777777777772e-06,-7.777777777777772e-06,0,0,0.0
2023-09-15,-4.93011085938381e-05,0.007777777777777772,7.777777777777772e-06,-5.707888637161587e-05,3,3,0.015555555555555545
2023-09-18,0.0,0.007777777777777772,7.777777777777772e-06,-7.777777777777772e-06,0,0,0.0
2023-09-19,0.0,0.0,0.0,0.0,0,0,0.0
2023-09-20,0.0,0.0,0.0,0.0,0,0,0.0
2023-09-21,-4.57714514808241e-05,0.007777777777777772,7.777777777777772e-06,-5.3549229258601874e-05,2,2,0.015555555555555545
2023-09-22,-6.638348375385803e-05,0.031254231257245066,3.1254231257245066e-05,-9.76377150111031e-05,3,2,0.06222222222222217
2023-09-25,5.727385487625281e-05,0.05801345529709605,5.801345529709605e-05,-7.396004208432398e-07,3,1,0.07777777777777771
2023-09-26,6.12915473613058e-05,0.035488325513628044,3.5488325513628045e-05,2.580322184767775e-05,3,1,0.09333333333333327
2023-09-27,-0.0003383413493575958,0.03616647824470934,3.6166478244709336e-05,-0.0003745078276023051,3,0,0.046666666666666634
2023-09-28,0.00013470707068692842,0.015555555555555541,1.555555555555554e-05,0.00011915151513137287,3,0,0.015555555555555546
2023-09-29,0.0,0.007777777777777773,7.777777777777774e-06,-7.777777777777774e-06,0,0,0.0
2023-10-02,5.577255642365111e-06,0.003888888888888886,3.888888888888886e-06,1.6883667534762246e-06,1,0,0.007777777777777772
2023-10-03,-0.00029139746566379755,0.003888888888888886,3.888888888888886e-06,-0.00029528635455268644,1,0,0.015555555555555545
2023-10-04,-0.0002503695155161077,0.0213888888888889,2.1388888888888902e-05,-0.00027175840440499656,2,0,0.05833333333333335
2023-10-05,0.0,0.029166666666666674,2.9166666666666673e-05,-2.9166666666666673e-05,0,0,0.0
2023-10-06,-8.013826293117691e-05,0.00833333333333336,8.333333333333359e-06,-8.847159626451027e-05,2,0,0.01666666666666672
2023-10-09,6.355557380735047e-05,0.018064357119926797,1.80643571199268e-05,4.549121668742367e-05,2,1,0.050000000000000044
2023-10-10,-0.0011479307979609776,0.05999999999999999,5.9999999999999995e-05,-0.0012079307979609775,2,3,0.15579551239546527
2023-10-11,0.0004347492548626781,0.05416532451536253,5.416532451536253e-05,0.00038058393034731556,2,3,0.1066416311991059
2023-10-12,0.0012856668658401042,0.05413613846923233,5.413613846923233e-05,0.0012315307273708719,3,3,0.1974819052304577
2023-10-13,0.002166677374893749,0.07509102302286663,7.509102302286663e-05,0.002091586351870882,3,3,0.347663951276191
2023-10-16,-0.0025326111287871274,0.05055060481109723,5.055060481109723e-05,-0.0025831617335982248,3,3,0.3627891172407855
2023-10-17,-0.0005874909400929902,0.06639455862039283,6.639455862039282e-05,-0.000653885498713383,3,3,0.22999999999999982
2023-10-18,0.0035206238275034066,0.09273834152130381,9.273834152130381e-05,0.003427885485982103,3,3,0.1362250291289397
2023-10-19,0.0019025050885845267,0.040369334814912776,4.036933481491278e-05,0.001862135753769614,3,3,0.14527829204984724
2023-10-20,0.0003291136040618264,0.055972479358256895,5.59724793582569e-05,0.0002731411247035695,1,3,0.03333333333333344
2023-10-23,0.0,0.01666666666666672,1.6666666666666718e-05,-1.6666666666666718e-05,0,0,0.0
2023-10-24,0.0,0.0,0.0,0.0,0,0,0.0
2023-10-25,8.805088588114195e-07,0.01666666666666672,1.6666666666666718e-05,-1.57861578078553e-05,3,3,0.03333333333333344
2023-10-26,-0.0008169067718398695,0.033333333333333326,3.333333333333333e-05,-0.0008502401051732029,3,3,0.10000000000000007
2023-10-27,-0.00036199582876575746,0.04480813020467923,4.4808130204679234e-05,-0.0004068039589704367,3,3,0.05000000000000004
2023-10-30,0.00021281516235586653,0.021589879112355367,2.1589879112355367e-05,0.00019122528324351116,3,3,0.03333333333333344
2023-10-31,-7.127620081906545e-05,0.01054421548717015,1.054421548717015e-05,-8.18204163062356e-05,3,3,0.03333333333333344
2023-11-01,0.00031442039755200845,0.04166666666666663,4.166666666666663e-05,0.0002727537308853418,3,3,0.1166666666666667
2023-11-02,-0.0013970425195372078,0.060000000000000005,6.000000000000001e-05,-0.0014570425195372077,3,3,0.22036672656271597
2023-11-03,0.004507463251808692,0.07481663671864201,7.481663671864201e-05,0.004432646615090049,3,3,0.37
2023-11-06,-0.0016625254296441724,0.10188439408105855,0.00010188439408105856,-0.001764409823725231,3,3,0.5737687881621171
2023-11-07,0.0012261214605440297,0.1079261599027775,0.0001079261599027775,0.0011181953006412521,3,3,0.6554444723760622
2023-11-08,0.008592472105497169,0.23700236844370712,0.00023700236844370712,0.00835546973705346,1,3,0.8418969446923421
2023-11-09,-0.0003249332025370157,0.23966642968974386,0.00023966642968974386,-0.0005645996322267596,2,2,0.8208224738644665
2023-11-10,0.01099298664849191,0.7094822456113441,0.0007094822456113441,0.010283504402880565,2,1,0.965419629031348
2023-11-13,-0.004062340046242422,0.10789273301449848,0.00010789273301449848,-0.00417023277925692,1,2,0.9576228906400316
2023-11-14,0.006859395583592722,0.39121726053796224,0.00039121726053796226,0.00646817832305476,1,2,0.8732489170677331
2023-11-15,-0.004540072373681554,0.09934434464234182,9.934434464234182e-05,-0.0046394167183238955,2,1,0.9910387940950078
2023-11-16,-0.005984536225680208,0.28816787298938795,0.00028816787298938795,-0.006272704098669596,3,1,0.960140599097894
2023-11-17,0.0036248730552112334,0.1758405091295913,0.0001758405091295913,0.003449032546081642,3,1,1.0
2023-11-20,-0.0011307533855024992,0.1410199256564622,0.00014101992565646222,-0.0012717733111589614,3,1,1.0
2023-11-21,0.005150974744121646,0.11378604032187835,0.00011378604032187835,0.005037188703799768,3,1,1.0
2023-11-22,0.0017465859156343263,0.05586853993788332,5.5868539937883325e-05,0.001690717375696443,3,1,0.9999999999999999
2023-11-27,0.012765627717787312,0.10154582308355455,0.00010154582308355455,0.012664081894703758,3,1,1.0
2023-11-28,0.0003918394097098014,0.17710963701028248,0.0001771096370102825,0.0002147297726995189,2,2,1.0
2023-11-29,-0.005321060980853722,0.25899589339655743,0.00025899589339655745,-0.00558005687425028,2,3,1.0
2023-11-30,-0.0033177173873521985,0.21347737899136496,0.00021347737899136496,-0.0035311947663435633,2,3,1.0
2023-12-01,-0.006859011053279181,0.12258461133693113,0.00012258461133693113,-0.006981595664616112,2,3,1.0
2023-12-04,0.007234947514421353,0.19890554174229866,0.00019890554174229865,0.007036041972679054,2,2,0.9159317414509374
2023-12-05,0.005140100666985885,0.3217763161660412,0.0003217763161660412,0.004818324350819843,0,3,0.5
2023-12-06,0.0038074955530377364,0.1814084123616585,0.0001814084123616585,0.003626087140676078,0,3,0.49999999999999994
2023-12-07,-0.00312677353917572,0.07822557608466645,7.822557608466645e-05,-0.0032049991152603863,0,3,0.49999999999999994
2023-12-08,0.005683941934387117,0.20123501287887213,0.00020123501287887214,0.005482706921508245,2,3,0.5542562125992745
2023-12-11,-0.004356642442943398,0.4857536366925778,0.00048575363669257785,-0.004842396079635976,3,3,1.0
2023-12-12,-0.0004750550882274831,0.5684162742536627,0.0005684162742536627,-0.0010434713624811458,3,3,1.0
2023-12-13,-0.004284149511184516,0.33899469923895176,0.00033899469923895175,-0.004623144210423468,3,2,1.0
2023-12-14,0.006588701284057347,0.5809433159281622,0.0005809433159281622,0.006007757968129184,3,2,1.0
2023-12-15,-0.00679454751511592,0.1972105493829158,0.0001972105493829158,-0.006991758064498836,3,1,0.9999999999999999
2023-12-18,-0.004098226759775474,0.14347179106819408,0.00014347179106819407,-0.004241698550843668,3,1,1.0
2023-12-19,-0.00674641626655693,0.05337498375695164,5.337498375695164e-05,-0.006799791250313882,3,1,0.9305846585344459
2023-12-20,-0.035174885221609505,0.38125700505491555,0.00038125700505491555,-0.03555614222666442,3,0,0.5
2023-12-21,0.003124019705235303,0.04691893360855507,4.691893360855507e-05,0.003077100771626748,3,0,0.5
2023-12-22,0.0013368716796484893,0.06000000000000001,6.0000000000000015e-05,0.0012768716796484893,3,0,0.5
2023-12-26,0.006019118710311237,0.06000000000000002,6.000000000000002e-05,0.005959118710311237,1,0,0.38
2023-12-27,0.0,0.19,0.00019,-0.00019,0,0,0.0
2023-12-28,0.0,0.0,0.0,0.0,0,0,0.0
2023-12-29,0.0,0.0,0.0,0.0,0,0,0.0
2024-01-02,0.0,0.0,0.0,0.0,0,0,0.0
2024-01-03,-0.0006078026938995024,0.06,6e-05,-0.0006678026938995024,1,0,0.12
2024-01-04,-0.003165052579720122,0.25,0.00025,-0.0034150525797201218,1,1,0.62
2024-01-05,-0.009967178532395149,0.19,0.00019,-0.010157178532395148,1,1,0.88
2024-01-08,-0.007390894952151624,0.08333333333333333,8.333333333333333e-05,-0.007474228285484958,3,1,0.8269329089054633
2024-01-09,-0.0006461937983507273,0.31149353537293084,0.00031149353537293086,-0.0009576873337236581,3,2,0.8295562757020405
2024-01-10,0.0011955344328903553,0.35543437407479733,0.00035543437407479735,0.000840100058815558,3,3,0.9999999999999999
2024-01-11,-0.00239666655410559,0.135400720529122,0.000135400720529122,-0.002532067274634712,3,3,1.0
2024-01-12,0.00595025454000704,0.2709343458380611,0.0002709343458380611,0.005679320194168979,3,3,1.0
2024-01-16,-0.009587694565231277,0.058393916261433775,5.839391626143378e-05,-0.00964608848149271,3,3,1.0
2024-01-17,-0.0022428174063102396,0.3238293822733902,0.0003238293822733902,-0.00256664678858363,3,3,1.0
2024-01-18,-0.005279119640344045,0.3630310712769297,0.0003630310712769297,-0.005642150711620974,3,3,0.9811860012163333
2024-01-19,0.0011687770704101011,0.45265067381297264,0.0004526506738129726,0.0007161263965971285,2,3,0.7772245619157878
2024-01-22,-0.0026812415142991116,0.23625022307130156,0.00023625022307130155,-0.002917491737370413,2,2,0.6236899993580409
2024-01-23,0.017277548262616287,0.30124553996966746,0.00030124553996966746,0.01697630272264662,3,3,0.7629389796797204
2024-01-24,0.009322967614107561,0.5958438094894505,0.0005958438094894505,0.008727123804618112,3,3,0.9359544155262021
2024-01-25,0.003513549694890786,0.13391493875913252,0.00013391493875913253,0.0033796347561316532,3,2,0.8486147951735096
2024-01-26,-0.004800609427950925,0.09704567825950347,9.704567825950347e-05,-0.004897655106210428,3,2,0.8780121269187466
2024-01-29,-0.005587891262698013,0.4291574989321526,0.0004291574989321526,-0.006017048761630166,3,2,0.7923024704111865
2024-01-30,-0.0030340771581766185,0.4744303268856656,0.00047443032688566564,-0.0035085074850622843,1,3,0.6273194806640966
2024-01-31,0.0007580512915323905,0.19211324946246203,0.00019211324946246202,0.0005659380420699285,2,3,0.5781219787123609
2024-02-01,0.0035735557384922,0.1890170278249061,0.0001890170278249061,0.003384538710667294,2,3,0.6373998038273232
2024-02-02,0.008363029555630024,0.2801028199858681,0.0002801028199858681,0.008082926735644156,3,3,0.5766377183128203
2024-02-05,0.0017791699135989696,0.22049182370988582,0.00022049182370988582,0.0015586780898890838,3,3,0.6561169233672524
2024-02-06,0.00256053321425812,0.2467837174773884,0.0002467837174773884,0.002313749496780732,3,3,0.75
2024-02-07,0.005865357076705389,0.10808190358647726,0.00010808190358647726,0.005757275173118912,3,2,0.7608243464811213
2024-02-08,-0.0019531943961070414,0.17065691195263402,0.00017065691195263403,-0.0021238513080596754,3,2,0.817783584186001
2024-02-09,-0.001885112077507132,0.2769330093795442,0.00027693300937954417,-0.0021620450868866763,2,2,0.9449567937688291
2024-02-12,0.0005796703801514457,0.24636712180121279,0.0002463671218012128,0.00033330325835023293,2,2,0.8350486897292375
2024-02-13,0.0017080709398390858,0.2940968010772418,0.0002940968010772418,0.001413974138761844,2,1,0.572663749234512
2024-02-14,0.002183272644263568,0.06633187461725604,6.633187461725603e-05,0.002116940769646312,3,1,0.5599999999999998
2024-02-15,0.00013123099886995916,0.053806877799606065,5.380687779960607e-05,7.74241210703531e-05,3,3,0.5185741573893313
2024-02-16,-0.0016386105508441305,0.29868205252099617,0.00029868205252099616,-0.0019372926033651267,3,3,0.40537504390583284
2024-02-20,0.001413413304513121,0.07118248463363257,7.118248463363257e-05,0.0013422308198794883,3,2,0.4651390505948785
2024-02-21,-0.0028885500391664523,0.25941257186405586,0.0002594125718640559,-0.003147962611030508,3,3,0.37912648732431703
2024-02-22,-0.003927722915174943,0.1930572530749323,0.0001930572530749323,-0.004120780168249875,3,3,0.3328634916590314
2024-02-23,-0.0035202946014460923,0.05619415208724843,5.619415208724843e-05,-0.003576488753533341,3,3,0.31666666666666665
2024-02-26,-0.00034124665799154115,0.048770959512025036,4.877095951202504e-05,-0.0003900176175035662,3,3,0.28
2024-02-27,0.0038289906442150238,0.05999999999999999,5.9999999999999995e-05,0.0037689906442150236,3,3,0.37314486077961817
2024-02-28,3.1098264685577946e-05,0.09836889719570659,9.83688971957066e-05,-6.727063251012865e-05,3,3,0.5392240777103103
2024-02-29,-0.0022816005209632248,0.18012312323744872,0.00018012312323744873,-0.0024617236442006736,3,3,0.29481276622436986
2024-03-01,0.00027716008233738976,0.048175378157221276,4.8175378157221275e-05,0.0002289847041801685,2,3,0.22220389881914776
2024-03-04,0.00029197971462542935,0.03516586721662289,3.516586721662289e-05,0.0002568138474088065,2,3,0.2488888888888889
2024-03-05,0.0016190488405314328,0.060000000000000005,6.000000000000001e-05,0.0015590488405314328,2,5,0.25094943171177037
2024-03-06,-0.0009799539719612363,0.14331898145144004,0.00014331898145144003,-0.0011232729534126763,2,4,0.27763576400216605
2024-03-07,-0.0014461087587461926,0.1693146314122044,0.0001693146314122044,-0.001615423390158397,1,3,0.2917511534739503
2024-03-08,0.0024536374676054702,0.14975005701914493,0.00014975005701914492,0.0023038874105863255,2,3,0.22515609669956663
2024-03-11,-0.0015985564392649652,0.0695505304940966,6.955053049409659e-05,-0.0016681069697590618,2,3,0.27546300837142845
2024-03-12,-0.0018281162259090726,0.04405430324409858,4.4054303244098576e-05,-0.0018721705291531712,3,3,0.2575014973198094
2024-03-13,0.0011120201411056467,0.08380143976645774,8.380143976645774e-05,0.001028218701339189,3,3,0.1840916530165278
2024-03-14,-0.0005361987782394417,0.07566658780057825,7.566658780057825e-05,-0.00061186536604002,3,3,0.25192718991545976
2024-03-15,0.001790913633650627,0.08977567706334834,8.977567706334834e-05,0.0017011379565872787,3,3,0.42444444444444424
2024-03-18,-0.0002243836590129748,0.20444444444444435,0.00020444444444444435,-0.00042882810345741914,3,3,0.015555555555555543
2024-03-19,-2.9156825233446007e-05,0.0033743155805239667,3.3743155805239668e-06,-3.253114081396997e-05,3,2,0.015555555555555545
2024-03-20,0.0,0.007777777777777772,7.777777777777772e-06,-7.777777777777772e-06,0,0,0.0
2024-03-21,0.0,0.0,0.0,0.0,0,0,0.0
2024-03-22,0.0005030551363976528,0.007777777777777772,7.777777777777772e-06,0.000495277358619875,2,0,0.015555555555555545
2024-03-25,-0.0002384748888756303,0.00528976741640217,5.28976741640217e-06,-0.00024376465629203246,2,0,0.023333333333333317
2024-03-26,-4.631325772808913e-05,0.021020032286155666,2.1020032286155668e-05,-6.73332900142448e-05,1,0,0.03111111111111109
2024-03-27,-0.00037832613592557636,0.023333333333333317,2.333333333333332e-05,-0.0004016594692589097,0,1,0.015555555555555545
2024-03-28,4.006281803950435e-05,0.026274175301804262,2.6274175301804265e-05,1.3788642737700086e-05,1,2,0.046666666666666634
2024-04-01,0.00023211855987488537,0.008979614085339503,8.979614085339504e-06,0.00022313894578954586,1,2,0.06222222222222218
2024-04-02,0.0,0.03111111111111109,3.111111111111109e-05,-3.111111111111109e-05,0,0,0.0
2024-04-03,-1.2697519523362588e-05,0.007777777777777772,7.777777777777772e-06,-2.047529730114036e-05,1,3,0.015555555555555543
2024-04-04,0.0,0.007777777777777772,7.777777777777772e-06,-7.777777777777772e-06,0,0,0.0
2024-04-05,0.0,0.0,0.0,0.0,0,0,0.0
2024-04-08,0.0,0.0,0.0,0.0,0,0,0.0
2024-04-09,0.0,0.0,0.0,0.0,0,0,0.0
2024-04-10,0.0001373261110309466,0.015555555555555546,1.5555555555555548e-05,0.00012177055547539105,1,3,0.03111111111111109
2024-04-11,-0.00010496481378347331,0.008672900882863066,8.672900882863067e-06,-0.00011363771466633637,1,2,0.046666666666666634
2024-04-12,8.710359085934016e-05,0.028814316442440882,2.8814316442440884e-05,5.8289274416899276e-05,0,3,0.015555555555555546
2024-04-15,0.00015817737343988163,0.014887383818528822,1.4887383818528822e-05,0.0001432899896213528,0,3,0.031111111111111082
2024-04-16,0.0,0.015555555555555541,1.555555555555554e-05,-1.555555555555554e-05,0,0,0.0
2024-04-17,0.0,0.0,0.0,0.0,0,0,0.0
2024-04-18,0.0002556061743981369,0.008333333333333304,8.333333333333303e-06,0.0002472728410648036,3,3,0.016666666666666607
2024-04-19,2.3421556207536644e-05,0.012461999681345258,1.2461999681345259e-05,1.0959556526191386e-05,3,2,0.03333333333333344
2024-04-22,0.0005314322204355199,0.016951869108400255,1.6951869108400256e-05,0.0005144803513271196,3,2,0.050000000000000044
2024-04-23,-3.691340181358598e-05,0.01666666666666672,1.6666666666666718e-05,-5.3580068480252703e-05,3,2,0.016666666666666607
2024-04-24,0.0006107630886772926,0.04166666666666674,4.166666666666674e-05,0.0005690964220106258,3,3,0.10000000000000009
2024-04-25,0.002103645539886815,0.06,6e-05,0.0020436455398868147,3,3,0.1668302504166094
2024-04-26,-0.00024406261501425507,0.05432058343660102,5.432058343660102e-05,-0.0002983831984508561,3,3,0.1499999999999999
2024-04-29,0.0008135656036088616,0.03893653157923335,3.893653157923335e-05,0.0007746290720296282,3,3,0.15555555555555567
2024-04-30,0.000773855774687455,0.015555555555555652,1.5555555555555653e-05,0.0007583002191318993,3,3,0.12444444444444436
2024-05-01,-0.0013472716137759768,0.05999999999999997,5.9999999999999974e-05,-0.0014072716137759767,3,3,0.2130687826363366
2024-05-02,0.0009440488687222014,0.06098517862356159,6.098517862356159e-05,0.0008830636900986398,3,3,0.21673129061788082
2024-05-03,0.00011721688974402197,0.0598063292048782,5.9806329204878205e-05,5.741056053914377e-05,4,2,0.225755779009354
2024-05-06,-0.009768614281231183,0.22004348990241296,0.00022004348990241297,-0.009988657771133596,1,1,0.37
2024-05-07,0.009934577462131283,0.06,6e-05,0.009874577462131284,1,2,0.46798218412232223
2024-05-08,0.005919001560036718,0.21128380737250885,0.00021128380737250884,0.005707717752664209,1,2,0.6753947055974878
2024-05-09,0.007248986425740063,0.04916169759206391,4.916169759206391e-05,0.007199824728147999,2,2,0.6714141126758396
2024-05-10,-0.001574899817591219,0.27272314207735915,0.00027272314207735915,-0.001847622959668578,2,1,0.6066666666666667
2024-05-13,-0.0007571703753362125,0.0502035320208401,5.02035320208401e-05,-0.0008073739073570526,2,1,0.5288888888888889
2024-05-14,0.0005731742260084568,0.06,6e-05,0.0005131742260084568,2,1,0.6488888888888888
2024-05-15,-0.003136383333193541,0.09419040498434836,9.419040498434836e-05,-0.003230573738177889,2,1,0.7808285555485661
2024-05-16,-0.0029280096988446745,0.047368078360164656,4.7368078360164655e-05,-0.002975377777204839,2,1,0.8200000000000001
2024-05-17,0.004907518241164005,0.1055241532133447,0.0001055241532133447,0.00480199408795066,2,1,0.9220453960641525
2024-05-20,0.0035472132089025806,0.18805240614197521,0.00018805240614197522,0.0033591608027606053,1,1,0.7666666666666666
2024-05-21,0.00472358006274381,0.07777777777777778,7.777777777777778e-05,0.004645802284966032,1,1,0.611111111111111
2024-05-22,-0.001077642235952074,0.2270175438596491,0.0002270175438596491,-0.0013046597798117231,1,1,0.3844444444444444
2024-05-23,0.0008871675445631456,0.1385380116959064,0.0001385380116959064,0.0007486295328672392,4,1,0.6014545454545454
2024-05-24,0.004037245555559872,0.3901881466864767,0.00039018814668647674,0.0036470574088733948,3,1,0.9003762933729534
2024-05-28,0.0008029568167017662,0.08267296889769085,8.267296889769085e-05,0.0007202838478040754,3,1,1.0
2024-05-29,0.0025126795928897094,0.2745759180817334,0.00027457591808173346,0.002238103674807976,3,2,0.9999999999999999
2024-05-30,0.0011281446391831096,0.6907796531305395,0.0006907796531305394,0.0004373649860525702,3,3,0.9251206162358263
2024-05-31,0.0025854327430555454,0.3019386139962514,0.0003019386139962514,0.002283494129059294,3,3,0.5342740866104635
2024-06-03,6.258053477469817e-05,0.20889927932922978,0.00020889927932922977,-0.0001463187445545316,3,3,0.5600972817531866
2024-06-04,-0.001158584694982183,0.07850428742628729,7.850428742628729e-05,-0.0012370889824084702,3,3,0.5919508921440773
2024-06-05,0.0017955673835627533,0.20402455392796137,0.00020402455392796139,0.001591542829634792,3,3,1.0
2024-06-06,0.003707170481272013,0.3714050214618875,0.0003714050214618875,0.003335765459810126,3,3,1.0
2024-06-07,-0.0020240253200653983,0.5190347093659141,0.0005190347093659141,-0.002543060029431312,3,3,0.9561832377146894
2024-06-10,-0.0002996177137242347,0.6246694834423523,0.0006246694834423523,-0.0009242871971665871,0,2,0.5
2024-06-11,0.009572124770878664,0.11480680639701546,0.00011480680639701546,0.009457317964481649,3,2,0.5637522601760293
2024-06-12,-0.014247472006208633,0.41302861213563236,0.00041302861213563235,-0.014660500618344266,3,3,1.0
2024-06-13,0.00034848713740970945,0.362171910935455,0.000362171910935455,-1.3684773525745545e-05,3,3,1.0
2024-06-14,0.0037675005857555903,0.332561689673296,0.00033256168967329606,0.003434938896082294,3,2,0.9943761073543976
2024-06-17,0.003912487349115023,0.3739496175093219,0.0003739496175093219,0.0035385377316057014,3,1,0.961672891831728
2024-06-18,-0.005332894612021638,0.05117651745682798,5.117651745682798e-05,-0.005384071129478466,3,1,0.961471826148939
2024-06-20,0.00037442952435448595,0.22195205490174255,0.00022195205490174255,0.0001524774694527434,3,1,0.8620921423510957
2024-06-21,0.0015760883619609862,0.1980608450669668,0.0001980608450669668,0.0013780275168940193,3,1,0.5133333333333333
2024-06-24,0.0020857124748372654,0.059999999999999984,5.999999999999999e-05,0.0020257124748372653,3,1,0.4939200753332901
2024-06-25,-0.0004226247636695544,0.10248525348388067,0.00010248525348388067,-0.000525110017153435,3,2,0.4781554945952039
2024-06-26,0.018156237184658898,0.3320842488735537,0.0003320842488735537,0.017824152935785344,4,3,0.5270519857265247
2024-06-27,0.004963336096761223,0.27718827543759883,0.0002771882754375988,0.004686147821323624,3,3,0.46232201266471223
2024-06-28,0.0006940732192500373,0.19423988923597976,0.00019423988923597977,0.0004998333300140575,2,2,0.5718578157047305
2024-07-01,-0.002306614463566615,0.2208039621821498,0.00022080396218214978,-0.002527418425748765,2,3,0.5169787615449466
2024-07-02,0.0006393801331185766,0.17217744828160872,0.00017217744828160872,0.00046720268483696795,2,3,0.4044444444444444
2024-07-03,-0.0017843928536050043,0.060000000000000005,6.000000000000001e-05,-0.0018443928536050042,2,3,0.4044444444444444
2024-07-05,-0.0011348717447381771,0.11884062191979583,0.00011884062191979583,-0.001253712366657973,2,3,0.4183857088474715
2024-07-08,0.004709120182267424,0.1477901534184176,0.0001477901534184176,0.004561330028849006,2,3,0.4244481504906362
2024-07-09,-0.002010366946320597,0.13767748529995788,0.00013767748529995788,-0.002148044431620555,2,3,0.35293592767201454
2024-07-10,0.001119292626985147,0.13729638941750974,0.00013729638941750973,0.0009819962375676372,2,3,0.4973319446985841
2024-07-11,0.0012518960293859535,0.07849647230935776,7.849647230935776e-05,0.0011733995570765957,3,3,0.5956649249622474
2024-07-12,0.0023739534518687202,0.37102799606434234,0.00037102799606434235,0.0020029254558043778,3,4,0.7132454444337865
2024-07-15,0.01084787276173486,0.3131377211469061,0.0003131377211469061,0.010534735040587955,2,3,0.6905098176200994
2024-07-16,-0.002789371049454451,0.27338899758557744,0.00027338899758557746,-0.0030627600470400284,2,3,0.6621135219241625
2024-07-17,0.0034542825524876107,0.18652557988880236,0.00018652557988880236,0.0032677569725988085,3,3,0.7346644318538929
2024-07-18,0.0023921084811460032,0.4404712393520247,0.0004404712393520247,0.0019516372417939785,3,3,0.7594857194862453
2024-07-19,-0.006326392726774396,0.3610201788221545,0.0003610201788221545,-0.00668741290559655,3,3,0.6471547520272005
2024-07-22,-0.0008962812266325699,0.17946458480687918,0.0001794645848068792,-0.001075745811439449,3,3,0.2882255824134422
2024-07-23,-0.00039239773282531877,0.09836238255886424,9.836238255886424e-05,-0.000490760115384183,3,3,0.1207835747554486
2024-07-24,0.0022916766052969496,0.05838176763791511,5.838176763791511e-05,0.0022332948376590344,3,3,0.2011692602161338
2024-07-25,-0.006905961094575483,0.08454417627917009,8.454417627917009e-05,-0.006990505270854653,3,3,0.3508763060792775
2024-07-26,0.0011238572200366727,0.08691767286127994,8.691767286127994e-05,0.0010369395471753928,3,3,0.2466666666666667
2024-07-29,0.00045291232519146916,0.12082643858277123,0.00012082643858277123,0.00033208588660869795,3,3,0.03333333333333344
2024-07-30,-0.001708333075139737,0.060000000000000005,6.000000000000001e-05,-0.0017683330751397369,3,3,0.1445340115150893
2024-07-31,-0.00299534837941064,0.05403779029649878,5.403779029649878e-05,-0.003049386169707139,3,2,0.15647744865792995
2024-08-01,-0.001359829336188668,0.03675825456358346,3.6758254563583466e-05,-0.0013965875907522515,1,1,0.1166666666666667
2024-08-02,-8.828014485796475e-05,0.06000000000000001,6.0000000000000015e-05,-0.00014828014485796477,3,2,0.16674172353737288
2024-08-05,0.0017834058667565297,0.03503752843535305,3.503752843535305e-05,0.0017483683383211766,3,2,0.09666666666666676
2024-08-06,0.0,0.04833333333333338,4.833333333333338e-05,-4.833333333333338e-05,0,0,0.0
2024-08-07,0.0,0.0,0.0,0.0,0,0,0.0
2024-08-08,-0.00024088193198664113,0.008333333333333304,8.333333333333303e-06,-0.00024921526531997444,3,3,0.016666666666666607
2024-08-09,-0.00010801923268538695,0.0036037378028972566,3.6037378028972565e-06,-0.0001116229704882842,3,3,0.01666666666666661
2024-08-12,-0.0002665602412542138,0.01847952580590733,1.8479525805907333e-05,-0.00028503976706012116,3,2,0.05000000000000005
2024-08-13,-0.0008539678979578724,0.03248446225436965,3.248446225436965e-05,-0.000886452360212242,3,2,0.08333333333333348
2024-08-14,-0.00036374992575416356,0.019211327068214434,1.9211327068214434e-05,-0.00038296125282237796,3,2,0.08333333333333348
2024-08-15,-0.0026394181572564845,0.060000000000000005,6.000000000000001e-05,-0.0026994181572564846,3,2,0.16200033853692394
2024-08-16,0.002035692838118166,0.05999999999999999,5.9999999999999995e-05,0.001975692838118166,2,2,0.2010144927536232
2024-08-19,-0.001435650748737098,0.083787867503375,8.378786750337499e-05,-0.001519438616240473,0,2,0.21800703904830016
2024-08-20,0.00024696665240806355,0.03983685285748343,3.983685285748343e-05,0.0002071297995505801,0,1,0.1383333333333333
2024-08-21,0.0,0.06916666666666665,6.916666666666665e-05,-6.916666666666665e-05,0,0,0.0
2024-08-22,0.0,0.0,0.0,0.0,0,0,0.0
2024-08-23,0.0,0.0,0.0,0.0,0,0,0.0
2024-08-26,0.0,0.0,0.0,0.0,0,0,0.0
2024-08-27,0.0,0.0,0.0,0.0,0,0,0.0
2024-08-28,-0.0008308867542422062,0.05999999999999999,5.9999999999999995e-05,-0.0008908867542422063,0,1,0.11999999999999998
2024-08-29,0.002512594253380041,0.056666666666666705,5.6666666666666705e-05,0.002455927586713374,0,1,0.2333333333333334
2024-08-30,-0.00040043828865543135,0.06,6e-05,-0.00046043828865543134,0,1,0.1133333333333334
2024-09-03,-0.0022562861024136615,0.053749999999999964,5.3749999999999965e-05,-0.0023100361024136614,0,1,0.22083333333333333
2024-09-04,-0.000986472587917998,0.05999999999999999,5.9999999999999995e-05,-0.001046472587917998,1,1,0.3408333333333333
2024-09-05,0.01250145294549005,0.06801666666666666,6.801666666666666e-05,0.012433436278823384,2,1,0.43192775717570997
2024-09-06,-3.791309181696747e-05,0.19293131069834282,0.00019293131069834284,-0.00023084440251531032,3,1,0.08333333333333348
2024-09-09,-0.0009312976649701805,0.04613740977174073,4.613740977174073e-05,-0.0009774350747419212,3,1,0.1499999999999999
2024-09-10,-0.00040599797726501117,0.04021706035540052,4.021706035540052e-05,-0.0004462150376204117,3,1,0.08333333333333348
2024-09-11,0.0004385155985732567,0.051811315149627675,5.1811315149627676e-05,0.00038670428342362905,3,1,0.18333333333333335
2024-09-12,-0.00033571348270572285,0.06,6e-05,-0.00039571348270572284,3,2,0.19299368340871143
2024-09-13,0.0005120448388857869,0.09756426733550769,9.756426733550768e-05,0.0004144805715502792,3,1,0.2567288830580302
2024-09-16,-0.0040361162887840975,0.041370084256422766,4.137008425642277e-05,-0.00407748637304052,3,2,0.31172334379356814
2024-09-17,-0.0009630134730283938,0.058692502249178165,5.869250224917817e-05,-0.001021705975277572,3,2,0.36460675907986634
2024-09-18,0.0025809239811003665,0.037765463266195926,3.776546326619593e-05,0.0025431585178341707,3,2,0.3570841348569742
2024-09-19,0.0012554370877426162,0.04569148634238279,4.5691486342382796e-05,0.0012097456014002334,3,2,0.32137599996466915
2024-09-20,0.001979122468760498,0.040481838681290294,4.04818386812903e-05,0.001938640630079208,1,2,0.25
2024-09-23,0.0009476163350530068,0.06,6e-05,0.0008876163350530067,2,3,0.3038040377187063
2024-09-24,-0.00575588416873133,0.20507521935033887,0.00020507521935033887,-0.005960959388081669,2,3,0.523623839582307
2024-09-25,-0.0038877746286173284,0.09885837831246441,9.885837831246441e-05,-0.0039866330069297925,2,3,0.6000000000000001
2024-09-26,0.008979895388506519,0.06,6e-05,0.00891989538850652,2,3,0.6380789302657717
2024-09-27,-0.001445927882328595,0.10581311075738542,0.00010581311075738543,-0.0015517409930859804,3,3,0.6833333333333335
2024-09-30,-0.008354639987521667,0.17458906125976592,0.00017458906125976593,-0.008529229048781433,3,3,0.6877998645671733
2024-10-01,0.002113516650499315,0.3389122238147339,0.0003389122238147339,0.0017746044266845813,3,1,0.6456776465910017
2024-10-02,-0.0006406766252958045,0.1335603390610885,0.0001335603390610885,-0.0007742369643568929,2,1,0.42429843653301647
2024-10-03,0.0030677773521611365,0.07377475121687743,7.377475121687743e-05,0.002994002600944259,2,1,0.31333333333333335
2024-10-04,0.004303534856156536,0.04105920924357663,4.105920924357663e-05,0.004262475646912959,2,1,0.2333333333333334
2024-10-07,-0.001186842412064984,0.06,6e-05,-0.0012468424120649839,3,3,0.19793028498040974
2024-10-08,0.00045854312661282445,0.11610625220077836,0.00011610625220077836,0.0003424368744120461,2,4,0.21411805484716107
2024-10-09,-0.00012475516034474962,0.05039236075691385,5.039236075691385e-05,-0.00017514752110166348,2,3,0.1133333333333334
2024-10-10,-0.0006501294550422093,0.004525844955267387,4.525844955267388e-06,-0.0006546552999974766,2,3,0.1166666666666667
2024-10-11,-0.0012776422810785127,0.021167671557370083,2.1167671557370083e-05,-0.0012988099526358829,2,3,0.1499999999999999
2024-10-14,-0.00014685904903265944,0.02569180759375987,2.5691807593759873e-05,-0.00017255085662641931,2,3,0.1499999999999999
2024-10-15,0.001272277709334711,0.060000000000000005,6.000000000000001e-05,0.001212277709334711,2,3,0.1953770732023646
2024-10-16,0.0009092399359364675,0.07123948259792293,7.123948259792293e-05,0.0008380004533385445,1,3,0.26372018325833846
2024-10-17,0.009654417326964905,0.055727386763856676,5.5727386763856676e-05,0.009598689940201048,3,3,0.26010201602885386
2024-10-18,-0.0009390643084567303,0.10456239139919613,0.00010456239139919613,-0.0010436266998559264,3,3,0.27769500010363923
2024-10-21,-0.005517075615483409,0.0738185121411173,7.38185121411173e-05,-0.005590894127624526,3,3,0.3592232759068301
2024-10-22,-0.0004115283484506904,0.05888410564900626,5.888410564900626e-05,-0.0004704124540996966,3,3,0.41883817836050896
2024-10-23,-0.0024408532740594078,0.14404644314092435,0.00014404644314092434,-0.002584899717200332,3,2,0.49679722325773934
2024-10-24,-0.005449508334773073,0.10164262017856067,0.00010164262017856067,-0.005551150954951633,3,3,0.47508521599606446
2024-10-25,0.0017100434529824199,0.14553627879927533,0.00014553627879927534,0.0015645071741831446,3,3,0.45181002716875784
2024-10-28,0.003566359544639099,0.0983564681691813,9.83564681691813e-05,0.0034680030764699175,4,3,0.3861110340691488
2024-10-29,0.0004954000056178074,0.07976580808986942,7.976580808986943e-05,0.00041563419752793803,3,3,0.34541706844269426
2024-10-30,0.005290676972005985,0.07455008951699738,7.455008951699738e-05,0.005216126882488987,3,4,0.3017543937423805
2024-10-31,-0.00222102443111235,0.08007813000920846,8.007813000920846e-05,-0.0023011025611215587,3,3,0.35420869312092784
2024-11-01,-0.00031544848572888297,0.05328594686257391,5.328594686257391e-05,-0.00036873443259145686,2,3,0.303285678839437
2024-11-04,0.0005157769412328836,0.07057562456662267,7.057562456662267e-05,0.00044520131666626097,2,3,0.16727073121924665
2024-11-05,-0.00023847220322505412,0.0939356531539106,9.39356531539106e-05,-0.0003324078563789647,2,4,0.12203363239557345
2024-11-06,-0.005417922754082174,0.023466251234873198,2.34662512348732e-05,-0.005441389005317047,2,3,0.1333333333333333
2024-11-07,0.002439349943807015,0.06,6e-05,0.002379349943807015,3,3,0.24309425477264818
2024-11-08,-0.004491474242589133,0.08480390077999,8.480390077999001e-05,-0.0045762781433691235,3,3,0.4116666666666665
2024-11-11,-0.007333668961750948,0.2304326896195036,0.00023043268961950362,-0.007564101651370452,4,3,0.8725320459056737
2024-11-12,-0.002875824758049258,0.30477118892496524,0.00030477118892496526,-0.003180595946974223,3,3,0.8444219160250404
2024-11-13,0.004386867228742593,0.2610083622731246,0.0002610083622731246,0.004125858866469468,3,3,1.0
2024-11-14,-0.005680304629722568,0.07909188052114555,7.909188052114554e-05,-0.0057593965102437136,3,2,1.0
2024-11-15,0.0009781187972358945,0.38350940028344543,0.0003835094002834454,0.0005946093969524491,3,2,0.9999999999999999
2024-11-18,0.004784519958827896,0.34449247731245736,0.00034449247731245736,0.004440027481515439,3,2,1.0
2024-11-19,0.00331355867545327,0.5355714523354499,0.0005355714523354499,0.0027779872231178202,3,2,1.0
2024-11-20,-0.008684605569475753,0.18693878155288293,0.00018693878155288295,-0.008871544351028635,3,1,1.0
2024-11-21,-0.004444379695904462,0.10304443336838429,0.0001030444333683843,-0.004547424129272846,2,1,0.9912014154119868
2024-11-22,0.00741608404776364,0.1673092882149158,0.0001673092882149158,0.007248774759548725,3,1,0.945356508483638
2024-11-25,-0.006549800587633595,0.38301701527688364,0.00038301701527688364,-0.0069328176029104785,3,1,0.84
2024-11-26,-0.0099263870620928,0.06000000000000001,6.0000000000000015e-05,-0.009986387062092799,3,1,0.7259847891855215
2024-11-27,0.007168069217859502,0.04901085060576349,4.901085060576349e-05,0.007119058367253739,3,1,0.7624944142555019
2024-11-29,0.00388700915411629,0.11875279287224906,0.00011875279287224906,0.003768256361244041,3,1,1.0
2024-12-02,-0.002897344591171921,0.0228992496188377,2.28992496188377e-05,-0.0029202438407907585,3,1,1.0
2024-12-03,0.0004907425135043889,0.1665134466292434,0.0001665134466292434,0.0003242290668751455,3,1,0.9340321834009016
2024-12-04,0.0007832889911636735,0.44401831834921457,0.0004440183183492146,0.00033927067281445895,3,1,0.5915075467195999
2024-12-05,0.004428443434409176,0.26811286202555107,0.0002681128620255511,0.004160330572383625,3,2,0.9885349836809594
2024-12-06,-0.008369292606302146,0.6392732104683676,0.0006392732104683677,-0.009008565816770514,3,2,0.9354817623862786
2024-12-09,-0.0013248877477907979,0.06034744648165531,6.0347446481655314e-05,-0.0013852351942724532,3,2,1.0
2024-12-10,-0.0009191107264046122,0.3526027999153633,0.0003526027999153633,-0.0012717135263199755,4,3,1.0
2024-12-11,-0.005363473520205502,0.6202605528221506,0.0006202605528221507,-0.005983734073027653,4,3,1.0
2024-12-12,0.003617882553667252,0.5573058361971209,0.0005573058361971209,0.0030605767174701312,3,3,0.9999999999999999
2024-12-13,-0.005345063878780174,0.1958854491485307,0.0001958854491485307,-0.005540949327928705,3,3,0.9761349301968862
2024-12-16,-0.00298929698217336,0.3812782440523296,0.0003812782440523296,-0.0033705752262256894,2,3,0.8244444444444443
2024-12-17,0.0008363866642258104,0.06,6e-05,0.0007763866642258103,2,3,0.7589517402807284
2024-12-18,0.002789360966658207,0.16088383089160146,0.00016088383089160146,0.0026284771357666056,2,3,0.581294419194973
2024-12-19,-0.0034948584625195817,0.09846744435369176,9.846744435369176e-05,-0.0035933259068732736,2,3,0.6823527455107
2024-12-20,-0.0076468995170134845,0.31042741183273675,0.00031042741183273675,-0.007957326928846221,2,1,0.7355555555555555
2024-12-23,2.2923329503270938e-05,0.3672794631181348,0.0003672794631181348,-0.00034435613361486384,2,2,0.016666666666666607
2024-12-24,-0.0005173212867154902,0.06,6e-05,-0.0005773212867154902,2,3,0.13282916281630738
2024-12-26,-0.009405461158368442,0.24822893733546725,0.00024822893733546724,-0.00965369009570391,1,2,0.6160561209058341
2024-12-27,-0.008163790880000991,0.06495465197231248,6.495465197231248e-05,-0.008228745531973303,1,2,0.6844444444444444
2024-12-30,-0.00487725253269849,0.060000000000000005,6.000000000000001e-05,-0.00493725253269849,1,2,0.7774085075520966
2024-12-31,-0.0010220294246499574,0.057374309851379805,5.737430985137981e-05,-0.0010794037345013372,1,2,0.6733333333333332
2025-01-02,0.0041178750361478555,0.13222222222222219,0.0001322222222222222,0.003985652813925634,1,2,0.40888888888888886
2025-01-03,-0.00041670661498737204,0.11111111111111109,0.00011111111111111109,-0.0005278177260984831,0,2,0.18666666666666665
2025-01-06,-0.0003264248722580202,0.06,6e-05,-0.0003864248722580202,0,2,0.14188761306196018
2025-01-07,0.000783130213331899,0.05224874634556944,5.224874634556944e-05,0.0007308814669863296,1,2,0.16423259444417376
2025-01-08,-0.0010926826452982898,0.07869506018541064,7.869506018541064e-05,-0.0011713777054837005,1,3,0.18666666666666654
2025-01-13,0.00010196697654393458,0.03333333333333327,3.3333333333333274e-05,6.863364321060131e-05,1,1,0.1399999999999999
2025-01-14,-0.00029169572542652735,0.06,6e-05,-0.00035169572542652735,3,1,0.17479249209783737
2025-01-15,0.0009809109755319447,0.05406291271558541,5.406291271558541e-05,0.0009268480628163593,3,1,0.06666666666666655
2025-01-16,5.6179265928091375e-05,0.02583200840646364,2.583200840646364e-05,3.0347257521627733e-05,3,2,0.031111111111111093
2025-01-17,0.0,0.015555555555555548,1.5555555555555548e-05,-1.5555555555555548e-05,0,0,0.0
2025-01-21,7.177156284934248e-05,0.007777777777777772,7.777777777777772e-06,6.39937850715647e-05,3,3,0.015555555555555545
2025-01-22,0.0009393088068777778,0.02638809575294021,2.638809575294021e-05,0.0009129207111248376,3,3,0.062222222222222165
2025-01-23,0.0005751907470322084,0.02913752230234421,2.9137522302344213e-05,0.0005460532247298642,3,3,0.10888888888888884
2025-01-24,-0.0010545381419925473,0.059137485667376546,5.913748566737655e-05,-0.0011136756276599238,3,3,0.1399999999999999
2025-01-27,0.0008995360714618883,0.06,6e-05,0.0008395360714618883,3,3,0.15374611411798
2025-01-28,-0.0012226485105739154,0.05909704526759125,5.909704526759125e-05,-0.0012817455558415067,3,3,0.15555555555555567
2025-01-29,0.00018315984520500113,0.07523835469996515,7.523835469996515e-05,0.00010792149050503599,3,3,0.20889966129879
2025-01-30,-0.0030348976198551086,0.045735114391214304,4.57351143912143e-05,-0.003080632734246323,2,3,0.23650573935954644
2025-01-31,0.001104210293823656,0.09776880138569484,9.776880138569484e-05,0.0010064414924379611,3,3,0.2726469061484902
2025-02-03,0.0026288598790850963,0.04841065875891295,4.841065875891295e-05,0.0025804492203261834,3,3,0.2985209286558391
2025-02-04,-0.0017785760068145745,0.056437689225539975,5.643768922553998e-05,-0.0018350136960401146,3,4,0.3021199938827831
2025-02-05,0.003990408448351419,0.1353272860946068,0.00013532728609460683,0.0038550811622568124,3,3,0.37405003495847405
2025-02-06,-0.0007742744031966587,0.044471652055107905,4.447165205510791e-05,-0.0008187460552517667,3,2,0.4184362678949806
2025-02-07,-0.002393405327542242,0.08428380829518381,8.428380829518382e-05,-0.002477689135837426,3,3,0.43139148156839774
2025-02-10,0.004365939116660536,0.22657702936671187,0.00022657702936671188,0.004139362087293825,3,3,0.6340887756725389
2025-02-11,0.005158250174642775,0.059544633023833185,5.9544633023833186e-05,0.005098705541618942,3,3,0.6506902491215337
2025-02-12,-0.005455266384069363,0.20929798153883894,0.00020929798153883895,-0.005664564365608202,2,3,0.5270611928694053
2025-02-13,0.00552353973174831,0.06923398861013616,6.923398861013616e-05,0.005454305743138174,2,2,0.38859321564913296
2025-02-14,-0.003134478335107913,0.07805767013916515,7.805767013916515e-05,-0.003212536005247078,2,2,0.3784075824626586
2025-02-18,-0.0015706256397670778,0.1435743472324522,0.0001435743472324522,-0.00171419998699953,1,2,0.591111111111111
2025-02-19,-0.010369850733363791,0.06,6e-05,-0.01042985073336379,2,2,0.5960272900753241
2025-02-20,-0.004226768611059447,0.30222978062651557,0.00030222978062651557,-0.0045289983916859625,1,3,0.5804489150509023
2025-02-21,-0.002881384464494543,0.10937501737269834,0.00010937501737269833,-0.0029907594818672414,1,3,0.42564288301453324
2025-02-24,-0.005737750995125704,0.06136323560231682,6.136323560231682e-05,-0.005799114230728021,3,4,0.3934200700198449
2025-02-25,0.0012877746599462097,0.22858844870264072,0.00022858844870264072,0.001059186211243569,3,3,0.3730921046396446
2025-02-26,0.0015681245375138576,0.05065864480157982,5.065864480157982e-05,0.0015174658927122778,3,3,0.3149661723629242
2025-02-27,-0.0006668547993603894,0.07109818269185514,7.109818269185514e-05,-0.0007379529820522446,3,3,0.2206973256474904
2025-02-28,-0.0018736866220607565,0.06262940423584651,6.262940423584651e-05,-0.001936316026296603,3,2,0.2666666666666666
2025-03-03,0.0009536726917617296,0.06,6e-05,0.0008936726917617296,3,2,0.1466666666666666
2025-03-04,-0.0002052189171212353,0.03220013578988183,3.220013578988183e-05,-0.00023741905291111714,3,2,0.16666666666666674
2025-03-05,-0.0002263569917156435,0.05999999999999999,5.9999999999999995e-05,-0.0002863569917156435,3,3,0.06429288366582017
2025-03-06,0.00017875776629082957,0.015479775166243371,1.547977516624337e-05,0.0001632779911245862,3,3,0.03333333333333344
2025-03-07,0.001702553300155967,0.043057775732722195,4.3057775732722197e-05,0.0016594955244232448,3,3,0.10000000000000007
2025-03-10,0.00029194116044561306,0.050486238001469105,5.048623800146911e-05,0.00024145492244414396,2,3,0.016666666666666607
2025-03-11,0.0002497722586913009,0.02549631258881041,2.549631258881041e-05,0.0002242759461024905,3,3,0.06666666666666665
2025-03-12,0.0,0.033333333333333326,3.333333333333333e-05,-3.333333333333333e-05,0,0,0.0
2025-03-13,0.0005038474604669247,0.016666666666666722,1.666666666666672e-05,0.00048718079380025793,3,3,0.033333333333333444
2025-03-14,-2.3899010496287036e-05,0.024212975784079428,2.4212975784079427e-05,-4.811198628036646e-05,3,3,0.06666666666666665
2025-03-17,0.00033605662654478735,0.03660730558729586,3.6607305587295855e-05,0.0002994493209574915,3,3,0.06666666666666665
2025-03-18,0.003304904286829154,0.06,6e-05,0.003244904286829154,3,3,0.16917183601566813
2025-03-19,-0.005149296746416776,0.06285175817008352,6.285175817008353e-05,-0.005212148504586859,3,1,0.25
2025-03-20,0.0016470123189819862,0.06,6e-05,0.0015870123189819863,3,1,0.22342341127053783
2025-03-21,0.00016361554988615764,0.07168158684027012,7.168158684027012e-05,9.193396304588752e-05,3,1,0.15796304159372937
2025-03-24,-0.0014875993621574761,0.07519841597394566,7.519841597394567e-05,-0.0015627977781314218,3,1,0.1956983391687635
2025-03-25,0.00029581050960619164,0.09548416374895158,9.548416374895158e-05,0.00020032634585724006,1,1,0.18456140350877193
2025-03-26,-0.0019551010654483975,0.0731140350877193,7.31140350877193e-05,-0.0020282151005361166,0,2,0.1902777795637235
2025-03-27,-9.337409294173596e-05,0.06782607645556654,6.782607645556654e-05,-0.00016120016939730252,0,2,0.2794164546343795
2025-03-28,0.0023193791987003876,0.046148791011884537,4.614879101188454e-05,0.002273230407688503,0,2,0.21666666666666673
2025-03-31,-0.001269448167325582,0.023555815783215257,2.355581578321526e-05,-0.0012930039831087973,0,2,0.20000000000000007
2025-04-01,0.0007856054023833129,0.04583333333333334,4.583333333333334e-05,0.0007397720690499795,0,2,0.10833333333333339
2025-04-02,-0.0008728562856220442,0.06,6e-05,-0.0009328562856220443,0,3,0.08884031662771086
2025-04-03,0.008000293469852945,0.05993184635221138,5.9931846352211384e-05,0.007940361623500734,0,3,0.10416666666666663
2025-04-04,0.006124874904994358,0.03492744287978079,3.4927442879780795e-05,0.006089947462114577,0,3,0.1333333333333333
2025-04-07,0.0002014392576734924,0.05999999999999999,5.9999999999999995e-05,0.0001414392576734924,0,3,0.013333333333333312
2025-04-08,0.0,0.006666666666666656,6.666666666666656e-06,-6.666666666666656e-06,0,0,0.0
2025-04-09,0.0,0.0,0.0,0.0,0,0,0.0
2025-04-10,0.0,0.0,0.0,0.0,0,0,0.0
2025-04-11,0.00043765127513740093,0.025000000000000022,2.500000000000002e-05,0.0004126512751374009,3,2,0.050000000000000044
2025-04-14,-0.0005988097717584787,0.028546560487487077,2.8546560487487078e-05,-0.0006273563322459658,3,3,0.050000000000000044
2025-04-15,0.00018277877700437895,0.02432258610831477,2.432258610831477e-05,0.00015845619089606416,3,3,0.06666666666666665
2025-04-16,0.0014043338556302453,0.042255898594115014,4.225589859411501e-05,0.0013620779570361302,3,2,0.10000000000000009
2025-04-17,-0.0019563625959420922,0.060000000000000005,6.000000000000001e-05,-0.0020163625959420924,3,3,0.11568851895393309
2025-04-21,0.0001597666556833964,0.03337547423390244,3.3375474233902444e-05,0.00012639118144949394,3,3,0.10000000000000007
2025-04-22,0.0009762355523909685,0.05431469655189486,5.431469655189486e-05,0.0009219208558390736,1,3,0.16666666666666674
2025-04-23,-0.0006593978088758398,0.059999999999999984,5.999999999999999e-05,-0.0007193978088758398,1,3,0.05061521819774125
2025-04-24,-0.0020277065048761975,0.02208727511966891,2.208727511966891e-05,-0.0020497937799958663,0,3,0.07499999999999996
2025-04-25,0.001920751243822791,0.032911928782765526,3.2911928782765524e-05,0.0018878393150400254,0,3,0.10833333333333339
2025-04-28,0.002203771733680222,0.06,6e-05,0.0021437717336802217,0,3,0.13947912807193175
2025-04-29,0.0004623991963981131,0.06061812300674728,6.061812300674728e-05,0.00040178107339136583,0,3,0.1582235161885954
2025-04-30,-0.0009534135666910279,0.06037139986998072,6.037139986998072e-05,-0.0010137849665610087,0,2,0.15239837095266157
2025-05-01,0.0011483175403817771,0.04507986564975433,4.507986564975433e-05,0.0011032376747320228,0,1,0.19166666666666665
2025-05-02,-0.0020518677777922444,0.06,6e-05,-0.0021118677777922446,0,1,0.07166666666666666
2025-05-05,-0.0010310052436036002,0.09583333333333333,9.583333333333332e-05,-0.0011268385769369336,1,1,0.12
2025-05-06,0.003363753219892669,0.1816666666666667,0.0001816666666666667,0.003182086553226002,1,1,0.4833333333333334
2025-05-07,0.0011725149352450382,0.06,6e-05,0.0011125149352450383,1,2,0.4613193165334797
2025-05-08,-0.0006808923552566171,0.10265845426299375,0.00010265845426299375,-0.0007835508095196109,1,2,0.3347545866521742
2025-05-09,-0.00013899835125880675,0.05966956898983901,5.966956898983901e-05,-0.00019866792024864576,2,2,0.36229271561971865
2025-05-12,-0.002616829222882665,0.12171786299775177,0.00012171786299775177,-0.0027385470858804165,2,2,0.4696426460498129
2025-05-13,0.0016834185276193652,0.20492223172896734,0.00020492223172896736,0.0014784962958903978,3,3,0.541237943696472
2025-05-14,0.0030810576994637824,0.3127299972501835,0.0003127299972501835,0.002768327702213599,3,3,0.6509608643461533
2025-05-15,0.0021576552431188264,0.19225339909999534,0.00019225339909999535,0.001965401844018831,3,3,0.9076795467807213
2025-05-16,-0.0016160841753505306,0.22173056371236521,0.00022173056371236523,-0.0018378147390628958,3,3,0.9200877278330686
2025-05-19,0.000539342856899422,0.18387602183116336,0.00018387602183116337,0.00035546683506825866,3,3,0.90777412900851
2025-05-20,0.0067625148161249895,0.29919589752261533,0.00029919589752261535,0.006463318918602374,3,2,1.0
2025-05-21,0.003244917353785706,0.6594039088354106,0.0006594039088354106,0.0025855134449502956,2,2,0.9960647464587965
2025-05-22,-0.018802364387888477,0.13820068182509482,0.0001382006818250948,-0.01894056506971357,2,1,0.9915082309987335
2025-05-23,0.003804723771560235,0.03247461670985438,3.247461670985438e-05,0.0037722491548503804,2,1,0.9312103781663192
2025-05-27,-0.01105317377038545,0.2016673783077385,0.0002016673783077385,-0.011254841148693188,1,1,0.7333333333333334
2025-05-28,-0.0027904853026966083,0.06,6e-05,-0.0028504853026966085,1,1,0.6133333333333334
2025-05-29,0.0,0.3066666666666667,0.00030666666666666673,-0.00030666666666666673,0,0,0.0
2025-05-30,-0.0006869947396228674,0.06,6e-05,-0.0007469947396228675,1,0,0.12
2025-06-02,-0.0008003797748303841,0.15666666666666668,0.0001566666666666667,-0.0009570464414970509,1,0,0.43333333333333335
2025-06-03,0.0036225946304368757,0.029166666666666674,2.9166666666666673e-05,0.003593427963770209,1,0,0.4916666666666667
2025-06-04,0.002390285117452403,0.004166666666666652,4.166666666666652e-06,0.0023861184507857364,1,0,0.5
2025-06-05,-0.00789021055650746,0.02055555555555555,2.055555555555555e-05,-0.007910766112063015,1,0,0.4588888888888889
2025-06-06,0.0070727077909927645,0.02055555555555555,2.055555555555555e-05,0.007052152235437209,1,0,0.5
2025-06-09,0.005258185360709849,0.0050000000000000044,5.000000000000005e-06,0.00525318536070985,1,0,0.49
2025-06-10,0.012386429488588311,0.04666666666666669,4.666666666666669e-05,0.012339762821921644,1,0,0.3966666666666666
2025-06-11,-0.004667784647657934,0.015555555555555545,1.5555555555555545e-05,-0.004683340203213489,1,0,0.3655555555555555
2025-06-12,0.0008591306224616742,0.059999999999999984,5.999999999999999e-05,0.0007991306224616742,1,1,0.4855555555555555
2025-06-13,0.015056126766559472,0.16581349206349205,0.00016581349206349206,0.01489031327449598,1,1,0.6188888888888888
2025-06-16,-0.015895253611381645,0.14999999999999997,0.00014999999999999996,-0.016045253611381646,0,1,0.3188888888888889
2025-06-17,0.006302676759973464,0.06,6e-05,0.0062426767599734635,0,1,0.1988888888888889
2025-06-18,-0.00029432685402725286,0.021666666666666667,2.1666666666666667e-05,-0.00031599352069391955,0,1,0.15555555555555556
2025-06-20,-0.00013417194022422588,0.06,6e-05,-0.00019417194022422588,0,1,0.03555555555555556
2025-06-23,-0.00020240693822271184,0.013888888888888895,1.3888888888888895e-05,-0.00021629582711160073,0,1,0.007777777777777772
2025-06-24,0.0,0.003888888888888886,3.888888888888886e-06,-3.888888888888886e-06,0,0,0.0
2025-06-25,0.0014966184497398768,0.06,6e-05,0.0014366184497398768,0,3,0.12
2025-06-26,-0.002897683388521317,0.1088888888888889,0.0001088888888888889,-0.003006572277410206,0,3,0.33777777777777784
2025-06-27,-0.002813425405690132,0.02837684132420453,2.837684132420453e-05,-0.0028418022470143365,0,3,0.3344444444444443
2025-06-30,0.0005995339699311302,0.06,6e-05,0.0005395339699311301,2,3,0.4087355811376492
2025-07-01,-0.0005753479814434061,0.18976752553810755,0.00018976752553810755,-0.0007651155069815137,2,2,0.6377777777777778
2025-07-02,-0.002086605033637538,0.060000000000000005,6.000000000000001e-05,-0.0021466050336375383,3,2,0.6466587307671167
2025-07-03,0.0005482789451919201,0.10796876588811216,0.00010796876588811216,0.00044031017930380793,3,2,0.6767328216386519
2025-07-08,0.0007890807362049069,0.16130598650635047,0.00016130598650635047,0.0006277747496985564,3,2,0.6753262674283195
2025-07-09,-0.0018746474943755872,0.20608403700731803,0.00020608403700731804,-0.0020807315313829053,3,2,0.5755555555555555
2025-07-10,0.0004751544033569557,0.08221128314408518,8.221128314408518e-05,0.0003929431202128705,3,2,0.5163805409625662
2025-07-11,0.0003731119081521123,0.11361126065182542,0.00011361126065182542,0.00025950064750028686,3,3,0.4161744472940232
2025-07-14,-0.000507657468910123,0.20154935392442397,0.00020154935392442398,-0.000709206822834547,3,2,0.4596087493653319
2025-07-15,-0.0008516735561286668,0.10218093126135398,0.00010218093126135399,-0.0009538544873900208,3,2,0.5281461366517566
2025-07-16,0.001695047299597002,0.17555969618242195,0.00017555969618242195,0.0015194876034145802,3,2,0.402570927043273
2025-07-17,0.0032429873122874833,0.2272697367933295,0.00022726973679332952,0.003015717575494154,1,2,0.5599999999999999
2025-07-18,-0.001612834172733526,0.06,6e-05,-0.001672834172733526,3,2,0.5624828096966372
2025-07-21,-0.0005774880521207926,0.29786044418847335,0.0002978604441884734,-0.000875348496309266,2,3,0.5445605479259455
2025-07-22,0.0003448100983465161,0.12089901044365867,0.00012089901044365867,0.00022391108790285744,2,3,0.45627982631955155
2025-07-23,-0.001844882094514417,0.24905891797927465,0.00024905891797927465,-0.0020939410124936916,2,3,0.48999999999999994
2025-07-24,0.008118076025304108,0.05999999999999999,5.9999999999999995e-05,0.008058076025304109,3,3,0.5041422330689742
2025-07-25,0.001720811424399457,0.18328160193994772,0.0001832816019399477,0.0015375298224595093,3,3,0.5635494170017868
2025-07-28,-0.0025420066979962535,0.2060268658888026,0.0002060268658888026,-0.0027480335638850563,3,3,0.5156959186564507
2025-07-29,-0.0014719617666940847,0.05388414407531107,5.388414407531107e-05,-0.0015258459107693957,3,3,0.4964633286790762
2025-07-30,-0.004065208327417661,0.14321022939626132,0.00014321022939626132,-0.0042084185568139225,3,3,0.5047452098992004
2025-07-31,-0.0002900428786951005,0.1474365470868278,0.0001474365470868278,-0.00043747942578192833,3,3,0.2802290500525343
2025-08-01,0.0004275858428503071,0.10696351158649613,0.00010696351158649613,0.000320622331263811,4,4,0.1842406089073045
2025-08-04,0.00027749881593488665,0.08391287195577057,8.391287195577057e-05,0.0001935859439791161,3,3,0.2069445437178687
2025-08-05,-0.0006842344887589096,0.058770453758762914,5.877045375876291e-05,-0.0007430049425176724,2,3,0.28322899726990797
2025-08-06,-0.002827230105809658,0.12311854171257602,0.00012311854171257602,-0.002950348647522234,2,2,0.47777777777777775
2025-08-07,0.002849070803386674,0.0605886593912753,6.05886593912753e-05,0.0027884821439953986,2,2,0.5725950031186648
2025-08-08,-0.0018798688963759852,0.06528464900421582,6.528464900421583e-05,-0.001945153545380201,2,3,0.653768556821285
2025-08-11,0.0017185884136454316,0.2282947374795887,0.00022829473747958872,0.0014902936761658429,2,3,0.7299120305531642
2025-08-12,-0.0020607833436487913,0.2050565802151268,0.0002050565802151268,-0.002265839923863918,2,3,0.7867172854596934
2025-08-13,0.003227214004991707,0.3749798683830915,0.0003749798683830915,0.0028522341366086154,3,3,0.7431355057025499
2025-08-14,-0.0019447079429371877,0.3000760831074061,0.0003000760831074061,-0.0022447840260445937,3,3,0.7488738826149134
2025-08-15,0.00559180724825748,0.16779562081155397,0.00016779562081155398,0.005424011627445926,3,3,0.827194148647916
2025-08-18,0.005869705148927458,0.2548083708044335,0.0002548083708044335,0.005614896778123025,3,2,0.8554924264327524
2025-08-19,-0.008554719437996893,0.5385429538171581,0.0005385429538171581,-0.009093262391814051,2,1,0.7888888888888888
2025-08-20,-0.003470300807690254,0.02277777777777773,2.2777777777777732e-05,-0.003493078585468032,2,1,0.7433333333333333
2025-08-21,-0.00824473862519807,0.046573079308121657,4.657307930812166e-05,-0.008291311704506192,2,1,0.8355555555555555
2025-08-22,0.039314714304850486,0.051663018674556235,5.1663018674556235e-05,0.03926305128617593,2,1,0.7822222222222222
2025-08-25,-0.001144904240465607,0.22261148296133138,0.00022261148296133138,-0.0013675157234269385,2,2,0.3974829749135782
2025-08-26,0.0060496455880646735,0.11665627056991859,0.00011665627056991859,0.005932989317494755,2,2,0.5193876244804254
2025-08-27,0.0013646228890186701,0.09947826596184205,9.947826596184205e-05,0.001265144623056828,3,2,0.46863247863247876
2025-08-28,-0.004922413259715661,0.24474913095114065,0.00024474913095114066,-0.005167162390666801,1,2,0.4613173710392732
2025-08-29,-0.0019542152442027718,0.07651298282969683,7.651298282969683e-05,-0.0020307282270324687,1,2,0.5022222222222221
2025-09-02,0.0020877514266842614,0.04284975810111991,4.2849758101119914e-05,0.0020449016685831416,1,2,0.42000000000000004
2025-09-03,0.0005009894754283233,0.06,6e-05,0.0004409894754283233,1,2,0.4502777893385564
2025-09-04,-0.0017166693064656967,0.05466603079099148,5.466603079099148e-05,-0.001771335337256688,1,2,0.40920249079072446
2025-09-05,0.0006530474587944748,0.05828591207631955,5.828591207631955e-05,0.0005947615467181552,1,3,0.4295744507602585
2025-09-08,-0.003916707503694087,0.11610110594299454,0.00011610110594299454,-0.004032808609637081,2,3,0.6617766626462476
2025-09-09,-0.004339380137932893,0.4695584448703596,0.0004695584448703596,-0.004808938582803252,2,3,0.7846106151030092
2025-09-10,0.0022457988435023403,0.24384948231249953,0.00024384948231249954,0.002001949361189841,2,2,0.9925546034221497
2025-09-11,-0.0016323280965917716,0.42733505813363526,0.00042733505813363526,-0.0020596631547254067,2,1,0.9281991198114916
2025-09-12,0.007502476644639877,0.3480220568678866,0.0003480220568678866,0.00715445458777199,1,2,0.871118289338733
2025-09-15,0.017104120595020346,0.330103851896864,0.00033010385189686397,0.016774016743123482,1,2,0.7300831393063267
2025-09-16,0.007747826976655114,0.1870901380734531,0.0001870901380734531,0.007560736838581661,1,3,0.8886832917408849
2025-09-17,-0.026676553817882982,0.15972453211976154,0.00015972453211976153,-0.026836278350002744,1,3,0.7123116726517744
2025-09-18,0.004611640828166397,0.0653068604956957,6.530686049569571e-05,0.004546333967670701,1,3,0.581697951660383
2025-09-19,-0.005845599408326314,0.09211413106555356,9.211413106555357e-05,-0.005937713539391867,1,3,0.531561823347307
2025-09-22,-0.001404180339890848,0.07389355930150357,7.389355930150357e-05,-0.0014780738991923515,1,3,0.593617908234843
2025-09-23,-0.00012892458308685982,0.21698209160280418,0.00021698209160280418,-0.000345906674689664,2,3,0.7465665985968075
2025-09-24,0.010203741998282008,0.42327589050967246,0.0004232758905096725,0.009780466107772336,2,3,0.9092494189917224
2025-09-25,0.00902563408916753,0.14941689838915068,0.00014941689838915068,0.00887621719077838,1,3,0.8749822598640901
2025-09-26,0.003931357992660708,0.25364559790038993,0.00025364559790038994,0.003677712394760318,1,3,0.5488888888888888
2025-09-29,8.92459867546921e-05,0.1499999999999999,0.0001499999999999999,-6.07540132453078e-05,1,2,0.24888888888888894
2025-09-30,0.001696562132636004,0.06,6e-05,0.001636562132636004,2,2,0.23064980802768162
2025-10-01,0.0006769022488334058,0.13699528083453455,0.00013699528083453455,0.0005399069679988712,2,1,0.291279874099232
2025-10-02,-0.0022662954485778474,0.20569691004295826,0.00020569691004295826,-0.0024719923586208055,3,1,0.6520958593880813
2025-10-03,-0.007739537723957296,0.209067664828931,0.00020906766482893098,-0.007948605388786228,3,1,0.8417283846798633
2025-10-06,-0.005227995263358683,0.06387779602325774,6.387779602325774e-05,-0.005291873059381941,3,1,0.7307309433689644
2025-10-07,0.0021802298667147274,0.08973113758977443,8.973113758977442e-05,0.0020904987291249532,3,1,0.5512686681894154
2025-10-08,0.0008971693138425335,0.15923627710732194,0.00015923627710732194,0.0007379330367352115,3,0,0.32259241084030155
2025-10-09,-0.0036476825423195193,0.07354891335151648,7.354891335151648e-05,-0.003721231455671036,3,0,0.3227249772855101
2025-10-10,-0.004503393428422539,0.1961644747926296,0.0001961644747926296,-0.0046995579032151685,3,2,0.2783333333333333
2025-10-13,0.0021442702094616175,0.24584688715091024,0.0002458468871509103,0.0018984233223107072,3,2,0.7700271076351538
2025-10-14,-0.005281479035418854,0.1387678214640868,0.0001387678214640868,-0.0054202468568829406,3,2,0.5633333333333332
2025-10-15,0.00018996191581576631,0.2513380459233395,0.00025133804592333955,-6.137613010757324e-05,3,2,0.11999999999999998
2025-10-16,0.0011686810588952146,0.034999999999999976,3.4999999999999977e-05,0.0011336810588952148,2,2,0.05000000000000004
2025-10-17,-0.000790489104724154,0.023080236012602687,2.3080236012602686e-05,-0.0008135693407367566,3,3,0.06666666666666665
2025-10-20,0.0,0.033333333333333326,3.333333333333333e-05,-3.333333333333333e-05,0,0,0.0
2025-10-21,0.00020652643802607763,0.04166666666666674,4.166666666666674e-05,0.0001648597713594109,3,3,0.08333333333333348
2025-10-22,-7.6856584181947e-05,0.060000000000000005,6.000000000000001e-05,-0.000136856584181947,3,3,0.17863734767784187
2025-10-23,-0.003969377125009894,0.047098629290378925,4.709862929037892e-05,-0.0040164757543002735,3,3,0.23326887479153346
2025-10-24,-0.0008088511855493291,0.03969907624544329,3.969907624544329e-05,-0.0008485502617947724,2,4,0.2357752151237915
2025-10-27,0.0005255671503039018,0.1405996658230714,0.00014059966582307141,0.0003849674844808304,2,4,0.29926414342092633
2025-10-28,-0.0016709103511561227,0.07099860211118969,7.09986021111897e-05,-0.0017419089532673124,2,3,0.4366666666666666
2025-10-29,-0.0031398496966486343,0.1864715582605327,0.0001864715582605327,-0.003326321254909167,3,3,0.7833879941385715
2025-10-30,-0.0004193526793154519,0.259771409985347,0.000259771409985347,-0.0006791240893007989,3,3,0.8842694610805699
2025-10-31,-0.00020891472933041918,0.2363780024987977,0.0002363780024987977,-0.0004452927318292169,3,3,0.5797502224211672
2025-11-03,-0.001041683896298017,0.22335153764490429,0.0002233515376449043,-0.0012650354339429214,3,3,0.33333333333333326
2025-11-04,0.0015499260016338524,0.11979318565643299,0.00011979318565643299,0.0014301328159774195,3,2,0.29177758179652374
2025-11-05,0.0014019581519900573,0.09995145519373749,9.99514551937375e-05,0.0013020066967963197,3,2,0.259253588075595
2025-11-06,-0.0013618750703566305,0.03336890290382614,3.336890290382614e-05,-0.0013952439732604566,3,2,0.19592717001997006
2025-11-07,-0.002175372629786612,0.07360172461411428,7.360172461411428e-05,-0.002248974354400726,3,2,0.1528417645147984
2025-11-10,-0.00019511169792333984,0.0445865755266552,4.4586575526655206e-05,-0.00023969827344999506,3,1,0.10000000000000009
2025-11-11,-0.002294425488184904,0.06,6e-05,-0.0023544254881849042,3,2,0.11619022224433002
2025-11-12,0.0015813251216292151,0.06166755547817838,6.166755547817838e-05,0.0015196575661510369,3,1,0.2366666666666667
2025-11-13,-0.0010970121326844657,0.06656057218342909,6.65605721834291e-05,-0.0011635727048678948,3,1,0.31782313597989964
2025-11-14,-0.0007926728603130414,0.03182115139496364,3.1821151394963636e-05,-0.0008244940117080051,1,1,0.2833333333333332
2025-11-17,0.0005239602064519816,0.060000000000000005,6.000000000000001e-05,0.00046396020645198156,1,1,0.16333333333333322
2025-11-18,0.0003647132981536604,0.05249999999999993,5.249999999999993e-05,0.0003122132981536605,0,1,0.05833333333333335
2025-11-19,1.6170306673704344e-05,0.025000000000000022,2.500000000000002e-05,-8.829693326295677e-06,0,1,0.008333333333333304
2025-11-20,-1.680402377013331e-05,0.0,0.0,-1.680402377013331e-05,0,1,0.008333333333333304
2025-11-21,-0.00039624078361335884,0.004166666666666707,4.1666666666667075e-06,-0.00040040745028002554,0,1,0.01666666666666672
2025-11-24,0.0,0.00833333333333336,8.333333333333359e-06,-8.333333333333359e-06,0,0,0.0
2025-11-25,-0.0007032705498217806,0.016666666666666663,1.6666666666666664e-05,-0.0007199372164884473,0,2,0.033333333333333326
2025-11-26,-0.0008049856166512223,0.060000000000000005,6.000000000000001e-05,-0.0008649856166512224,1,2,0.13745241867558872
2025-11-28,-0.001823627063414461,0.07683509679039899,7.683509679039898e-05,-0.00190046216020486,1,1,0.28666666666666674
2025-12-01,-0.0009203686314292188,0.07499999999999996,7.499999999999995e-05,-0.0009953686314292188,1,1,0.43666666666666665
2025-12-02,0.0024579022988275934,0.07521590751597483,7.521590751597483e-05,0.0023826863913116187,3,1,0.5870984816986163
2025-12-03,0.0025382356838596822,0.16278808283562088,0.00016278808283562088,0.0023754476010240614,3,1,0.7183299942993495
2025-12-04,0.0023563870046405993,0.07192364144512035,7.192364144512035e-05,0.002284463363195479,3,1,0.5744827114091088
2025-12-05,0.002916152061760717,0.16377243599422212,0.0001637724359942221,0.002752379625766495,3,2,0.7682155520208698
2025-12-08,-0.007167942059880691,0.37318996448721264,0.00037318996448721265,-0.007541132024367903,3,2,0.9999999999999999
2025-12-09,-0.005967168823632988,0.33504021837309844,0.00033504021837309846,-0.0063022090420060866,3,2,0.9995106651245917
2025-12-10,0.00651414470849834,0.45852737322788933,0.0004585273732278893,0.006055617335270451,3,2,0.9197468845817062
2025-12-11,-0.0029603245688620224,0.18886072954434957,0.00018886072954434958,-0.003149185298406372,3,1,0.6031158637038102
2025-12-12,0.0006912327398567505,0.0722798019669593,7.22798019669593e-05,0.0006189529378897912,3,1,0.6341789731319872
2025-12-15,-0.0032885412039259107,0.32511497179192883,0.0003251149717919288,-0.0036136561757178394,2,1,1.0
2025-12-16,-0.0011851503684011911,0.21807939791549066,0.00021807939791549066,-0.0014032297663166817,2,1,0.88
2025-12-17,-0.004592122828346513,0.25,0.00025,-0.004842122828346513,1,3,0.520166747763373
2025-12-18,0.01029342477672431,0.48319018257216956,0.00048319018257216955,0.009810234594152142,1,3,0.7163025062052345
2025-12-19,0.003360939279325287,0.059817919769283925,5.981791976928393e-05,0.003301121359556003,1,3,0.5966666666666667
2025-12-22,0.0040308444516237935,0.05499999999999993,5.4999999999999934e-05,0.003975844451623793,1,2,0.4866666666666667
2025-12-23,-0.007665919260177102,0.1166666666666667,0.00011666666666666669,-0.007782585926843769,1,2,0.7200000000000001
2025-12-24,0.0039808472198479845,0.13999999999999996,0.00013999999999999996,0.0038408472198479845,1,2,1.0
2025-12-26,-0.00020610144926415212,0.022937806545332187,2.2937806545332187e-05,-0.0002290392558094843,1,2,1.0
2025-12-29,-0.013579424414258263,0.06,6e-05,-0.013639424414258262,1,2,1.0
2025-12-30,0.003561413781699948,0.017556599939134374,1.7556599939134375e-05,0.0035438571817608135,1,2,1.0
2025-12-31,0.004449550796241465,0.036694682359178624,3.6694682359178626e-05,0.004412856113882286,1,2,1.0
2026-01-02,0.004552233929743664,0.06,6e-05,0.004492233929743664,1,2,0.9385302154086571
2026-01-05,-0.00012932718063765622,0.4280446580290297,0.0004280446580290297,-0.0005573718386666859,0,1,0.5
2026-01-06,-0.0035699889104478114,0.06,6e-05,-0.0036299889104478116,0,3,0.5
2026-01-07,0.01561059735031449,0.44,0.00044,0.01517059735031449,0,3,0.5
2026-01-08,-0.005050572825060262,0.12261691069381592,0.0001226169106938159,-0.005173189735754078,0,3,0.5000000000000001
2026-01-09,0.001214766019037245,0.19118216665504478,0.0001911821666550448,0.0010235838523822002,0,3,0.5
2026-01-12,0.0020026330691460667,0.1440010077475056,0.0001440010077475056,0.001858632061398561,0,3,0.5
2026-01-13,0.0035499586588216537,0.14849273889060613,0.00014849273889060613,0.0034014659199310474,0,3,0.444505865361684
2026-01-14,-0.003154866933732567,0.12854645699612294,0.00012854645699612294,-0.00328341339072869,0,3,0.3244802227264754
2026-01-15,-0.0009549833930161454,0.06668455580768216,6.668455580768216e-05,-0.0010216679488238276,0,3,0.1911111111111111
2026-01-16,5.6793663119539324e-05,0.04111111111111109,4.1111111111111095e-05,1.568255200842823e-05,0,3,0.10888888888888891
2026-01-20,0.0007177654900497542,0.06,6e-05,0.0006577654900497542,1,3,0.22888888888888892
2026-01-21,0.0116992893849194,0.16892348780388405,0.00016892348780388406,0.011530365897115516,1,3,0.5599999999999999
2026-01-22,-0.003688873988645378,0.060000000000000005,6.000000000000001e-05,-0.003748873988645378,1,3,0.44369886703142203
2026-01-23,-0.005550843551663097,0.16300969990481756,0.00016300969990481757,-0.005713853251567915,2,3,0.24899772603843487
2026-01-26,-0.006765622769099374,0.14302648029140547,0.00014302648029140548,-0.00690864924939078,3,3,0.4289582673450886
2026-01-27,-0.0017302752499144015,0.06893356832196827,6.893356832196827e-05,-0.0017992088182363698,3,2,0.4819220831727402
2026-01-28,0.003896609188828682,0.20337556823291325,0.00020337556823291325,0.0036932336205957685,3,3,0.2406669850741605
2026-01-29,0.00035998546875741077,0.06166427861046225,6.166427861046225e-05,0.0002983211901469485,3,3,0.15971215331209512
2026-01-30,-0.00021602051611758772,0.05652274332271424,5.652274332271424e-05,-0.00027254325944030196,3,3,0.046666666666666634
2026-02-02,0.0,0.023333333333333317,2.333333333333332e-05,-2.333333333333332e-05,0,0,0.0
2026-02-03,6.192477433246161e-06,0.0077777777777777715,7.777777777777772e-06,-1.5853003445316117e-06,3,3,0.015555555555555545
2026-02-04,0.0012958312591934684,0.06,6e-05,0.0012358312591934685,3,3,0.1287109624100607
2026-02-05,0.00010954524184911838,0.052546262775216374,5.2546262775216376e-05,5.6998979073902e-05,3,3,0.10888888888888881
2026-02-06,-0.0005149724910352367,0.034110392631655925,3.4110392631655924e-05,-0.0005490828836668926,2,3,0.046666666666666634
2026-02-09,8.658959982588214e-05,0.04107973640187521,4.107973640187521e-05,4.550986342400693e-05,2,3,0.09333333333333327
2026-02-10,-0.0004224568542915023,0.02317461708051695,2.317461708051695e-05,-0.00044563147137201926,1,3,0.06222222222222217
2026-02-11,-0.0004345554724163795,0.049793039960931054,4.979303996093106e-05,-0.00048434851237731056,2,2,0.046666666666666634
2026-02-12,-0.00010876452023854426,0.031162672502468184,3.116267250246819e-05,-0.00013992719274101244,2,3,0.06222222222222218
2026-02-13,-0.0003749930135844974,0.024808825714990667,2.480882571499067e-05,-0.00039980183929948807,2,3,0.04666666666666664
2026-02-17,-0.0015089383124912749,0.044949867299312295,4.4949867299312297e-05,-0.0015538881797905872,3,3,0.1333333333333333
2026-02-18,0.0001459196130979043,0.03824423993922027,3.824423993922027e-05,0.00010767537315868405,3,3,0.12444444444444436
2026-02-19,-0.0015905329143223723,0.060000000000000005,6.000000000000001e-05,-0.0016505329143223723,3,3,0.18524611874907115
2026-02-20,0.00011419755596028927,0.05928972604120231,5.928972604120231e-05,5.490782991908696e-05,3,3,0.06666666666666654
2026-02-23,0.0,0.03333333333333327,3.3333333333333274e-05,-3.3333333333333274e-05,0,0,0.0
2026-02-24,0.0,0.0,0.0,0.0,0,0,0.0
2026-02-25,0.00024317817627557794,0.015555555555555545,1.5555555555555545e-05,0.0002276226207200224,3,3,0.03111111111111109
2026-02-26,-0.000666853390930405,0.02216434292401189,2.2164342924011893e-05,-0.0006890177338544169,2,3,0.046666666666666634
2026-02-27,1.6439804943890693e-05,0.012040873506433902,1.2040873506433902e-05,4.39893143745679e-06,2,2,0.046666666666666634
2026-03-02,0.0010819057657288002,0.015555555555555545,1.5555555555555545e-05,0.0010663502101732447,2,3,0.07777777777777772
2026-03-03,0.0,0.03888888888888886,3.8888888888888864e-05,-3.8888888888888864e-05,0,0,0.0
2026-03-04,0.0,0.0,0.0,0.0,0,0,0.0
2026-03-05,0.0,0.0,0.0,0.0,0,0,0.0
2026-03-06,-0.0002526480770552263,0.0038888888888888307,3.888888888888831e-06,-0.00025653696594411514,1,2,0.007777777777777661
2026-03-09,0.0,0.0038888888888888307,3.888888888888831e-06,-3.888888888888831e-06,0,0,0.0
2026-03-10,0.0,0.0,0.0,0.0,0,0,0.0
2026-03-11,0.0,0.0,0.0,0.0,0,0,0.0
2026-03-12,-0.0003786581135960907,0.015555555555555545,1.5555555555555545e-05,-0.00039421366915164623,1,3,0.03111111111111109
2026-03-13,0.0005942849898470707,0.005751849790590661,5.751849790590662e-06,0.00058853314005648,1,3,0.03111111111111109
2026-03-16,0.0,0.015555555555555545,1.5555555555555545e-05,-1.5555555555555545e-05,0,0,0.0
2026-03-17,0.0,0.0,0.0,0.0,0,0,0.0
2026-03-18,-6.474583329236678e-05,0.015555555555555546,1.5555555555555548e-05,-8.030138884792233e-05,2,3,0.031111111111111093
2026-03-19,0.0,0.015555555555555546,1.5555555555555548e-05,-1.5555555555555548e-05,0,0,0.0
2026-03-20,0.0,0.0,0.0,0.0,0,0,0.0
2026-03-23,0.0,0.0,0.0,0.0,0,0,0.0
2026-03-24,0.0,0.0,0.0,0.0,0,0,0.0
2026-03-25,0.00031978569893216405,0.04166666666666674,4.166666666666674e-05,0.0002781190322654973,1,3,0.08333333333333348
2026-03-26,-0.001116277299350636,0.04643400533182869,4.643400533182869e-05,-0.0011627113046824647,2,3,0.046666666666666634
2026-03-27,-0.0022681137380673065,0.02333333333333331,2.3333333333333312e-05,-0.0022914470714006396,2,3,0.09333333333333327
2026-03-30,-0.00021378495147512795,0.03833333333333333,3.8333333333333334e-05,-0.0002521182848084613,2,3,0.016666666666666607
2026-03-31,0.0,0.008333333333333304,8.333333333333303e-06,-8.333333333333303e-06,0,0,0.0
2026-04-01,0.0,0.0,0.0,0.0,0,0,0.0
2026-04-02,0.0,0.0,0.0,0.0,0,0,0.0
2026-04-06,0.0003441595873911729,0.060000000000000005,6.000000000000001e-05,0.0002841595873911729,1,3,0.12000000000000001
2026-04-07,-3.380273994287153e-05,0.03789825428181466,3.789825428181466e-05,-7.170099422468619e-05,1,3,0.0828142328283497
2026-04-08,0.003182007099656776,0.025851560858619303,2.5851560858619303e-05,0.0031561555387981566,1,0,0.03111111111111109
2026-04-09,-0.0008581658275395017,0.003888888888888886,3.888888888888886e-06,-0.0008620547164283906,1,0,0.03888888888888886
2026-04-10,-0.0058079423926861475,0.05444444444444446,5.4444444444444466e-05,-0.005862386837130592,1,0,0.14777777777777779
2026-04-13,0.0015506789258031744,0.0,0.0,0.0015506789258031744,1,0,0.14777777777777779
2026-04-14,0.003910659061001365,0.06,6e-05,0.0038506590610013647,1,0,0.02777777777777779
2026-04-15,0.0006256748458417523,0.04657305570973464,4.657305570973464e-05,0.0005791017901320177,3,0,0.11999999999999998
2026-04-16,-0.0016744669070023058,0.031063500902292263,3.1063500902292264e-05,-0.0017055304079045981,3,0,0.1711111111111111
2026-04-17,0.004212101834894488,0.060000000000000005,6.000000000000001e-05,0.004152101834894488,3,3,0.23659843889014912
2026-04-20,-0.000729359192359245,0.052811891666036545,5.2811891666036545e-05,-0.0007821710840252815,3,3,0.3134140399444634
2026-04-21,-0.0014402447113405702,0.10735014413179836,0.00010735014413179835,-0.0015475948554723685,3,3,0.38441678517392486
2026-04-22,-0.0026072860304726295,0.032375340566343135,3.237534056634313e-05,-0.0026396613710389727,3,3,0.39827395601027815
2026-04-23,-0.0023975987838357592,0.13930547663691317,0.00013930547663691317,-0.0025369042604726725,3,3,0.32908044245734536
2026-04-24,-0.0006315379091107486,0.06471067796850073,6.471067796850074e-05,-0.0006962485870792494,3,3,0.2530357289323275
2026-04-27,-0.0015100837098329133,0.07497842883174106,7.497842883174107e-05,-0.0015850621386646543,3,3,0.1606868852874442
2026-04-28,0.0007426740177565111,0.044816839302696226,4.481683930269623e-05,0.000697857178453815,3,3,0.15555555555555567
2026-04-29,-0.00021283243598525385,0.02337712541479447,2.3377125414794472e-05,-0.00023620956140004833,2,3,0.12444444444444436
2026-04-30,-0.0004215977974289792,0.06,6e-05,-0.0004815977974289792,3,3,0.07259620546369341
2026-05-01,-3.8204577293670714e-05,0.03785367481586226,3.785367481586226e-05,-7.605825210953298e-05,2,2,0.015555555555555546
2026-05-04,-0.00011274006968959444,0.01203677444480893,1.2036774444808929e-05,-0.00012477684413440335,2,1,0.03111111111111109
2026-05-05,-0.0012276706680503621,0.06,6e-05,-0.001287670668050362,3,1,0.15111111111111108
2026-05-06,0.0007063199019942956,0.042222222222222265,4.222222222222227e-05,0.0006640976797720734,3,1,0.06666666666666655
2026-05-07,0.00033534148520572506,0.043197541803786293,4.31975418037863e-05,0.00029214394340193873,3,2,0.12444444444444436
2026-05-08,1.3582521861014066e-05,0.05999999999999999,5.9999999999999995e-05,-4.641747813898593e-05,3,2,0.24444444444444435
2026-05-11,0.001264507988017164,0.07710593858537343,7.710593858537343e-05,0.0011874020494317904,3,2,0.3986563216151912
2026-05-12,0.0015316620992918597,0.10224639055303231,0.00010224639055303231,0.0014294157087388275,3,2,0.4000836080429796
2026-05-13,-0.0004405445302327715,0.04751148273476968,4.7511482734769685e-05,-0.00048805601296754116,3,2,0.3486664898429339
2026-05-14,-0.0047606750352795395,0.061704100871625644,6.170410087162565e-05,-0.004822379136151165,3,2,0.26887914895058296
2026-05-15,-0.0047007853860523505,0.03116301447358711,3.116301447358711e-05,-0.004731948400525938,3,2,0.28
2026-05-18,-0.0033115724134634315,0.05999999999999999,5.9999999999999995e-05,-0.0033715724134634317,3,3,0.28
2026-05-19,0.0009624691192159702,0.06489581741275013,6.489581741275014e-05,0.00089757330180322,2,3,0.18566777711861504
2026-05-20,-0.00014312498344141262,0.038389444114863114,3.838944411486311e-05,-0.00018151442755627573,1,3,0.10888888888888881
2026-05-21,0.0013245354507103893,0.05999999999999999,5.9999999999999995e-05,0.0012645354507103894,3,4,0.11855427173905664
2026-05-22,0.0006159149521639676,0.09656454874078045,9.656454874078045e-05,0.0005193504034231872,4,3,0.22906769715368497
2026-05-27,0.002897572527314009,0.10579880111785395,0.00010579880111785395,0.0027917737261961553,3,2,0.41717596969086046
2026-05-28,0.007247571815722301,0.05477962714745182,5.477962714745182e-05,0.007192792188574849,3,2,0.4596604387118202
2026-05-29,0.00016836060097455137,0.19916843317668959,0.0001991684331766896,-3.080783220213822e-05,3,3,0.5015559209524557
2026-06-01,-0.013142303828894968,0.26926598593721457,0.00026926598593721455,-0.013411569814832183,3,3,0.797046486775059
2026-06-02,-0.00961745223230029,0.1464651845854963,0.0001464651845854963,-0.009763917416885787,3,3,0.8156751310780096
2026-06-03,-0.011664162101520064,0.2339954859491234,0.0002339954859491234,-0.011898157587469187,3,3,0.7997814266255648
2026-06-04,-0.005318994533587886,0.06989992398114345,6.989992398114344e-05,-0.0053888944575690295,3,3,0.7333658007840057
2026-06-05,-0.0060703784582115256,0.10581355369160733,0.00010581355369160733,-0.006176192011903133,3,2,0.7
2026-06-08,0.0031249129705105856,0.09437195212047861,9.43719521204786e-05,0.003030541018390107,3,3,0.7141084486040081
2026-06-09,0.012007045689359633,0.23738178298718934,0.00023738178298718935,0.011769663906372444,3,2,0.6577777777777778
2026-06-10,0.0022006799706234485,0.21728508722497702,0.00021728508722497703,0.0019833948833984714,1,3,0.2969155885787552
2026-06-11,0.026246715072201665,0.2704183116341331,0.00027041831163413313,0.025976296760567532,1,3,0.6665380427269709
2026-06-12,0.002564104652737132,0.09414174852715812,9.414174852715812e-05,0.002469962904209974,1,3,0.5227998644194307
2026-06-15,0.014275922846868338,0.10674743522087396,0.00010674743522087396,0.014169175411647464,1,3,0.4855564180916467
2026-06-16,0.004718502273841829,0.1578075156846174,0.0001578075156846174,0.004560694758157211,1,3,0.778924636729756
2026-06-17,0.01709090891828616,0.22806566803257328,0.00022806566803257328,0.016862843250253588,1,3,1.0
2026-06-18,0.00459011719152304,0.07337556774583288,7.337556774583289e-05,0.004516741623777207,1,2,1.0
2026-06-22,-0.00242825299540461,0.06,6e-05,-0.00248825299540461,2,2,0.9864108176930423
2026-06-23,0.006917351401231221,0.4687035598826268,0.0004687035598826268,0.006448647841348595,2,2,0.892059956406407
2026-06-24,0.023923095023668316,0.29322382800556823,0.00029322382800556825,0.023629871195662747,2,4,1.0
2026-06-25,-0.001616759110868943,0.5025803337716264,0.0005025803337716264,-0.0021193394446405696,3,3,0.9550054023798655
2026-06-26,0.010112820182971487,0.41144944116188986,0.0004114494411618899,0.009701370741809597,4,3,0.684663597205576
2026-06-29,-0.011023556629180573,0.3624555579516218,0.00036245555795162183,-0.011386012187132194,3,3,0.8363361641333544
2026-06-30,0.010888941510504417,0.20457177735416548,0.00020457177735416548,0.010684369733150251,3,3,0.8024178373138788
2026-07-01,0.0073447713229455695,0.2644769785624552,0.0002644769785624552,0.007080294344383114,3,3,0.9267312706224362
2026-07-02,0.00601187597763207,0.1115640033881983,0.00011156400338819831,0.0059003119742438714,3,3,1.0
2026-07-06,0.003918330475712137,0.3048434379501569,0.0003048434379501569,0.0036134870377619796,3,3,1.0
2026-07-07,-0.003194927246702872,0.31668499503588166,0.00031668499503588167,-0.0035116122417387535,3,3,1.0
2026-07-08,0.00027469183064117106,0.06345358036993695,6.345358036993695e-05,0.00021123825027123412,2,3,1.0
2026-07-09,0.0009529336281617613,0.09044687923810447,9.044687923810448e-05,0.0008624867489236568,2,3,1.0
2026-07-10,0.005266717176482863,0.45940701874089573,0.0004594070187408957,0.0048073101577419675,2,1,1.0
2026-07-13,0.030005601390896062,0.2574283665103791,0.0002574283665103791,0.029748173024385684,1,1,0.88
2026-07-14,-0.0005613564047114298,0.25,0.00025,-0.0008113564047114298,1,1,0.62
2026-07-15,-0.026555599713333884,0.25,0.00025,-0.026805599713333884,1,1,0.88
2026-07-16,0.024837360909816676,0.19,0.00019,0.024647360909816677,1,0,0.5
2026-07-17,-0.0010885763979029068,0.06,6e-05,-0.0011485763979029067,2,1,0.5454345683449475
2026-07-20,-0.013078794394346435,0.5402901951710978,0.0005402901951710978,-0.013619084589517534,2,1,1.0
2026-07-21,0.0037473890564768807,0.14094257098961563,0.00014094257098961564,0.003606446485487265,2,3,0.9499940465583304
2026-07-22,-0.000929195645868284,0.40163812779980507,0.0004016381277998051,-0.0013308337736680892,2,3,0.6221022915256014
2026-07-23,0.0027265822015041016,0.0682870127053183,6.82870127053183e-05,0.0026582951887987832,2,3,0.680642399898769
2026-07-24,-0.001490108073525909,0.34746245055903185,0.00034746245055903186,-0.001837570524084941,3,3,0.9532583707015574
2026-07-27,-0.004357963597792854,0.4397596856948207,0.0004397596856948207,-0.004797723283487675,3,3,0.7944790149269965
2026-07-28,-0.002472691521994803,0.15848137903650164,0.00015848137903650165,-0.0026311729010313045,3,3,0.5910125140732405
2026-07-29,-0.00022544870853084397,0.10677629720929638,0.00010677629720929638,-0.00033222500574014036,3,3,0.601826081314285
2026-07-30,-0.013198784474210159,0.0880374334578416,8.80374334578416e-05,-0.013286821907668,3,3,0.5991066369181719
