,gross_return,turnover,transaction_cost,net_returns,n_longs,n_shorts
2015-04-01,0.0,0.0,0.0,0.0,0,0
2015-04-02,0.0,0.0,0.0,0.0,0,0
2015-04-06,0.0,0.0,0.0,0.0,0,0
2015-04-07,0.0,0.0,0.0,0.0,0,0
2015-04-08,0.0,0.0,0.0,0.0,0,0
2015-04-09,0.0,0.0,0.0,0.0,0,0
2015-04-10,0.0,0.0,0.0,0.0,0,0
2015-04-13,0.0,0.0,0.0,0.0,0,0
2015-04-14,0.0,0.0,0.0,0.0,0,0
2015-04-15,0.0,0.0,0.0,0.0,0,0
2015-04-16,0.005104703604147051,0.25,0.000375,0.004729703604147051,1,0
2015-04-17,0.0,0.25,0.000375,-0.000375,0,0
2015-04-20,0.0,0.0,0.0,0.0,0,0
2015-04-21,0.0,0.0,0.0,0.0,0,0
2015-04-22,0.0032341445256943995,0.25,0.000375,0.0028591445256943996,1,0
2015-04-23,0.0,0.25,0.000375,-0.000375,0,0
2015-04-24,-0.009981783409099903,0.5,0.00075,-0.010731783409099903,2,1
2015-04-27,0.0,0.5,0.00075,-0.00075,0,0
2015-04-28,0.0,0.0,0.0,0.0,0,0
2015-04-29,0.0,0.0,0.0,0.0,0,0
2015-04-30,-0.005047908228143229,0.25,0.000375,-0.00542290822814323,1,0
2015-05-01,0.0,0.25,0.000375,-0.000375,0,0
2015-05-04,0.009120016364421415,0.25,0.000375,0.008745016364421414,0,1
2015-05-05,0.015786010695613605,0.0,0.0,0.015786010695613605,0,1
2015-05-06,-0.004299491154861283,0.0,0.0,-0.004299491154861283,0,1
2015-05-07,-0.0147033783584148,0.0,0.0,-0.0147033783584148,0,1
2015-05-08,0.0,0.25,0.000375,-0.000375,0,0
2015-05-11,0.0,0.0,0.0,0.0,0,0
2015-05-12,0.0,0.0,0.0,0.0,0,0
2015-05-13,0.0,0.0,0.0,0.0,0,0
2015-05-14,-0.006583289305741292,0.25,0.000375,-0.006958289305741292,0,1
2015-05-15,0.0,0.25,0.000375,-0.000375,0,0
2015-05-18,0.0,0.0,0.0,0.0,0,0
2015-05-19,0.0,0.0,0.0,0.0,0,0
2015-05-20,0.0,0.0,0.0,0.0,0,0
2015-05-21,-0.0014879117054667486,0.25,0.000375,-0.0018629117054667485,0,1
2015-05-22,0.0,0.25,0.000375,-0.000375,0,0
2015-05-26,0.0,0.0,0.0,0.0,0,0
2015-05-27,0.0,0.0,0.0,0.0,0,0
2015-05-28,0.0,0.0,0.0,0.0,0,0
2015-05-29,0.0,0.0,0.0,0.0,0,0
2015-06-01,0.0,0.0,0.0,0.0,0,0
2015-06-02,0.0,0.0,0.0,0.0,0,0
2015-06-03,0.002904144969268355,0.25,0.000375,0.002529144969268355,1,0
2015-06-04,-0.008272698818352894,0.0,0.0,-0.008272698818352894,1,0
2015-06-05,0.0,0.25,0.000375,-0.000375,0,0
2015-06-08,0.0,0.0,0.0,0.0,0,0
2015-06-09,0.012022788505604134,0.5,0.00075,0.011272788505604134,2,1
2015-06-10,0.006163287876746859,0.0,0.0,0.006163287876746859,2,1
2015-06-11,0.0,0.5,0.00075,-0.00075,0,0
2015-06-12,0.0,0.0,0.0,0.0,0,0
2015-06-15,0.0,0.0,0.0,0.0,0,0
2015-06-16,0.0,0.0,0.0,0.0,0,0
2015-06-17,0.0,0.0,0.0,0.0,0,0
2015-06-18,0.0,0.0,0.0,0.0,0,0
2015-06-19,-0.0051307082947236095,0.25,0.000375,-0.00550570829472361,0,1
2015-06-22,0.0,0.25,0.000375,-0.000375,0,0
2015-06-23,0.0,0.0,0.0,0.0,0,0
2015-06-24,0.0,0.0,0.0,0.0,0,0
2015-06-25,0.0,0.0,0.0,0.0,0,0
2015-06-26,0.0,0.0,0.0,0.0,0,0
2015-06-29,0.0,0.0,0.0,0.0,0,0
2015-06-30,0.0,0.0,0.0,0.0,0,0
2015-07-01,0.0,0.0,0.0,0.0,0,0
2015-07-02,0.0,0.0,0.0,0.0,0,0
2015-07-06,0.0,0.0,0.0,0.0,0,0
2015-07-07,-0.0042530110331186945,0.25,0.000375,-0.004628011033118695,0,1
2015-07-08,0.013909248120788583,0.0,0.0,0.013909248120788583,0,1
2015-07-09,0.0,0.25,0.000375,-0.000375,0,0
2015-07-10,0.0,0.0,0.0,0.0,0,0
2015-07-13,-0.010602650055770865,0.25,0.000375,-0.010977650055770866,0,1
2015-07-14,-0.0033321885315165663,0.0,0.0,-0.0033321885315165663,0,1
2015-07-15,-0.00376510985175342,0.0,0.0,-0.00376510985175342,0,1
2015-07-16,-0.00542629990792204,0.0,0.0,-0.00542629990792204,0,1
2015-07-17,-0.005256691360292828,0.0,0.0,-0.005256691360292828,0,1
2015-07-20,0.009547643470303737,0.0,0.0,0.009547643470303737,0,1
2015-07-21,-0.00631067255708074,0.0,0.0,-0.00631067255708074,0,1
2015-07-22,0.0,0.25,0.000375,-0.000375,0,0
2015-07-23,0.0,0.0,0.0,0.0,0,0
2015-07-24,0.022793966344538792,0.49999999999999994,0.0007499999999999999,0.02204396634453879,2,3
2015-07-27,-0.005950156060061875,0.8333333333333333,0.0012499999999999998,-0.007200156060061875,3,1
2015-07-28,0.010405496466591647,0.5833333333333333,0.0008749999999999999,0.009530496466591647,1,0
2015-07-29,0.0,0.25,0.000375,-0.000375,0,0
2015-07-30,0.0,0.0,0.0,0.0,0,0
2015-07-31,0.0,0.0,0.0,0.0,0,0
2015-08-03,0.0,0.0,0.0,0.0,0,0
2015-08-04,0.0,0.0,0.0,0.0,0,0
2015-08-05,0.0,0.0,0.0,0.0,0,0
2015-08-06,0.0,0.0,0.0,0.0,0,0
2015-08-07,0.0,0.0,0.0,0.0,0,0
2015-08-10,0.0,0.0,0.0,0.0,0,0
2015-08-11,0.0,0.0,0.0,0.0,0,0
2015-08-12,0.0,0.0,0.0,0.0,0,0
2015-08-13,0.0,0.0,0.0,0.0,0,0
2015-08-14,0.0,0.0,0.0,0.0,0,0
2015-08-17,0.0,0.0,0.0,0.0,0,0
2015-08-18,-0.0066073078332407114,0.25,0.000375,-0.006982307833240712,1,0
2015-08-19,-0.002964791400513052,0.0,0.0,-0.002964791400513052,1,0
2015-08-20,0.0,0.25,0.000375,-0.000375,0,0
2015-08-21,0.0,0.0,0.0,0.0,0,0
2015-08-24,0.02569917943988372,0.25,0.000375,0.02532417943988372,0,1
2015-08-25,0.00787753633906316,0.5,0.00075,0.007127536339063161,1,2
2015-08-26,0.01956425427434269,0.5,0.00075,0.01881425427434269,2,0
2015-08-27,-0.0023516337433967622,0.5,0.00075,-0.003101633743396762,1,1
2015-08-28,-0.0028278620572836127,0.25,0.000375,-0.0032028620572836126,1,0
2015-08-31,0.008006604383310911,0.75,0.0011250000000000001,0.006881604383310911,1,2
2015-09-01,0.007467975643216957,0.25,0.000375,0.007092975643216957,1,1
2015-09-02,0.010267928850150026,0.0,0.0,0.010267928850150026,1,1
2015-09-03,-0.003665497729301601,0.0,0.0,-0.003665497729301601,1,1
2015-09-04,0.002678876876161059,0.25,0.000375,0.002303876876161059,0,1
2015-09-08,0.0,0.25,0.000375,-0.000375,0,0
2015-09-09,0.0,0.0,0.0,0.0,0,0
2015-09-10,0.0,0.0,0.0,0.0,0,0
2015-09-11,0.0,0.0,0.0,0.0,0,0
2015-09-14,0.0,0.0,0.0,0.0,0,0
2015-09-15,-0.006990450728041566,0.5,0.00075,-0.007740450728041566,1,1
2015-09-16,-0.00383960351405056,0.25,0.000375,-0.00421460351405056,1,0
2015-09-17,0.003525937846033414,0.0,0.0,0.003525937846033414,1,0
2015-09-18,0.0,0.25,0.000375,-0.000375,0,0
2015-09-21,0.0,0.0,0.0,0.0,0,0
2015-09-22,0.012001885861025885,0.5,0.00075,0.011251885861025884,1,1
2015-09-23,-0.003659712622994085,0.0,0.0,-0.003659712622994085,1,1
2015-09-24,0.0025143518034089632,0.0,0.0,0.0025143518034089632,1,1
2015-09-25,0.0,0.5,0.00075,-0.00075,0,0
2015-09-28,0.0,0.0,0.0,0.0,0,0
2015-09-29,0.0,0.0,0.0,0.0,0,0
2015-09-30,0.0,0.0,0.0,0.0,0,0
2015-10-01,0.0,0.0,0.0,0.0,0,0
2015-10-02,0.0,0.0,0.0,0.0,0,0
2015-10-05,0.0,0.0,0.0,0.0,0,0
2015-10-06,0.020317811613975112,0.25,0.000375,0.01994281161397511,0,1
2015-10-07,-0.00031338245717752074,0.25,0.000375,-0.0006883824571775207,1,1
2015-10-08,-0.0013840337838554287,0.25,0.000375,-0.0017590337838554286,1,0
2015-10-09,0.0010549063311355066,0.0,0.0,0.0010549063311355066,1,0
2015-10-12,0.013450260320715246,0.0,0.0,0.013450260320715246,1,0
2015-10-13,0.0,0.25,0.000375,-0.000375,0,0
2015-10-14,-0.008763222232539723,0.25,0.000375,-0.009138222232539723,1,0
2015-10-15,0.0012320225402389748,0.0,0.0,0.0012320225402389748,1,0
2015-10-16,-0.00577561665243467,0.0,0.0,-0.00577561665243467,1,0
2015-10-19,0.0,0.25,0.000375,-0.000375,0,0
2015-10-20,0.0,0.0,0.0,0.0,0,0
2015-10-21,0.0,0.0,0.0,0.0,0,0
2015-10-22,0.0,0.0,0.0,0.0,0,0
2015-10-23,-0.01636823338091082,0.5,0.00075,-0.01711823338091082,1,1
2015-10-26,0.002856303625437576,0.3333333333333333,0.0005,0.002356303625437576,1,3
2015-10-27,0.008280575371346827,0.41666666666666663,0.0006249999999999999,0.007655575371346827,0,3
2015-10-28,0.01802475564840634,0.3333333333333333,0.0005,0.01752475564840634,0,1
2015-10-29,0.0,0.25,0.000375,-0.000375,0,0
2015-10-30,0.0,0.0,0.0,0.0,0,0
2015-11-02,0.0,0.0,0.0,0.0,0,0
2015-11-03,0.0,0.0,0.0,0.0,0,0
2015-11-04,0.0,0.0,0.0,0.0,0,0
2015-11-05,0.0,0.0,0.0,0.0,0,0
2015-11-06,0.0,0.0,0.0,0.0,0,0
2015-11-09,0.0,0.0,0.0,0.0,0,0
2015-11-10,0.0,0.0,0.0,0.0,0,0
2015-11-11,0.0,0.0,0.0,0.0,0,0
2015-11-12,0.0,0.0,0.0,0.0,0,0
2015-11-13,0.0,0.0,0.0,0.0,0,0
2015-11-16,0.0,0.0,0.0,0.0,0,0
2015-11-17,0.0,0.0,0.0,0.0,0,0
2015-11-18,0.0,0.0,0.0,0.0,0,0
2015-11-19,0.0,0.0,0.0,0.0,0,0
2015-11-20,0.0,0.0,0.0,0.0,0,0
2015-11-23,0.0,0.0,0.0,0.0,0,0
2015-11-24,0.0,0.0,0.0,0.0,0,0
2015-11-25,0.001332106854082157,0.5,0.00075,0.000582106854082157,1,1
2015-11-27,-0.002251496562593871,0.75,0.0011250000000000001,-0.0033764965625938713,2,1
2015-11-30,-0.004515280881056315,0.25,0.000375,-0.004890280881056315,2,0
2015-12-01,0.011831510546950821,0.0,0.0,0.011831510546950821,2,0
2015-12-02,0.001576177781950257,0.5,0.00075,0.0008261777819502569,1,1
2015-12-03,0.0,0.5,0.00075,-0.00075,0,0
2015-12-04,0.0,0.0,0.0,0.0,0,0
2015-12-07,0.0,0.0,0.0,0.0,0,0
2015-12-08,-0.031642826602788186,0.5,0.00075,-0.03239282660278819,1,1
2015-12-09,0.002461788744977398,0.5,0.00075,0.0017117887449773978,1,2
2015-12-10,-0.009620889800333881,0.25,0.000375,-0.009995889800333882,0,2
2015-12-11,0.021518018673166682,0.16666666666666669,0.00025000000000000006,0.021268018673166682,0,3
2015-12-14,-0.005705434421189589,0.16666666666666669,0.00025000000000000006,-0.005955434421189589,0,2
2015-12-15,-0.009572902531785162,0.25,0.000375,-0.009947902531785163,0,1
2015-12-16,-0.009393142888900358,0.0,0.0,-0.009393142888900358,0,1
2015-12-17,0.0,0.25,0.000375,-0.000375,0,0
2015-12-18,0.0,0.0,0.0,0.0,0,0
2015-12-21,0.0,0.0,0.0,0.0,0,0
2015-12-22,0.0,0.0,0.0,0.0,0,0
2015-12-23,0.0,0.0,0.0,0.0,0,0
2015-12-24,0.0,0.0,0.0,0.0,0,0
2015-12-28,0.0,0.0,0.0,0.0,0,0
2015-12-29,0.0,0.0,0.0,0.0,0,0
2015-12-30,0.0,0.0,0.0,0.0,0,0
2015-12-31,0.0,0.0,0.0,0.0,0,0
2016-01-04,0.0,0.0,0.0,0.0,0,0
2016-01-05,0.0,0.0,0.0,0.0,0,0
2016-01-06,0.005773314170739891,0.5,0.00075,0.005023314170739891,1,1
2016-01-07,-0.002564978697029409,0.0,0.0,-0.002564978697029409,1,1
2016-01-08,0.012177903066707563,0.25,0.000375,0.011802903066707563,0,1
2016-01-11,-0.005150869249575092,0.0,0.0,-0.005150869249575092,0,1
2016-01-12,-0.009427385870437493,0.0,0.0,-0.009427385870437493,0,1
2016-01-13,-0.003939254489348364,0.75,0.0011250000000000001,-0.005064254489348364,1,1
2016-01-14,-0.007990862861082644,0.25,0.000375,-0.008365862861082644,0,1
2016-01-15,0.0001454787361943246,0.0,0.0,0.0001454787361943246,0,1
2016-01-19,0.006286159754277687,0.5833333333333334,0.0008750000000000001,0.005411159754277687,2,3
2016-01-20,-0.007717919031825396,0.6666666666666666,0.001,-0.008717919031825396,1,3
2016-01-21,-0.024006938613534326,0.4166666666666667,0.000625,-0.024631938613534327,0,2
2016-01-22,0.012728660106632827,0.4166666666666667,0.000625,0.012103660106632826,2,3
2016-01-25,0.007779948194074308,0.5833333333333333,0.0008749999999999999,0.006904948194074308,2,2
2016-01-26,-0.008434073478704715,0.5,0.00075,-0.009184073478704716,0,1
2016-01-27,-0.005055863061394954,0.0,0.0,-0.005055863061394954,0,1
2016-01-28,0.01705557044156001,0.0,0.0,0.01705557044156001,0,1
2016-01-29,-0.02299375574501565,0.0,0.0,-0.02299375574501565,0,1
2016-02-01,-0.005970853687967711,0.0,0.0,-0.005970853687967711,0,1
2016-02-02,0.025291298318315482,0.0,0.0,0.025291298318315482,0,1
2016-02-03,0.0,0.25,0.000375,-0.000375,0,0
2016-02-04,0.0,0.0,0.0,0.0,0,0
2016-02-05,0.0,0.0,0.0,0.0,0,0
2016-02-08,0.0,0.0,0.0,0.0,0,0
2016-02-09,0.0,0.0,0.0,0.0,0,0
2016-02-10,0.0,0.0,0.0,0.0,0,0
2016-02-11,0.0,0.0,0.0,0.0,0,0
2016-02-12,0.0,0.0,0.0,0.0,0,0
2016-02-16,0.0,0.0,0.0,0.0,0,0
2016-02-17,0.0,0.0,0.0,0.0,0,0
2016-02-18,0.0,0.0,0.0,0.0,0,0
2016-02-19,0.0,0.0,0.0,0.0,0,0
2016-02-22,0.0,0.0,0.0,0.0,0,0
2016-02-23,0.0,0.0,0.0,0.0,0,0
2016-02-24,0.0,0.0,0.0,0.0,0,0
2016-02-25,0.0,0.0,0.0,0.0,0,0
2016-02-26,0.0,0.0,0.0,0.0,0,0
2016-02-29,0.0,0.0,0.0,0.0,0,0
2016-03-01,0.0,0.0,0.0,0.0,0,0
2016-03-02,0.0,0.0,0.0,0.0,0,0
2016-03-03,0.0,0.0,0.0,0.0,0,0
2016-03-04,0.0,0.0,0.0,0.0,0,0
2016-03-07,0.0,0.0,0.0,0.0,0,0
2016-03-08,0.01640685673442214,0.25,0.000375,0.01603185673442214,0,1
2016-03-09,-0.009688829733553072,0.25,0.000375,-0.010063829733553072,0,2
2016-03-10,0.00024034463243788158,0.25,0.000375,-0.00013465536756211843,0,1
2016-03-11,0.0,0.25,0.000375,-0.000375,0,0
2016-03-14,0.0,0.0,0.0,0.0,0,0
2016-03-15,0.0,0.0,0.0,0.0,0,0
2016-03-16,0.0,0.0,0.0,0.0,0,0
2016-03-17,0.0,0.0,0.0,0.0,0,0
2016-03-18,0.0,0.0,0.0,0.0,0,0
2016-03-21,0.0,0.0,0.0,0.0,0,0
2016-03-22,0.0,0.0,0.0,0.0,0,0
2016-03-23,0.0,0.0,0.0,0.0,0,0
2016-03-24,0.0,0.0,0.0,0.0,0,0
2016-03-28,0.0,0.0,0.0,0.0,0,0
2016-03-29,0.0,0.0,0.0,0.0,0,0
2016-03-30,0.0,0.0,0.0,0.0,0,0
2016-03-31,-0.0003342322603179734,0.25,0.000375,-0.0007092322603179734,0,1
2016-04-01,0.026940804437717084,0.0,0.0,0.026940804437717084,0,1
2016-04-04,9.397130519073899e-05,0.75,0.0011250000000000001,-0.0010310286948092611,2,2
2016-04-05,-0.001950253999043609,0.6666666666666667,0.0010000000000000002,-0.002950253999043609,3,1
2016-04-06,-0.002664093312925224,0.0,0.0,-0.002664093312925224,3,1
2016-04-07,-0.013615473191916003,0.25,0.000375,-0.013990473191916004,3,0
2016-04-08,0.00034397171424713647,0.4166666666666667,0.000625,-0.00028102828575286354,2,1
2016-04-11,0.0010457175807280948,0.25,0.000375,0.0006707175807280948,2,0
2016-04-12,0.004110995752032191,0.0,0.0,0.004110995752032191,2,0
2016-04-13,0.0,0.25,0.000375,-0.000375,0,0
2016-04-14,0.0,0.0,0.0,0.0,0,0
2016-04-15,0.00316764854033953,0.25,0.000375,0.00279264854033953,0,1
2016-04-18,-0.01010134341548462,0.5,0.00075,-0.01085134341548462,1,0
2016-04-19,0.0034254634014078775,0.0,0.0,0.0034254634014078775,1,0
2016-04-20,0.0,0.25,0.000375,-0.000375,0,0
2016-04-21,0.0,0.0,0.0,0.0,0,0
2016-04-22,0.0013110030754357217,0.49999999999999994,0.0007499999999999999,0.0005610030754357218,3,2
2016-04-25,-0.011136156722516201,0.41666666666666663,0.0006249999999999999,-0.011761156722516201,3,0
2016-04-26,-0.0009123708431369963,0.0,0.0,-0.0009123708431369963,3,0
2016-04-27,0.0006956859159430004,0.16666666666666669,0.00025000000000000006,0.00044568591594300035,2,0
2016-04-28,-0.010784050888121675,0.25,0.000375,-0.011159050888121675,1,0
2016-04-29,-0.011092789874988537,0.0,0.0,-0.011092789874988537,1,0
2016-05-02,0.0007092458244827595,0.0,0.0,0.0007092458244827595,1,0
2016-05-03,-0.0008512391443392412,0.0,0.0,-0.0008512391443392412,1,0
2016-05-04,-0.009390418433137338,0.0,0.0,-0.009390418433137338,1,0
2016-05-05,0.00028950623675319276,0.0,0.0,0.00028950623675319276,1,0
2016-05-06,0.0,0.25,0.000375,-0.000375,0,0
2016-05-09,0.0,0.0,0.0,0.0,0,0
2016-05-10,0.0,0.0,0.0,0.0,0,0
2016-05-11,0.0,0.0,0.0,0.0,0,0
2016-05-12,0.0,0.0,0.0,0.0,0,0
2016-05-13,0.0,0.0,0.0,0.0,0,0
2016-05-16,0.0,0.0,0.0,0.0,0,0
2016-05-17,0.0002728575507258131,0.25,0.000375,-0.00010214244927418692,1,0
2016-05-18,-0.001092272615213073,0.0,0.0,-0.001092272615213073,1,0
2016-05-19,0.0,0.25,0.000375,-0.000375,0,0
2016-05-20,0.0,0.0,0.0,0.0,0,0
2016-05-23,0.0,0.0,0.0,0.0,0,0
2016-05-24,0.0,0.0,0.0,0.0,0,0
2016-05-25,0.0,0.0,0.0,0.0,0,0
2016-05-26,0.0,0.0,0.0,0.0,0,0
2016-05-27,0.0,0.0,0.0,0.0,0,0
2016-05-31,0.0,0.0,0.0,0.0,0,0
2016-06-01,0.0,0.0,0.0,0.0,0,0
2016-06-02,0.0,0.0,0.0,0.0,0,0
2016-06-03,-0.00225058787858166,0.5,0.00075,-0.0030005878785816604,1,2
2016-06-06,-0.008017129177834295,0.0,0.0,-0.008017129177834295,1,2
2016-06-07,-0.006326486303275267,0.25,0.000375,-0.006701486303275267,1,1
2016-06-08,0.0024421577197147834,0.0,0.0,0.0024421577197147834,1,1
2016-06-09,0.0043530901738205695,0.0,0.0,0.0043530901738205695,1,1
2016-06-10,0.005046832036058358,0.0,0.0,0.005046832036058358,1,1
2016-06-13,0.0,0.5,0.00075,-0.00075,0,0
2016-06-14,0.0,0.0,0.0,0.0,0,0
2016-06-15,0.003290487775969497,0.25,0.000375,0.002915487775969497,0,1
2016-06-16,0.0,0.25,0.000375,-0.000375,0,0
2016-06-17,0.003923061520817886,0.5,0.00075,0.003173061520817886,1,1
2016-06-20,-0.003510636797228521,0.25,0.000375,-0.003885636797228521,0,1
2016-06-21,-0.006208075793301816,0.0,0.0,-0.006208075793301816,0,1
2016-06-22,-0.001083813626182472,0.25,0.000375,-0.001458813626182472,1,1
2016-06-23,0.0027700947411941623,0.25,0.000375,0.0023950947411941624,1,0
2016-06-24,0.035934839234952616,0.5,0.00075,0.035184839234952615,2,1
2016-06-27,0.00925622733304584,0.75,0.0011250000000000001,0.008131227333045839,2,2
2016-06-28,0.006386935830850768,0.4166666666666667,0.000625,0.0057619358308507685,3,2
2016-06-29,0.003997320068734163,0.41666666666666663,0.0006249999999999999,0.003372320068734163,3,2
2016-06-30,0.0036004346843168406,0.4166666666666667,0.000625,0.0029754346843168405,2,2
2016-07-01,0.007078199318084259,0.0,0.0,0.007078199318084259,2,2
2016-07-05,-0.005907236082946094,0.25,0.000375,-0.0062822360829460945,2,0
2016-07-06,-0.0101259837043388,0.25,0.000375,-0.010500983704338801,1,0
2016-07-07,0.018183798332975655,0.0,0.0,0.018183798332975655,1,0
2016-07-08,0.0,0.25,0.000375,-0.000375,0,0
2016-07-11,0.0,0.0,0.0,0.0,0,0
2016-07-12,0.0,0.0,0.0,0.0,0,0
2016-07-13,0.0,0.0,0.0,0.0,0,0
2016-07-14,0.0,0.0,0.0,0.0,0,0
2016-07-15,0.0,0.0,0.0,0.0,0,0
2016-07-18,0.0,0.0,0.0,0.0,0,0
2016-07-19,0.0,0.0,0.0,0.0,0,0
2016-07-20,0.0,0.0,0.0,0.0,0,0
2016-07-21,0.0,0.0,0.0,0.0,0,0
2016-07-22,0.006816940350498561,0.5,0.00075,0.006066940350498561,2,1
2016-07-25,-0.013582398049180001,0.0,0.0,-0.013582398049180001,2,1
2016-07-26,0.016858381886161365,0.0,0.0,0.016858381886161365,2,1
2016-07-27,-0.014067993922056649,0.5,0.00075,-0.01481799392205665,1,2
2016-07-28,-0.0043098311330859555,0.0,0.0,-0.0043098311330859555,1,2
2016-07-29,0.0,0.5,0.00075,-0.00075,0,0
2016-08-01,0.0,0.0,0.0,0.0,0,0
2016-08-02,0.0,0.0,0.0,0.0,0,0
2016-08-03,-0.003525479452821397,0.5,0.00075,-0.004275479452821397,1,1
2016-08-04,-0.007469076930841729,0.25,0.000375,-0.007844076930841729,0,1
2016-08-05,-0.026620625244781895,0.5,0.00075,-0.027370625244781895,0,1
2016-08-08,-0.00082561246617421,0.0,0.0,-0.00082561246617421,0,1
2016-08-09,0.007061387185010128,0.0,0.0,0.007061387185010128,0,1
2016-08-10,0.007268667343294669,0.0,0.0,0.007268667343294669,0,1
2016-08-11,0.0,0.25,0.000375,-0.000375,0,0
2016-08-12,0.0,0.0,0.0,0.0,0,0
2016-08-15,0.0,0.0,0.0,0.0,0,0
2016-08-16,0.0,0.0,0.0,0.0,0,0
2016-08-17,0.0,0.0,0.0,0.0,0,0
2016-08-18,0.0,0.0,0.0,0.0,0,0
2016-08-19,0.0,0.0,0.0,0.0,0,0
2016-08-22,0.0,0.0,0.0,0.0,0,0
2016-08-23,0.0,0.0,0.0,0.0,0,0
2016-08-24,0.0,0.0,0.0,0.0,0,0
2016-08-25,0.0,0.0,0.0,0.0,0,0
2016-08-26,0.0,0.0,0.0,0.0,0,0
2016-08-29,0.0,0.0,0.0,0.0,0,0
2016-08-30,0.0,0.0,0.0,0.0,0,0
2016-08-31,-0.001563029440526492,0.49999999999999994,0.0007499999999999999,-0.002313029440526492,3,2
2016-09-01,-0.000827084651485316,0.5833333333333333,0.0008749999999999999,-0.0017020846514853158,1,0
2016-09-02,0.0,0.25,0.000375,-0.000375,0,0
2016-09-06,0.0,0.0,0.0,0.0,0,0
2016-09-07,0.0,0.0,0.0,0.0,0,0
2016-09-08,0.0,0.0,0.0,0.0,0,0
2016-09-09,0.0,0.0,0.0,0.0,0,0
2016-09-12,0.00670774043626475,0.25,0.000375,0.00633274043626475,1,0
2016-09-13,0.0,0.25,0.000375,-0.000375,0,0
2016-09-14,-0.012082730534662958,0.5,0.00075,-0.012832730534662959,1,1
2016-09-15,-0.008885129673600719,0.0,0.0,-0.008885129673600719,1,1
2016-09-16,0.0,0.5,0.00075,-0.00075,0,0
2016-09-19,0.0,0.0,0.0,0.0,0,0
2016-09-20,-0.0007979605360378728,0.25,0.000375,-0.0011729605360378727,0,1
2016-09-21,-0.005549783579206959,0.0,0.0,-0.005549783579206959,0,1
2016-09-22,-0.0004531970138690719,0.25,0.000375,-0.0008281970138690719,0,2
2016-09-23,0.0020485158252611085,0.25,0.000375,0.0016735158252611086,0,1
2016-09-26,0.0,0.25,0.000375,-0.000375,0,0
2016-09-27,0.0,0.0,0.0,0.0,0,0
2016-09-28,0.006135244559504685,0.25,0.000375,0.005760244559504685,0,1
2016-09-29,-0.0010496589222272947,0.0,0.0,-0.0010496589222272947,0,1
2016-09-30,0.0,0.25,0.000375,-0.000375,0,0
2016-10-03,0.0,0.0,0.0,0.0,0,0
2016-10-04,0.0,0.0,0.0,0.0,0,0
2016-10-05,0.0,0.0,0.0,0.0,0,0
2016-10-06,0.0,0.0,0.0,0.0,0,0
2016-10-07,0.0,0.0,0.0,0.0,0,0
2016-10-10,0.0,0.0,0.0,0.0,0,0
2016-10-11,0.0,0.0,0.0,0.0,0,0
2016-10-12,0.0,0.0,0.0,0.0,0,0
2016-10-13,0.024280374729992105,0.25,0.000375,0.023905374729992105,1,0
2016-10-14,0.0029906882993833124,0.75,0.0011250000000000001,0.0018656882993833123,1,1
2016-10-17,0.0009064535408108044,0.25,0.000375,0.0005314535408108044,0,1
2016-10-18,0.0,0.25,0.000375,-0.000375,0,0
2016-10-19,0.0,0.0,0.0,0.0,0,0
2016-10-20,0.0004732289451178397,0.25,0.000375,9.822894511783968e-05,1,0
2016-10-21,0.0065239896003359095,0.25,0.000375,0.006148989600335909,1,1
2016-10-24,0.005231837441317359,0.0,0.0,0.005231837441317359,1,1
2016-10-25,-0.008287359014186174,0.75,0.0011250000000000001,-0.009412359014186175,1,0
2016-10-26,-0.008848563205361266,0.0,0.0,-0.008848563205361266,1,0
2016-10-27,0.0045300017144951285,0.5,0.00075,0.0037800017144951287,2,1
2016-10-28,0.004618787381036498,0.5,0.00075,0.0038687873810364986,1,0
2016-10-31,0.0030554501415080335,0.0,0.0,0.0030554501415080335,1,0
2016-11-01,-0.005499506235296445,0.0,0.0,-0.005499506235296445,1,0
2016-11-02,-0.0033007739029013447,0.0,0.0,-0.0033007739029013447,1,0
2016-11-03,0.0,0.25,0.000375,-0.000375,0,0
2016-11-04,0.004288220977171626,0.25,0.000375,0.003913220977171626,1,0
2016-11-07,0.01617434990093416,0.0,0.0,0.01617434990093416,1,0
2016-11-08,0.0,0.25,0.000375,-0.000375,0,0
2016-11-09,0.0,0.0,0.0,0.0,0,0
2016-11-10,0.0,0.0,0.0,0.0,0,0
2016-11-11,0.0,0.0,0.0,0.0,0,0
2016-11-14,0.0,0.0,0.0,0.0,0,0
2016-11-15,-0.008762997139841145,0.5,0.00075,-0.009512997139841146,1,1
2016-11-16,0.001799268381138349,0.5,0.00075,0.001049268381138349,2,2
2016-11-17,0.0,0.5,0.00075,-0.00075,0,0
2016-11-18,0.0,0.0,0.0,0.0,0,0
2016-11-21,0.0,0.0,0.0,0.0,0,0
2016-11-22,0.0,0.0,0.0,0.0,0,0
2016-11-23,-0.0024587534285312853,0.5,0.00075,-0.003208753428531285,1,1
2016-11-25,0.0031702812596066266,0.0,0.0,0.0031702812596066266,1,1
2016-11-28,-0.011042193516742412,0.25,0.000375,-0.011417193516742412,1,0
2016-11-29,0.002421321407409021,0.0,0.0,0.002421321407409021,1,0
2016-11-30,0.0,0.25,0.000375,-0.000375,0,0
2016-12-01,0.0,0.0,0.0,0.0,0,0
2016-12-02,0.0,0.0,0.0,0.0,0,0
2016-12-05,0.0,0.0,0.0,0.0,0,0
2016-12-06,0.0,0.0,0.0,0.0,0,0
2016-12-07,0.0,0.0,0.0,0.0,0,0
2016-12-08,0.002135413885094593,0.25,0.000375,0.0017604138850945933,1,0
2016-12-09,0.016430390319857584,0.0,0.0,0.016430390319857584,1,0
2016-12-12,0.0,0.25,0.000375,-0.000375,0,0
2016-12-13,0.0,0.0,0.0,0.0,0,0
2016-12-14,0.005773055822380995,0.5,0.00075,0.005023055822380995,1,1
2016-12-15,0.013117966364533043,0.25,0.000375,0.012742966364533042,1,0
2016-12-16,-0.006566084166708654,0.0,0.0,-0.006566084166708654,1,0
2016-12-19,0.0,0.25,0.000375,-0.000375,0,0
2016-12-20,0.0,0.0,0.0,0.0,0,0
2016-12-21,0.0,0.0,0.0,0.0,0,0
2016-12-22,0.0,0.0,0.0,0.0,0,0
2016-12-23,0.0,0.0,0.0,0.0,0,0
2016-12-27,0.0,0.0,0.0,0.0,0,0
2016-12-28,0.0,0.0,0.0,0.0,0,0
2016-12-29,0.0,0.0,0.0,0.0,0,0
2016-12-30,0.0,0.0,0.0,0.0,0,0
2017-01-03,0.0,0.0,0.0,0.0,0,0
2017-01-04,0.0,0.0,0.0,0.0,0,0
2017-01-05,0.009658823606244826,0.25,0.000375,0.009283823606244825,0,1
2017-01-06,0.0,0.25,0.000375,-0.000375,0,0
2017-01-09,0.0,0.0,0.0,0.0,0,0
2017-01-10,0.0,0.0,0.0,0.0,0,0
2017-01-11,-0.009688119438446946,0.25,0.000375,-0.010063119438446946,0,1
2017-01-12,0.0028868112133064974,0.0,0.0,0.0028868112133064974,0,1
2017-01-13,-0.007027761151097326,0.25,0.000375,-0.007402761151097326,1,1
2017-01-17,-0.004897694666359764,0.0,0.0,-0.004897694666359764,1,1
2017-01-18,0.0025760067047822933,0.25,0.000375,0.0022010067047822934,0,1
2017-01-19,-0.001444465248333754,0.25,0.000375,-0.0018194652483337539,0,2
2017-01-20,0.004902575327568797,0.25,0.000375,0.004527575327568797,1,2
2017-01-23,-0.001433682362288944,0.0,0.0,-0.001433682362288944,1,2
2017-01-24,-0.006350591352367965,0.5,0.00075,-0.0071005913523679645,0,1
2017-01-25,-0.0038764431843181495,0.0,0.0,-0.0038764431843181495,0,1
2017-01-26,0.04316851314305768,0.5,0.00075,0.04241851314305768,1,0
2017-01-27,-0.009560410605099082,0.75,0.0011250000000000001,-0.010685410605099081,2,1
2017-01-30,-0.003973720264537317,0.5,0.00075,-0.004723720264537317,2,2
2017-01-31,-0.0004379443292976538,0.25,0.000375,-0.0008129443292976538,2,0
2017-02-01,0.0,0.25,0.000375,-0.000375,0,0
2017-02-02,0.0,0.0,0.0,0.0,0,0
2017-02-03,0.0,0.0,0.0,0.0,0,0
2017-02-06,0.0,0.0,0.0,0.0,0,0
2017-02-07,0.0,0.0,0.0,0.0,0,0
2017-02-08,0.002867313535434745,0.25,0.000375,0.002492313535434745,1,0
2017-02-09,0.008847385981795517,0.0,0.0,0.008847385981795517,1,0
2017-02-10,-0.002610288096580022,0.0,0.0,-0.002610288096580022,1,0
2017-02-13,0.0,0.25,0.000375,-0.000375,0,0
2017-02-14,0.0,0.0,0.0,0.0,0,0
2017-02-15,0.0,0.0,0.0,0.0,0,0
2017-02-16,0.0,0.0,0.0,0.0,0,0
2017-02-17,0.0,0.0,0.0,0.0,0,0
2017-02-21,0.0,0.0,0.0,0.0,0,0
2017-02-22,0.0,0.0,0.0,0.0,0,0
2017-02-23,0.0,0.0,0.0,0.0,0,0
2017-02-24,0.0,0.0,0.0,0.0,0,0
2017-02-27,0.0,0.0,0.0,0.0,0,0
2017-02-28,0.0,0.0,0.0,0.0,0,0
2017-03-01,0.0,0.0,0.0,0.0,0,0
2017-03-02,0.0,0.0,0.0,0.0,0,0
2017-03-03,0.0,0.0,0.0,0.0,0,0
2017-03-06,-0.012932720804406394,0.25,0.000375,-0.013307720804406394,1,0
2017-03-07,0.0,0.25,0.000375,-0.000375,0,0
2017-03-08,0.0003147021711680714,0.25,0.000375,-6.029782883192861e-05,1,0
2017-03-09,0.0,0.25,0.000375,-0.000375,0,0
2017-03-10,0.0,0.0,0.0,0.0,0,0
2017-03-13,-0.017513556021243267,0.25,0.000375,-0.017888556021243267,1,0
2017-03-14,-0.024198236580076853,0.0,0.0,-0.024198236580076853,1,0
2017-03-15,0.012025483908416575,0.0,0.0,0.012025483908416575,1,0
2017-03-16,-0.004494251355915107,0.0,0.0,-0.004494251355915107,1,0
2017-03-17,0.0,0.25,0.000375,-0.000375,0,0
2017-03-20,0.0,0.0,0.0,0.0,0,0
2017-03-21,0.0,0.0,0.0,0.0,0,0
2017-03-22,0.0,0.0,0.0,0.0,0,0
2017-03-23,0.0,0.0,0.0,0.0,0,0
2017-03-24,-0.002455055368983906,0.5,0.00075,-0.003205055368983906,2,1
2017-03-27,0.005510197110590857,0.0,0.0,0.005510197110590857,2,1
2017-03-28,0.002367047728643157,0.0,0.0,0.002367047728643157,2,1
2017-03-29,-0.004341568743469666,0.5,0.00075,-0.0050915687434696655,1,0
2017-03-30,0.002175496661719537,0.0,0.0,0.002175496661719537,1,0
2017-03-31,0.0,0.25,0.000375,-0.000375,0,0
2017-04-03,0.0,0.0,0.0,0.0,0,0
2017-04-04,0.0,0.0,0.0,0.0,0,0
2017-04-05,-0.0014605527925442001,0.25,0.000375,-0.0018355527925442002,0,1
2017-04-06,0.0,0.25,0.000375,-0.000375,0,0
2017-04-07,0.0,0.0,0.0,0.0,0,0
2017-04-10,-0.000299860049341104,0.25,0.000375,-0.000674860049341104,0,2
2017-04-11,-0.007232102642437146,0.0,0.0,-0.007232102642437146,0,2
2017-04-12,-0.007074064997670067,0.5,0.00075,-0.007824064997670067,1,2
2017-04-13,0.007128751036840348,0.25,0.000375,0.006753751036840347,1,1
2017-04-17,0.008809400650350782,0.0,0.0,0.008809400650350782,1,1
2017-04-18,-0.021805337446733176,0.25,0.000375,-0.022180337446733176,1,0
2017-04-19,0.0055950207213833515,0.25,0.000375,0.005220020721383351,1,2
2017-04-20,-0.008030812574743747,0.25,0.000375,-0.008405812574743748,0,2
2017-04-21,0.0001020756929137989,0.0,0.0,0.0001020756929137989,0,2
2017-04-24,-0.011297655375875244,0.0,0.0,-0.011297655375875244,0,2
2017-04-25,0.014679401979241061,0.25,0.000375,0.014304401979241061,1,2
2017-04-26,0.005836502346390307,0.0,0.0,0.005836502346390307,1,2
2017-04-27,-0.016695066942623012,1.0,0.0015,-0.018195066942623014,1,1
2017-04-28,0.006111404597322222,0.25,0.000375,0.005736404597322222,1,2
2017-05-01,-0.003014106781098456,0.5,0.00075,-0.0037641067810984556,2,2
2017-05-02,0.0,0.5,0.00075,-0.00075,0,0
2017-05-03,-0.004992868044741774,0.25,0.000375,-0.005367868044741774,0,1
2017-05-04,-0.0034037052087218236,0.0,0.0,-0.0034037052087218236,0,1
2017-05-05,0.0,0.25,0.000375,-0.000375,0,0
2017-05-08,0.0,0.0,0.0,0.0,0,0
2017-05-09,0.0,0.0,0.0,0.0,0,0
2017-05-10,0.0,0.0,0.0,0.0,0,0
2017-05-11,0.0,0.0,0.0,0.0,0,0
2017-05-12,0.0,0.0,0.0,0.0,0,0
2017-05-15,0.0,0.0,0.0,0.0,0,0
2017-05-16,0.0,0.0,0.0,0.0,0,0
2017-05-17,0.0,0.0,0.0,0.0,0,0
2017-05-18,0.0,0.0,0.0,0.0,0,0
2017-05-19,0.0,0.0,0.0,0.0,0,0
2017-05-22,0.0,0.0,0.0,0.0,0,0
2017-05-23,0.0,0.0,0.0,0.0,0,0
2017-05-24,0.0,0.0,0.0,0.0,0,0
2017-05-25,0.0,0.0,0.0,0.0,0,0
2017-05-26,0.0,0.0,0.0,0.0,0,0
2017-05-30,0.0,0.0,0.0,0.0,0,0
2017-05-31,0.0007128409174983413,0.25,0.000375,0.00033784091749834125,1,0
2017-06-01,0.007274322133772514,0.0,0.0,0.007274322133772514,1,0
2017-06-02,0.013262837498255175,0.0,0.0,0.013262837498255175,1,0
2017-06-05,-0.00194975916372099,0.5,0.00075,-0.0026997591637209903,0,1
2017-06-06,0.0,0.25,0.000375,-0.000375,0,0
2017-06-07,0.0,0.0,0.0,0.0,0,0
2017-06-08,-0.006715943618881561,0.25,0.000375,-0.007090943618881561,1,0
2017-06-09,0.0,0.25,0.000375,-0.000375,0,0
2017-06-12,-0.007026165935238347,0.25,0.000375,-0.007401165935238347,1,0
2017-06-13,0.0,0.25,0.000375,-0.000375,0,0
2017-06-14,0.0,0.0,0.0,0.0,0,0
2017-06-15,0.0,0.0,0.0,0.0,0,0
2017-06-16,0.0,0.0,0.0,0.0,0,0
2017-06-19,0.0,0.0,0.0,0.0,0,0
2017-06-20,0.0,0.0,0.0,0.0,0,0
2017-06-21,0.0,0.0,0.0,0.0,0,0
2017-06-22,0.0,0.0,0.0,0.0,0,0
2017-06-23,0.0,0.0,0.0,0.0,0,0
2017-06-26,0.0,0.0,0.0,0.0,0,0
2017-06-27,0.0,0.0,0.0,0.0,0,0
2017-06-28,0.0,0.0,0.0,0.0,0,0
2017-06-29,0.0,0.0,0.0,0.0,0,0
2017-06-30,0.0,0.0,0.0,0.0,0,0
2017-07-03,0.0,0.0,0.0,0.0,0,0
2017-07-05,0.0,0.0,0.0,0.0,0,0
2017-07-06,0.0,0.0,0.0,0.0,0,0
2017-07-07,0.0,0.0,0.0,0.0,0,0
2017-07-10,0.0,0.0,0.0,0.0,0,0
2017-07-11,-0.010565389715310118,0.25,0.000375,-0.010940389715310118,1,0
2017-07-12,0.0021793726428346685,0.0,0.0,0.0021793726428346685,1,0
2017-07-13,0.0029989796361236847,0.25,0.000375,0.002623979636123685,1,2
2017-07-14,0.00713344910901282,0.6666666666666666,0.001,0.00613344910901282,1,3
2017-07-17,0.0006566278378933796,0.4166666666666667,0.000625,3.162783789337957e-05,2,2
2017-07-18,0.0008241025002436089,0.25,0.000375,0.00044910250024360885,2,1
2017-07-19,0.0,0.5,0.00075,-0.00075,0,0
2017-07-20,-0.008974799936950398,0.5,0.00075,-0.009724799936950398,1,2
2017-07-21,0.0047743763864406315,0.25,0.000375,0.004399376386440631,0,2
2017-07-24,0.006569416000901992,0.0,0.0,0.006569416000901992,0,2
2017-07-25,0.006795370483651543,0.5,0.00075,0.006045370483651543,1,1
2017-07-26,-0.003936081827834144,0.25,0.000375,-0.004311081827834145,0,1
2017-07-27,0.009999349979905689,0.0,0.0,0.009999349979905689,0,1
2017-07-28,0.002235487129513917,0.5,0.00075,0.001485487129513917,1,2
2017-07-31,-0.0059448049903004455,0.0,0.0,-0.0059448049903004455,1,2
2017-08-01,-0.004220506983440528,0.25,0.000375,-0.004595506983440529,1,1
2017-08-02,0.0,0.5,0.00075,-0.00075,0,0
2017-08-03,0.0,0.0,0.0,0.0,0,0
2017-08-04,0.0,0.0,0.0,0.0,0,0
2017-08-07,0.0,0.0,0.0,0.0,0,0
2017-08-08,0.0,0.0,0.0,0.0,0,0
2017-08-09,0.0,0.0,0.0,0.0,0,0
2017-08-10,0.0,0.0,0.0,0.0,0,0
2017-08-11,0.0,0.0,0.0,0.0,0,0
2017-08-14,0.0,0.0,0.0,0.0,0,0
2017-08-15,0.0,0.0,0.0,0.0,0,0
2017-08-16,0.0,0.0,0.0,0.0,0,0
2017-08-17,0.0,0.0,0.0,0.0,0,0
2017-08-18,0.0,0.0,0.0,0.0,0,0
2017-08-21,0.0,0.0,0.0,0.0,0,0
2017-08-22,0.0,0.0,0.0,0.0,0,0
2017-08-23,0.0,0.0,0.0,0.0,0,0
2017-08-24,0.0,0.0,0.0,0.0,0,0
2017-08-25,0.0,0.0,0.0,0.0,0,0
2017-08-28,0.0016659517783509036,0.5,0.00075,0.0009159517783509036,1,1
2017-08-29,0.0004707754523148137,0.75,0.0011250000000000001,-0.0006542245476851864,1,0
2017-08-30,-0.0016834498932532338,0.0,0.0,-0.0016834498932532338,1,0
2017-08-31,0.0,0.25,0.000375,-0.000375,0,0
2017-09-01,0.0,0.0,0.0,0.0,0,0
2017-09-05,0.0,0.0,0.0,0.0,0,0
2017-09-06,0.0,0.0,0.0,0.0,0,0
2017-09-07,-0.01661667026515238,0.5,0.00075,-0.01736667026515238,2,2
2017-09-08,0.0003492858131274269,0.0,0.0,0.0003492858131274269,2,2
2017-09-11,0.013654739649001366,0.5,0.00075,0.012904739649001365,2,2
2017-09-12,0.0021672279782759423,0.4166666666666667,0.000625,0.0015422279782759422,1,3
2017-09-13,0.0007210753135656598,0.5833333333333333,0.0008749999999999999,-0.00015392468643434009,0,1
2017-09-14,-0.008327959982292864,0.0,0.0,-0.008327959982292864,0,1
2017-09-15,0.014467081450837986,0.0,0.0,0.014467081450837986,0,1
2017-09-18,-0.01489834371276497,0.5,0.00075,-0.01564834371276497,1,0
2017-09-19,-0.005712035311288515,0.0,0.0,-0.005712035311288515,1,0
2017-09-20,0.0,0.25,0.000375,-0.000375,0,0
2017-09-21,0.0,0.0,0.0,0.0,0,0
2017-09-22,0.0,0.0,0.0,0.0,0,0
2017-09-25,-0.0002675008083992901,0.25,0.000375,-0.0006425008083992901,0,1
2017-09-26,0.0,0.25,0.000375,-0.000375,0,0
2017-09-27,0.0,0.0,0.0,0.0,0,0
2017-09-28,0.0,0.0,0.0,0.0,0,0
2017-09-29,0.0,0.0,0.0,0.0,0,0
2017-10-02,0.0,0.0,0.0,0.0,0,0
2017-10-03,0.0,0.0,0.0,0.0,0,0
2017-10-04,0.0,0.0,0.0,0.0,0,0
2017-10-05,0.0,0.0,0.0,0.0,0,0
2017-10-06,0.0,0.0,0.0,0.0,0,0
2017-10-09,0.0,0.0,0.0,0.0,0,0
2017-10-10,0.0,0.0,0.0,0.0,0,0
2017-10-11,0.001889255432513355,0.25,0.000375,0.001514255432513355,0,1
2017-10-12,0.0017065220250746247,0.0,0.0,0.0017065220250746247,0,1
2017-10-13,0.0,0.25,0.000375,-0.000375,0,0
2017-10-16,0.0,0.0,0.0,0.0,0,0
2017-10-17,0.0,0.0,0.0,0.0,0,0
2017-10-18,-0.0025954683860543817,0.5,0.00075,-0.003345468386054382,1,1
2017-10-19,0.06315405832098057,0.25,0.000375,0.06277905832098057,0,1
2017-10-20,0.001995162857308259,0.7500000000000001,0.0011250000000000001,0.000870162857308259,2,3
2017-10-23,-0.00014798346156238984,0.5833333333333334,0.0008750000000000001,-0.00102298346156239,1,1
2017-10-24,0.0,0.5,0.00075,-0.00075,0,0
2017-10-25,0.0,0.0,0.0,0.0,0,0
2017-10-26,-0.01366687199038539,0.5,0.00075,-0.014416871990385391,1,1
2017-10-27,0.005388838293498754,0.75,0.0011250000000000001,0.004263838293498754,0,1
2017-10-30,0.011482723601625298,0.0,0.0,0.011482723601625298,0,1
2017-10-31,0.013525294284311786,0.75,0.0011250000000000001,0.012400294284311785,1,1
2017-11-01,-0.006454731396162041,0.0,0.0,-0.006454731396162041,1,1
2017-11-02,-0.0007922020664549885,0.25,0.000375,-0.0011672020664549886,1,0
2017-11-03,0.0,0.25,0.000375,-0.000375,0,0
2017-11-06,0.0,0.0,0.0,0.0,0,0
2017-11-07,0.0,0.0,0.0,0.0,0,0
2017-11-08,0.0,0.0,0.0,0.0,0,0
2017-11-09,0.0,0.0,0.0,0.0,0,0
2017-11-10,0.0,0.0,0.0,0.0,0,0
2017-11-13,0.0,0.0,0.0,0.0,0,0
2017-11-14,0.0,0.0,0.0,0.0,0,0
2017-11-15,0.0,0.0,0.0,0.0,0,0
2017-11-16,0.0,0.0,0.0,0.0,0,0
2017-11-17,0.0,0.0,0.0,0.0,0,0
2017-11-20,0.0,0.0,0.0,0.0,0,0
2017-11-21,0.0,0.0,0.0,0.0,0,0
2017-11-22,0.0,0.0,0.0,0.0,0,0
2017-11-24,0.0,0.0,0.0,0.0,0,0
2017-11-27,0.0,0.0,0.0,0.0,0,0
2017-11-28,0.0,0.0,0.0,0.0,0,0
2017-11-29,-0.023559413964389576,0.25,0.000375,-0.023934413964389577,0,1
2017-11-30,4.193334604107087e-05,0.5,0.00075,-0.0007080666539589291,1,2
2017-12-01,-0.009704901039365506,0.25,0.000375,-0.010079901039365506,2,2
2017-12-04,0.009607796210001757,0.25,0.000375,0.009232796210001757,2,1
2017-12-05,-0.001319871442332886,0.5,0.00075,-0.002069871442332886,1,0
2017-12-06,0.0,0.25,0.000375,-0.000375,0,0
2017-12-07,0.0,0.0,0.0,0.0,0,0
2017-12-08,0.0,0.0,0.0,0.0,0,0
2017-12-11,0.0,0.0,0.0,0.0,0,0
2017-12-12,0.0,0.0,0.0,0.0,0,0
2017-12-13,0.0,0.0,0.0,0.0,0,0
2017-12-14,0.0,0.0,0.0,0.0,0,0
2017-12-15,-0.0038561689637846104,0.5,0.00075,-0.00460616896378461,2,1
2017-12-18,0.006234488994206545,0.5,0.00075,0.005484488994206545,1,0
2017-12-19,0.00290204438005423,0.25,0.000375,0.0025270443800542303,1,2
2017-12-20,-0.00849616167820322,0.5,0.00075,-0.00924616167820322,0,1
2017-12-21,-0.010588393593582582,0.0,0.0,-0.010588393593582582,0,1
2017-12-22,-0.00022287115802027251,0.0,0.0,-0.00022287115802027251,0,1
2017-12-26,0.0,0.25,0.000375,-0.000375,0,0
2017-12-27,0.0,0.0,0.0,0.0,0,0
2017-12-28,0.0,0.0,0.0,0.0,0,0
2017-12-29,0.0,0.0,0.0,0.0,0,0
2018-01-02,0.0,0.0,0.0,0.0,0,0
2018-01-03,0.0,0.0,0.0,0.0,0,0
2018-01-04,-0.0031425699784159095,0.25,0.000375,-0.0035175699784159094,0,1
2018-01-05,0.00018985814380076226,0.0,0.0,0.00018985814380076226,0,1
2018-01-08,0.004962838252543211,0.0,0.0,0.004962838252543211,0,1
2018-01-09,0.0,0.25,0.000375,-0.000375,0,0
2018-01-10,0.00462749080929443,0.25,0.000375,0.0042524908092944295,1,0
2018-01-11,-0.00924965773801398,0.25,0.000375,-0.00962465773801398,1,1
2018-01-12,-0.013851027192451001,0.0,0.0,-0.013851027192451001,1,1
2018-01-16,0.005048555709246097,0.0,0.0,0.005048555709246097,1,1
2018-01-17,-0.007798452080981483,1.0,0.0015,-0.009298452080981482,1,1
2018-01-18,0.0003771802774962538,0.0,0.0,0.0003771802774962538,1,1
2018-01-19,-0.006485616381258726,0.0,0.0,-0.006485616381258726,1,1
2018-01-22,0.0012312654443873445,0.25,0.000375,0.0008562654443873445,0,1
2018-01-23,0.0,0.25,0.000375,-0.000375,0,0
2018-01-24,0.0607466144629611,0.25,0.000375,0.0603716144629611,0,1
2018-01-25,-0.004343112744250022,0.75,0.0011250000000000001,-0.0054681127442500225,2,2
2018-01-26,0.01137651302350623,0.25,0.000375,0.01100151302350623,2,1
2018-01-29,0.010917814142962225,0.25,0.000375,0.010542814142962225,1,1
2018-01-30,-0.009015879008683088,0.0,0.0,-0.009015879008683088,1,1
2018-01-31,-0.004407082239541076,0.0,0.0,-0.004407082239541076,1,1
2018-02-01,0.004066483639209201,0.25,0.000375,0.0036914836392092014,0,1
2018-02-02,0.016797231939311354,0.0,0.0,0.016797231939311354,0,1
2018-02-05,0.022016208868614738,0.0,0.0,0.022016208868614738,0,1
2018-02-06,-0.01406869949462448,0.0,0.0,-0.01406869949462448,0,1
2018-02-07,-0.002144719214108477,0.0,0.0,-0.002144719214108477,0,1
2018-02-08,0.02800736597003463,0.0,0.0,0.02800736597003463,0,1
2018-02-09,0.00048237343852919475,0.25,0.000375,0.00010737343852919475,0,2
2018-02-12,0.0005029816897986987,0.25,0.000375,0.00012798168979869873,0,1
2018-02-13,-0.002259563107641846,0.0,0.0,-0.002259563107641846,0,1
2018-02-14,0.0,0.25,0.000375,-0.000375,0,0
2018-02-15,0.0,0.0,0.0,0.0,0,0
2018-02-16,0.0,0.0,0.0,0.0,0,0
2018-02-20,0.0,0.0,0.0,0.0,0,0
2018-02-21,0.0,0.0,0.0,0.0,0,0
2018-02-22,0.0,0.0,0.0,0.0,0,0
2018-02-23,0.0,0.0,0.0,0.0,0,0
2018-02-26,0.0,0.0,0.0,0.0,0,0
2018-02-27,0.0,0.0,0.0,0.0,0,0
2018-02-28,0.0,0.0,0.0,0.0,0,0
2018-03-01,0.0,0.0,0.0,0.0,0,0
2018-03-02,0.0,0.0,0.0,0.0,0,0
2018-03-05,0.0,0.0,0.0,0.0,0,0
2018-03-06,0.0,0.0,0.0,0.0,0,0
2018-03-07,0.0,0.0,0.0,0.0,0,0
2018-03-08,0.0,0.0,0.0,0.0,0,0
2018-03-09,0.0,0.0,0.0,0.0,0,0
2018-03-12,0.0,0.0,0.0,0.0,0,0
2018-03-13,0.0,0.0,0.0,0.0,0,0
2018-03-14,0.0,0.0,0.0,0.0,0,0
2018-03-15,0.0,0.0,0.0,0.0,0,0
2018-03-16,0.0,0.0,0.0,0.0,0,0
2018-03-19,0.0,0.0,0.0,0.0,0,0
2018-03-20,0.0,0.0,0.0,0.0,0,0
2018-03-21,0.0,0.0,0.0,0.0,0,0
2018-03-22,0.004599468214703384,0.5,0.00075,0.0038494682147033844,1,2
2018-03-23,0.00507584132960945,0.25,0.000375,0.00470084132960945,1,1
2018-03-26,0.005353680946985802,0.0,0.0,0.005353680946985802,1,1
2018-03-27,-0.002308315927134179,0.3333333333333333,0.0005,-0.002808315927134179,3,1
2018-03-28,0.0,0.49999999999999994,0.0007499999999999999,-0.0007499999999999999,0,0
2018-03-29,0.0,0.0,0.0,0.0,0,0
2018-04-02,0.0,0.0,0.0,0.0,0,0
2018-04-03,-0.0010495971293300842,0.5,0.00075,-0.0017995971293300842,1,1
2018-04-04,-0.005747982691627017,0.25,0.000375,-0.006122982691627018,0,1
2018-04-05,-0.0049759052700752955,0.0,0.0,-0.0049759052700752955,0,1
2018-04-06,0.0,0.25,0.000375,-0.000375,0,0
2018-04-09,0.0,0.0,0.0,0.0,0,0
2018-04-10,0.0,0.0,0.0,0.0,0,0
2018-04-11,-0.013615658957597388,0.5,0.00075,-0.014365658957597388,1,1
2018-04-12,-0.0017353921598427368,0.0,0.0,-0.0017353921598427368,1,1
2018-04-13,0.0005666046593679047,0.25,0.000375,0.00019160465936790474,0,1
2018-04-16,0.0,0.25,0.000375,-0.000375,0,0
2018-04-17,0.0,0.0,0.0,0.0,0,0
2018-04-18,0.0,0.0,0.0,0.0,0,0
2018-04-19,-0.0012694429115086552,0.25,0.000375,-0.0016444429115086553,1,0
2018-04-20,0.0029872267515622425,0.0,0.0,0.0029872267515622425,1,0
2018-04-23,0.009994689142308576,0.5,0.00075,0.009244689142308575,0,1
2018-04-24,0.009780716028720791,0.75,0.0011250000000000001,0.00865571602872079,1,2
2018-04-25,-0.0032009043913807274,0.25,0.000375,-0.0035759043913807273,1,0
2018-04-26,-0.013987438601489443,0.0,0.0,-0.013987438601489443,1,0
2018-04-27,0.009220947178618752,0.0,0.0,0.009220947178618752,1,0
2018-04-30,0.0,0.25,0.000375,-0.000375,0,0
2018-05-01,0.0,0.0,0.0,0.0,0,0
2018-05-02,0.0,0.0,0.0,0.0,0,0
2018-05-03,0.0,0.0,0.0,0.0,0,0
2018-05-04,0.0,0.0,0.0,0.0,0,0
2018-05-07,0.0,0.0,0.0,0.0,0,0
2018-05-08,0.0,0.0,0.0,0.0,0,0
2018-05-09,0.0,0.0,0.0,0.0,0,0
2018-05-10,0.0,0.0,0.0,0.0,0,0
2018-05-11,0.0,0.0,0.0,0.0,0,0
2018-05-14,0.0,0.0,0.0,0.0,0,0
2018-05-15,0.0,0.0,0.0,0.0,0,0
2018-05-16,0.012511330496221763,0.25,0.000375,0.012136330496221762,1,0
2018-05-17,-0.005119448584552637,0.0,0.0,-0.005119448584552637,1,0
2018-05-18,-0.0026753412844032712,0.0,0.0,-0.0026753412844032712,1,0
2018-05-21,0.0002873598579816487,0.0,0.0,0.0002873598579816487,1,0
2018-05-22,-0.013292631337382396,0.0,0.0,-0.013292631337382396,1,0
2018-05-23,-0.002013714680642977,0.25,0.000375,-0.002388714680642977,1,1
2018-05-24,-0.0066424824580233926,0.25,0.000375,-0.007017482458023393,0,1
2018-05-25,-0.008512334131454738,0.0,0.0,-0.008512334131454738,0,1
2018-05-29,0.01529867012716071,0.0,0.0,0.01529867012716071,0,1
2018-05-30,0.0,0.25,0.000375,-0.000375,0,0
2018-05-31,0.0,0.0,0.0,0.0,0,0
2018-06-01,0.0,0.0,0.0,0.0,0,0
2018-06-04,0.0,0.0,0.0,0.0,0,0
2018-06-05,0.0,0.0,0.0,0.0,0,0
2018-06-06,0.0,0.0,0.0,0.0,0,0
2018-06-07,-0.006596822860861716,0.25,0.000375,-0.006971822860861716,1,0
2018-06-08,0.005857913790818246,0.0,0.0,0.005857913790818246,1,0
2018-06-11,0.0046911946435350205,0.75,0.0011250000000000001,0.0035661946435350204,1,1
2018-06-12,-0.005458101643662237,0.0,0.0,-0.005458101643662237,1,1
2018-06-13,-0.005675977413461108,0.25,0.000375,-0.006050977413461108,1,0
2018-06-14,0.0018605186920453564,0.0,0.0,0.0018605186920453564,1,0
2018-06-15,0.0,0.25,0.000375,-0.000375,0,0
2018-06-18,0.0,0.0,0.0,0.0,0,0
2018-06-19,0.0,0.0,0.0,0.0,0,0
2018-06-20,0.0,0.0,0.0,0.0,0,0
2018-06-21,0.0,0.0,0.0,0.0,0,0
2018-06-22,0.011803401296397778,0.25,0.000375,0.011428401296397777,0,1
2018-06-25,0.006105354159872071,0.0,0.0,0.006105354159872071,0,1
2018-06-26,0.001073706444831109,0.0,0.0,0.001073706444831109,0,1
2018-06-27,0.0,0.25,0.000375,-0.000375,0,0
2018-06-28,0.0015881290443229407,0.25,0.000375,0.0012131290443229406,0,1
2018-06-29,-0.0031712297480166064,0.0,0.0,-0.0031712297480166064,0,1
2018-07-02,0.0,0.25,0.000375,-0.000375,0,0
2018-07-03,0.0,0.0,0.0,0.0,0,0
2018-07-05,0.0,0.0,0.0,0.0,0,0
2018-07-06,0.0,0.0,0.0,0.0,0,0
2018-07-09,0.005814439120970502,0.25,0.000375,0.005439439120970502,1,0
2018-07-10,-0.003424416559671649,0.0,0.0,-0.003424416559671649,1,0
2018-07-11,-0.017265274988655738,0.0,0.0,-0.017265274988655738,1,0
2018-07-12,0.006588897929139019,0.25,0.000375,0.006213897929139019,1,1
2018-07-13,0.002915824760169476,0.8333333333333334,0.00125,0.001665824760169476,2,3
2018-07-16,0.004088288984756602,0.5833333333333333,0.0008749999999999999,0.0032132889847566017,1,1
2018-07-17,0.0030832790150298267,0.25,0.000375,0.002708279015029827,1,0
2018-07-18,0.0,0.25,0.000375,-0.000375,0,0
2018-07-19,-0.00947014762990254,0.5,0.00075,-0.01022014762990254,2,2
2018-07-20,0.008446383615978043,0.25,0.000375,0.008071383615978043,1,2
2018-07-23,0.0047489218592521995,0.75,0.0011250000000000001,0.0036239218592521993,1,2
2018-07-24,-0.005344647918682565,0.25,0.000375,-0.005719647918682565,1,1
2018-07-25,-0.011143519552445792,0.5,0.00075,-0.011893519552445792,2,2
2018-07-26,-0.040484530817226624,0.5,0.00075,-0.041234530817226625,0,1
2018-07-27,-0.01873963628181137,0.25,0.000375,-0.01911463628181137,1,1
2018-07-30,-0.005949245975482057,0.5,0.00075,-0.006699245975482057,1,1
2018-07-31,0.0,0.5,0.00075,-0.00075,0,0
2018-08-01,0.0,0.0,0.0,0.0,0,0
2018-08-02,0.0,0.0,0.0,0.0,0,0
2018-08-03,0.0,0.0,0.0,0.0,0,0
2018-08-06,0.0,0.0,0.0,0.0,0,0
2018-08-07,0.0,0.0,0.0,0.0,0,0
2018-08-08,0.0,0.0,0.0,0.0,0,0
2018-08-09,0.0,0.0,0.0,0.0,0,0
2018-08-10,0.0,0.0,0.0,0.0,0,0
2018-08-13,0.0,0.0,0.0,0.0,0,0
2018-08-14,0.0,0.0,0.0,0.0,0,0
2018-08-15,0.0,0.0,0.0,0.0,0,0
2018-08-16,0.0,0.0,0.0,0.0,0,0
2018-08-17,0.0048716067505838,0.25,0.000375,0.004496606750583799,0,1
2018-08-20,-0.028292425265312292,0.0,0.0,-0.028292425265312292,0,1
2018-08-21,-0.004233080709464987,0.0,0.0,-0.004233080709464987,0,1
2018-08-22,0.014336985412993976,0.0,0.0,0.014336985412993976,0,1
2018-08-23,0.0,0.25,0.000375,-0.000375,0,0
2018-08-24,0.0,0.0,0.0,0.0,0,0
2018-08-27,0.0,0.0,0.0,0.0,0,0
2018-08-28,0.0,0.0,0.0,0.0,0,0
2018-08-29,0.001667344240534679,0.25,0.000375,0.001292344240534679,1,0
2018-08-30,-0.000683990882321574,0.5,0.00075,-0.0014339908823215739,1,0
2018-08-31,0.0,0.25,0.000375,-0.000375,0,0
2018-09-04,0.0,0.0,0.0,0.0,0,0
2018-09-05,0.0,0.0,0.0,0.0,0,0
2018-09-06,0.0011955726395754683,0.5,0.00075,0.0004455726395754683,1,2
2018-09-07,-0.0031463009799394485,0.5,0.00075,-0.0038963009799394483,0,1
2018-09-10,-0.0023325754345363673,0.0,0.0,-0.0023325754345363673,0,1
2018-09-11,-0.005812414724275375,0.0,0.0,-0.005812414724275375,0,1
2018-09-12,0.0,0.25,0.000375,-0.000375,0,0
2018-09-13,0.0,0.0,0.0,0.0,0,0
2018-09-14,0.0,0.0,0.0,0.0,0,0
2018-09-17,0.0,0.0,0.0,0.0,0,0
2018-09-18,-0.00579469400742542,0.25,0.000375,-0.00616969400742542,0,1
2018-09-19,-0.009831482822030684,0.0,0.0,-0.009831482822030684,0,1
2018-09-20,-0.00347352476604545,0.0,0.0,-0.00347352476604545,0,1
2018-09-21,-0.020005013497557574,0.0,0.0,-0.020005013497557574,0,1
2018-09-24,-0.0013809510578494805,0.25,0.000375,-0.0017559510578494804,1,1
2018-09-25,0.01413302990573322,0.25,0.000375,0.013758029905733219,0,1
2018-09-26,-0.002810055220570966,0.0,0.0,-0.002810055220570966,0,1
2018-09-27,-0.005573124370217917,0.0,0.0,-0.005573124370217917,0,1
2018-09-28,0.0,0.25,0.000375,-0.000375,0,0
2018-10-01,0.0,0.0,0.0,0.0,0,0
2018-10-02,0.0,0.0,0.0,0.0,0,0
2018-10-03,-0.0033941316076906165,0.25,0.000375,-0.0037691316076906164,1,0
2018-10-04,-0.007044904136966042,0.0,0.0,-0.007044904136966042,1,0
2018-10-05,0.0,0.25,0.000375,-0.000375,0,0
2018-10-08,0.0,0.0,0.0,0.0,0,0
2018-10-09,0.0,0.0,0.0,0.0,0,0
2018-10-10,0.0,0.0,0.0,0.0,0,0
2018-10-11,0.0,0.0,0.0,0.0,0,0
2018-10-12,-0.011295285344381862,0.5,0.00075,-0.012045285344381863,1,1
2018-10-15,0.002021350746945841,0.25,0.000375,0.001646350746945841,0,1
2018-10-16,-0.0121016138130614,0.0,0.0,-0.0121016138130614,0,1
2018-10-17,0.0,0.25,0.000375,-0.000375,0,0
2018-10-18,-0.015038085855351756,0.5,0.00075,-0.015788085855351755,1,1
2018-10-19,-0.0022602233114831956,0.0,0.0,-0.0022602233114831956,1,1
2018-10-22,-0.0015110086093034069,0.75,0.0011250000000000001,-0.002636008609303407,0,1
2018-10-23,-0.005188262450613844,0.25,0.000375,-0.005563262450613844,1,1
2018-10-24,0.0,0.5,0.00075,-0.00075,0,0
2018-10-25,-0.028350311308241616,0.5,0.00075,-0.029100311308241616,2,1
2018-10-26,0.005664504998272169,0.5,0.00075,0.004914504998272169,1,2
2018-10-29,-0.005989451246064755,1.0,0.0015,-0.007489451246064755,1,1
2018-10-30,-0.012605450398539768,0.0,0.0,-0.012605450398539768,1,1
2018-10-31,-0.014600784097417437,0.25,0.000375,-0.014975784097417438,1,0
2018-11-01,8.94431793625472e-05,0.25,0.000375,-0.0002855568206374528,1,1
2018-11-02,0.0,0.5,0.00075,-0.00075,0,0
2018-11-05,0.0,0.0,0.0,0.0,0,0
2018-11-06,0.0,0.0,0.0,0.0,0,0
2018-11-07,0.0,0.0,0.0,0.0,0,0
2018-11-08,0.0,0.0,0.0,0.0,0,0
2018-11-09,0.0,0.0,0.0,0.0,0,0
2018-11-12,0.0,0.0,0.0,0.0,0,0
2018-11-13,0.0,0.0,0.0,0.0,0,0
2018-11-14,-0.0034437550927764837,0.25,0.000375,-0.0038187550927764836,1,0
2018-11-15,0.0,0.25,0.000375,-0.000375,0,0
2018-11-16,0.0,0.0,0.0,0.0,0,0
2018-11-19,0.0,0.0,0.0,0.0,0,0
2018-11-20,0.0,0.0,0.0,0.0,0,0
2018-11-21,0.0,0.0,0.0,0.0,0,0
2018-11-23,0.0,0.0,0.0,0.0,0,0
2018-11-26,0.0,0.0,0.0,0.0,0,0
2018-11-27,-0.013911539014182201,0.25,0.000375,-0.014286539014182201,0,1
2018-11-28,-0.0047789991510372295,0.0,0.0,-0.0047789991510372295,0,1
2018-11-29,0.007547885645564273,0.5,0.00075,0.006797885645564273,1,2
2018-11-30,-0.007980211330799665,0.5,0.00075,-0.008730211330799665,2,1
2018-12-03,0.0023444119706436213,0.0,0.0,0.0023444119706436213,2,1
2018-12-04,0.027172244884573985,0.25,0.000375,0.026797244884573985,0,1
2018-12-06,-0.006419013744129943,0.25,0.000375,-0.006794013744129943,0,2
2018-12-07,0.017610277502788443,0.25,0.000375,0.017235277502788443,0,1
2018-12-10,-0.002224382192461765,0.0,0.0,-0.002224382192461765,0,1
2018-12-11,0.0038320739135740784,0.0,0.0,0.0038320739135740784,0,1
2018-12-12,0.0,0.25,0.000375,-0.000375,0,0
2018-12-13,-0.01088242155070523,0.25,0.000375,-0.01125742155070523,1,0
2018-12-14,-0.00663878680323991,0.25,0.000375,-0.0070137868032399105,2,0
2018-12-17,-0.009935957316593195,0.0,0.0,-0.009935957316593195,2,0
2018-12-18,0.0067110307583520615,0.0,0.0,0.0067110307583520615,2,0
2018-12-19,-0.00972585704571272,0.25,0.000375,-0.01010085704571272,1,0
2018-12-20,0.0,0.25,0.000375,-0.000375,0,0
2018-12-21,0.0,0.0,0.0,0.0,0,0
2018-12-24,0.0,0.0,0.0,0.0,0,0
2018-12-26,0.0,0.0,0.0,0.0,0,0
2018-12-27,0.0,0.0,0.0,0.0,0,0
2018-12-28,0.0,0.0,0.0,0.0,0,0
2018-12-31,0.0,0.0,0.0,0.0,0,0
2019-01-02,0.0,0.0,0.0,0.0,0,0
2019-01-03,0.0,0.0,0.0,0.0,0,0
2019-01-04,0.008655441183945737,0.49999999999999994,0.0007499999999999999,0.007905441183945736,3,2
2019-01-07,0.0015964995547900764,0.25,0.000375,0.0012214995547900763,3,1
2019-01-08,-0.005783339566800846,0.4166666666666667,0.000625,-0.006408339566800846,2,0
2019-01-09,0.015564813705519442,0.0,0.0,0.015564813705519442,2,0
2019-01-10,0.0,0.25,0.000375,-0.000375,0,0
2019-01-11,-0.008052720094809649,0.25,0.000375,-0.00842772009480965,1,0
2019-01-14,-0.0010001005294431001,0.0,0.0,-0.0010001005294431001,1,0
2019-01-15,0.0,0.25,0.000375,-0.000375,0,0
2019-01-16,0.0,0.0,0.0,0.0,0,0
2019-01-17,-0.002195250532556563,0.25,0.000375,-0.0025702505325565627,0,1
2019-01-18,0.0,0.25,0.000375,-0.000375,0,0
2019-01-22,0.0,0.0,0.0,0.0,0,0
2019-01-23,0.0,0.0,0.0,0.0,0,0
2019-01-24,0.0,0.0,0.0,0.0,0,0
2019-01-25,-0.019233036115495598,0.25,0.000375,-0.019608036115495598,0,1
2019-01-28,0.007659000614394707,0.75,0.0011250000000000001,0.006534000614394707,1,1
2019-01-29,0.007596751474031878,0.75,0.0011250000000000001,0.0064717514740318775,1,0
2019-01-30,-0.009837018590820744,0.5,0.00075,-0.010587018590820745,0,1
2019-01-31,0.0008688250529692992,0.25,0.000375,0.0004938250529692992,1,1
2019-02-01,0.0031953660635743006,0.25,0.000375,0.0028203660635743007,1,0
2019-02-04,0.0,0.25,0.000375,-0.000375,0,0
2019-02-05,0.0,0.0,0.0,0.0,0,0
2019-02-06,0.0,0.0,0.0,0.0,0,0
2019-02-07,0.0,0.0,0.0,0.0,0,0
2019-02-08,0.0,0.0,0.0,0.0,0,0
2019-02-11,0.0,0.0,0.0,0.0,0,0
2019-02-12,0.0,0.0,0.0,0.0,0,0
2019-02-13,0.0,0.0,0.0,0.0,0,0
2019-02-14,0.0,0.0,0.0,0.0,0,0
2019-02-15,0.0,0.0,0.0,0.0,0,0
2019-02-19,0.0,0.0,0.0,0.0,0,0
2019-02-20,0.0,0.0,0.0,0.0,0,0
2019-02-21,0.00022244877575843588,0.5,0.00075,-0.0005275512242415641,1,1
2019-02-22,0.0,0.5,0.00075,-0.00075,0,0
2019-02-25,0.0,0.0,0.0,0.0,0,0
2019-02-26,0.0,0.0,0.0,0.0,0,0
2019-02-27,0.0,0.0,0.0,0.0,0,0
2019-02-28,0.0,0.0,0.0,0.0,0,0
2019-03-01,0.017237005356063605,0.5,0.00075,0.016487005356063605,2,1
2019-03-04,0.00788169883305895,0.5,0.00075,0.00713169883305895,0,2
2019-03-05,0.0009566438268598719,0.5,0.00075,0.00020664382685987187,1,2
2019-03-06,-0.009107945200777649,0.25,0.000375,-0.00948294520077765,2,2
2019-03-07,0.0013572544971413056,0.25,0.000375,0.0009822544971413057,2,1
2019-03-08,-0.0021152150130273398,0.25,0.000375,-0.0024902150130273397,2,0
2019-03-11,0.0,0.25,0.000375,-0.000375,0,0
2019-03-12,0.0,0.0,0.0,0.0,0,0
2019-03-13,0.0,0.0,0.0,0.0,0,0
2019-03-14,0.0,0.0,0.0,0.0,0,0
2019-03-15,0.0,0.0,0.0,0.0,0,0
2019-03-18,0.0,0.0,0.0,0.0,0,0
2019-03-19,0.0,0.0,0.0,0.0,0,0
2019-03-20,0.0,0.0,0.0,0.0,0,0
2019-03-21,0.0,0.0,0.0,0.0,0,0
2019-03-22,0.0,0.0,0.0,0.0,0,0
2019-03-25,0.0,0.0,0.0,0.0,0,0
2019-03-26,0.0,0.0,0.0,0.0,0,0
2019-03-27,0.0,0.0,0.0,0.0,0,0
2019-03-28,0.0,0.0,0.0,0.0,0,0
2019-03-29,0.0,0.0,0.0,0.0,0,0
2019-04-01,0.0,0.0,0.0,0.0,0,0
2019-04-02,0.0,0.0,0.0,0.0,0,0
2019-04-03,-0.004072960504698386,0.5,0.00075,-0.004822960504698386,1,1
2019-04-04,0.003252541826583593,0.25,0.000375,0.002877541826583593,1,0
2019-04-05,0.0,0.25,0.000375,-0.000375,0,0
2019-04-08,0.0,0.0,0.0,0.0,0,0
2019-04-09,0.0,0.0,0.0,0.0,0,0
2019-04-10,0.0,0.0,0.0,0.0,0,0
2019-04-11,0.001077176514849165,0.5,0.00075,0.000327176514849165,2,1
2019-04-12,0.0,0.5,0.00075,-0.00075,0,0
2019-04-15,0.0,0.0,0.0,0.0,0,0
2019-04-16,0.0,0.0,0.0,0.0,0,0
2019-04-17,0.0,0.0,0.0,0.0,0,0
2019-04-18,0.005407889032693899,0.25,0.000375,0.005032889032693898,0,1
2019-04-22,0.004094661394455233,0.0,0.0,0.004094661394455233,0,1
2019-04-23,0.0,0.25,0.000375,-0.000375,0,0
2019-04-24,-0.0186486516302338,0.5,0.00075,-0.019398651630233802,1,1
2019-04-25,-0.009170066357641199,0.0,0.0,-0.009170066357641199,1,1
2019-04-26,0.009615458085844453,0.0,0.0,0.009615458085844453,1,1
2019-04-29,0.0014076718081300248,0.25,0.000375,0.001032671808130025,2,1
2019-04-30,0.00857094667350811,0.25,0.000375,0.00819594667350811,2,0
2019-05-01,-0.003965389342402121,0.25,0.000375,-0.0043403893424021215,1,0
2019-05-02,0.0,0.25,0.000375,-0.000375,0,0
2019-05-03,0.0,0.0,0.0,0.0,0,0
2019-05-06,0.0005751509223879839,0.25,0.000375,0.00020015092238798388,0,1
2019-05-07,0.0,0.25,0.000375,-0.000375,0,0
2019-05-08,0.0,0.0,0.0,0.0,0,0
2019-05-09,0.0,0.0,0.0,0.0,0,0
2019-05-10,0.0,0.0,0.0,0.0,0,0
2019-05-13,0.0,0.0,0.0,0.0,0,0
2019-05-14,0.0,0.0,0.0,0.0,0,0
2019-05-15,0.0,0.0,0.0,0.0,0,0
2019-05-16,0.0,0.0,0.0,0.0,0,0
2019-05-17,0.0,0.0,0.0,0.0,0,0
2019-05-20,0.0,0.0,0.0,0.0,0,0
2019-05-21,-0.007467829693551843,0.25,0.000375,-0.007842829693551844,0,1
2019-05-22,0.007551611146924158,0.5,0.00075,0.0068016111469241585,0,1
2019-05-23,0.015552256394411598,0.0,0.0,0.015552256394411598,0,1
2019-05-24,-0.0018607995144274648,0.0,0.0,-0.0018607995144274648,0,1
2019-05-28,0.011069840884492504,0.0,0.0,0.011069840884492504,0,1
2019-05-29,-0.0047193940153274485,0.5,0.00075,-0.005469394015327448,1,0
2019-05-30,-0.0017181268809529,0.0,0.0,-0.0017181268809529,1,0
2019-05-31,-0.018457546279591987,0.0,0.0,-0.018457546279591987,1,0
2019-06-03,0.0019918009047136882,0.0,0.0,0.0019918009047136882,1,0
2019-06-04,0.0138783308731038,0.0,0.0,0.0138783308731038,1,0
2019-06-05,-0.008043447842131634,0.25,0.000375,-0.008418447842131634,1,1
2019-06-06,-0.002667108221992981,0.25,0.000375,-0.003042108221992981,2,1
2019-06-07,-0.005135013227306771,0.0,0.0,-0.005135013227306771,2,1
2019-06-10,0.0006980837083391262,0.0,0.0,0.0006980837083391262,2,1
2019-06-11,0.0027756855933325363,0.5,0.00075,0.002025685593332536,1,0
2019-06-12,-0.0022702482713645,0.75,0.0011250000000000001,-0.0033952482713645003,1,1
2019-06-13,0.009746909744262025,0.25,0.000375,0.009371909744262025,1,0
2019-06-14,0.0014761446452121125,0.25,0.000375,0.0011011446452121126,2,0
2019-06-17,-0.003820739809163115,0.0,0.0,-0.003820739809163115,2,0
2019-06-18,0.003347646328317348,0.25,0.000375,0.002972646328317348,1,0
2019-06-19,-0.000635922752667315,0.0,0.0,-0.000635922752667315,1,0
2019-06-20,0.0,0.25,0.000375,-0.000375,0,0
2019-06-21,-0.0001787778497256802,0.25,0.000375,-0.0005537778497256802,0,1
2019-06-24,0.00029281309114940855,0.5,0.00075,-0.00045718690885059146,0,1
2019-06-25,0.0,0.25,0.000375,-0.000375,0,0
2019-06-26,0.0,0.0,0.0,0.0,0,0
2019-06-27,0.0,0.0,0.0,0.0,0,0
2019-06-28,0.0,0.0,0.0,0.0,0,0
2019-07-01,0.0,0.0,0.0,0.0,0,0
2019-07-02,0.0,0.0,0.0,0.0,0,0
2019-07-03,0.0,0.0,0.0,0.0,0,0
2019-07-05,0.0,0.0,0.0,0.0,0,0
2019-07-08,0.0,0.0,0.0,0.0,0,0
2019-07-09,0.0,0.0,0.0,0.0,0,0
2019-07-10,0.0,0.0,0.0,0.0,0,0
2019-07-11,0.0,0.0,0.0,0.0,0,0
2019-07-12,0.0,0.0,0.0,0.0,0,0
2019-07-15,0.0,0.0,0.0,0.0,0,0
2019-07-16,0.0,0.0,0.0,0.0,0,0
2019-07-17,0.0,0.0,0.0,0.0,0,0
2019-07-18,-0.002630754287594569,0.25,0.000375,-0.003005754287594569,0,1
2019-07-19,0.0,0.25,0.000375,-0.000375,0,0
2019-07-22,0.003109573698113497,0.25,0.000375,0.0027345736981134973,1,0
2019-07-23,0.008368438128612536,0.5,0.00075,0.007618438128612536,1,0
2019-07-24,0.0016964680807611265,0.25,0.000375,0.0013214680807611266,1,1
2019-07-25,-0.0010235164335789149,0.25,0.000375,-0.0013985164335789148,1,0
2019-07-26,-0.0016583995854222132,0.5,0.00075,-0.002408399585422213,2,2
2019-07-29,0.00542851358697208,0.25,0.000375,0.005053513586972079,0,2
2019-07-30,0.001408783714371849,0.0,0.0,0.001408783714371849,0,2
2019-07-31,0.00745194053611851,0.0,0.0,0.00745194053611851,0,2
2019-08-01,-0.003759782297618504,0.5,0.00075,-0.004509782297618504,1,2
2019-08-02,-0.001577331106304835,0.25,0.000375,-0.001952331106304835,1,0
2019-08-05,0.0,0.25,0.000375,-0.000375,0,0
2019-08-06,0.0013495368084596145,0.5,0.00075,0.0005995368084596145,1,1
2019-08-07,-0.0008793184995922907,0.0,0.0,-0.0008793184995922907,1,1
2019-08-08,0.0,0.5,0.00075,-0.00075,0,0
2019-08-09,0.0,0.0,0.0,0.0,0,0
2019-08-12,0.0,0.0,0.0,0.0,0,0
2019-08-13,0.0,0.0,0.0,0.0,0,0
2019-08-14,0.0,0.0,0.0,0.0,0,0
2019-08-15,0.0,0.0,0.0,0.0,0,0
2019-08-16,0.0,0.0,0.0,0.0,0,0
2019-08-19,0.0,0.0,0.0,0.0,0,0
2019-08-20,0.0,0.0,0.0,0.0,0,0
2019-08-21,0.0,0.0,0.0,0.0,0,0
2019-08-22,0.0,0.0,0.0,0.0,0,0
2019-08-23,0.0,0.0,0.0,0.0,0,0
2019-08-26,-0.0012838737112096388,0.25,0.000375,-0.0016588737112096389,0,1
2019-08-27,0.0,0.25,0.000375,-0.000375,0,0
2019-08-28,-0.00478647298127777,0.25,0.000375,-0.00516147298127777,0,1
2019-08-29,-0.010475291909894257,0.0,0.0,-0.010475291909894257,0,1
2019-08-30,0.00017287349410575808,0.0,0.0,0.00017287349410575808,0,1
2019-09-03,0.0,0.25,0.000375,-0.000375,0,0
2019-09-04,0.023246161918178364,0.25,0.000375,0.022871161918178364,0,1
2019-09-05,-0.00019557991810501604,0.75,0.0011250000000000001,-0.0013205799181050162,2,2
2019-09-06,0.004803850309216011,0.25,0.000375,0.00442885030921601,1,2
2019-09-09,0.0005231605305582804,0.0,0.0,0.0005231605305582804,1,2
2019-09-10,-0.0022567211469087887,0.25,0.000375,-0.0026317211469087886,0,2
2019-09-11,-0.006421173666681042,0.25,0.000375,-0.006796173666681042,0,1
2019-09-12,0.001140615190570608,0.0,0.0,0.001140615190570608,0,1
2019-09-13,-0.0014443715203630175,0.0,0.0,-0.0014443715203630175,0,1
2019-09-16,0.00927019268752282,0.0,0.0,0.00927019268752282,0,1
2019-09-17,-0.0020064833192339217,0.0,0.0,-0.0020064833192339217,0,1
2019-09-18,-7.696162183786067e-05,0.0,0.0,-7.696162183786067e-05,0,1
2019-09-19,0.0,0.25,0.000375,-0.000375,0,0
2019-09-20,0.0,0.0,0.0,0.0,0,0
2019-09-23,0.0,0.0,0.0,0.0,0,0
2019-09-24,0.0,0.0,0.0,0.0,0,0
2019-09-25,0.0,0.0,0.0,0.0,0,0
2019-09-26,0.0,0.0,0.0,0.0,0,0
2019-09-27,0.004271348573582056,0.25,0.000375,0.0038963485735820564,0,1
2019-09-30,0.0,0.25,0.000375,-0.000375,0,0
2019-10-01,0.0,0.0,0.0,0.0,0,0
2019-10-02,0.0,0.0,0.0,0.0,0,0
2019-10-03,0.0,0.0,0.0,0.0,0,0
2019-10-04,0.009190070581845792,0.25,0.000375,0.008815070581845792,1,0
2019-10-07,-0.0041990177161910945,0.0,0.0,-0.0041990177161910945,1,0
2019-10-08,-0.0015015297441668338,0.0,0.0,-0.0015015297441668338,1,0
2019-10-09,0.0070139187647907195,0.25,0.000375,0.006638918764790719,2,0
2019-10-10,0.005969481476486235,0.25,0.000375,0.005594481476486234,1,0
2019-10-11,0.009163437257642112,0.0,0.0,0.009163437257642112,1,0
2019-10-14,-0.0007946065811176473,0.25,0.000375,-0.0011696065811176472,1,1
2019-10-15,0.0,0.5,0.00075,-0.00075,0,0
2019-10-16,0.0,0.0,0.0,0.0,0,0
2019-10-17,0.007485421905311586,0.5,0.00075,0.006735421905311586,1,1
2019-10-18,-0.01024390816180591,0.0,0.0,-0.01024390816180591,1,1
2019-10-21,0.0,0.5,0.00075,-0.00075,0,0
2019-10-22,-0.005710061738358814,0.5,0.00075,-0.006460061738358814,2,1
2019-10-23,0.0,0.5,0.00075,-0.00075,0,0
2019-10-24,0.0,0.0,0.0,0.0,0,0
2019-10-25,-0.003936414982174043,0.5,0.00075,-0.0046864149821740425,1,2
2019-10-28,0.007682105096320224,0.5,0.00075,0.006932105096320224,2,0
2019-10-29,-0.0018566425411496333,0.75,0.0011250000000000001,-0.0029816425411496334,1,2
2019-10-30,0.0002568772030145077,0.5,0.00075,-0.0004931227969854923,0,1
2019-10-31,0.0003168369988480694,0.25,0.000375,-5.816300115193062e-05,1,1
2019-11-01,0.008248291659319115,0.25,0.000375,0.007873291659319114,1,0
2019-11-04,0.0,0.25,0.000375,-0.000375,0,0
2019-11-05,0.0,0.0,0.0,0.0,0,0
2019-11-06,0.0,0.0,0.0,0.0,0,0
2019-11-07,0.0,0.0,0.0,0.0,0,0
2019-11-08,0.0,0.0,0.0,0.0,0,0
2019-11-11,0.0,0.0,0.0,0.0,0,0
2019-11-12,0.0,0.0,0.0,0.0,0,0
2019-11-13,0.0,0.0,0.0,0.0,0,0
2019-11-14,0.0,0.0,0.0,0.0,0,0
2019-11-15,0.0,0.0,0.0,0.0,0,0
2019-11-18,0.0,0.0,0.0,0.0,0,0
2019-11-19,0.0,0.0,0.0,0.0,0,0
2019-11-20,0.0,0.0,0.0,0.0,0,0
2019-11-21,0.0,0.0,0.0,0.0,0,0
2019-11-22,0.0,0.0,0.0,0.0,0,0
2019-11-25,0.0,0.0,0.0,0.0,0,0
2019-11-26,0.0,0.0,0.0,0.0,0,0
2019-11-27,0.0018500558277092227,0.5,0.00075,0.0011000558277092227,1,1
2019-11-29,-0.0018387395776381609,0.0,0.0,-0.0018387395776381609,1,1
2019-12-02,0.004909763165488848,0.25,0.000375,0.004534763165488847,0,1
2019-12-03,0.0,0.25,0.000375,-0.000375,0,0
2019-12-04,-0.003953955162192078,0.25,0.000375,-0.004328955162192078,1,0
2019-12-05,-0.001761051418557986,0.0,0.0,-0.001761051418557986,1,0
2019-12-06,0.00408073683587552,0.0,0.0,0.00408073683587552,1,0
2019-12-09,-0.00550548276064444,0.0,0.0,-0.00550548276064444,1,0
2019-12-10,-0.006317557379613446,0.0,0.0,-0.006317557379613446,1,0
2019-12-11,0.0,0.25,0.000375,-0.000375,0,0
2019-12-12,0.007067036230069116,0.25,0.000375,0.006692036230069116,1,0
2019-12-13,-0.0020725299982244693,0.0,0.0,-0.0020725299982244693,1,0
2019-12-16,0.0,0.25,0.000375,-0.000375,0,0
2019-12-17,0.0,0.0,0.0,0.0,0,0
2019-12-18,0.0,0.0,0.0,0.0,0,0
2019-12-19,0.0,0.0,0.0,0.0,0,0
2019-12-20,0.0,0.0,0.0,0.0,0,0
2019-12-23,0.0,0.0,0.0,0.0,0,0
2019-12-24,0.0,0.0,0.0,0.0,0,0
2019-12-26,0.0,0.0,0.0,0.0,0,0
2019-12-27,0.0,0.0,0.0,0.0,0,0
2019-12-30,-0.0002533938034132567,0.5,0.00075,-0.0010033938034132567,1,1
2019-12-31,0.0,0.5,0.00075,-0.00075,0,0
2020-01-02,0.0,0.0,0.0,0.0,0,0
2020-01-03,0.01035837734639163,0.25,0.000375,0.00998337734639163,0,1
2020-01-06,0.0,0.25,0.000375,-0.000375,0,0
2020-01-07,0.0,0.0,0.0,0.0,0,0
2020-01-08,0.0,0.0,0.0,0.0,0,0
2020-01-09,0.0,0.0,0.0,0.0,0,0
2020-01-10,0.0,0.0,0.0,0.0,0,0
2020-01-13,0.0,0.0,0.0,0.0,0,0
2020-01-14,0.0,0.0,0.0,0.0,0,0
2020-01-15,-0.0013813038818081512,0.25,0.000375,-0.001756303881808151,0,1
2020-01-16,0.0,0.25,0.000375,-0.000375,0,0
2020-01-17,0.0,0.0,0.0,0.0,0,0
2020-01-21,0.0,0.0,0.0,0.0,0,0
2020-01-22,-0.01448693910204507,0.25,0.000375,-0.01486193910204507,1,0
2020-01-23,-0.012501517631596792,0.25,0.000375,-0.012876517631596793,1,2
2020-01-24,-0.016793051326511224,0.16666666666666669,0.00025000000000000006,-0.017043051326511224,1,3
2020-01-27,-0.014327614377037293,0.4166666666666667,0.000625,-0.014952614377037293,2,2
2020-01-28,-0.005715167388603851,0.0,0.0,-0.005715167388603851,2,2
2020-01-29,-0.01214253616848732,0.0,0.0,-0.01214253616848732,2,2
2020-01-30,0.019555127305162016,0.0,0.0,0.019555127305162016,2,2
2020-01-31,-0.00778209067629423,0.4166666666666667,0.000625,-0.00840709067629423,1,3
2020-02-03,-0.0031951466110361937,0.4166666666666667,0.000625,-0.003820146611036194,0,2
2020-02-04,0.0,0.25,0.000375,-0.000375,0,0
2020-02-05,0.0,0.0,0.0,0.0,0,0
2020-02-06,0.0,0.0,0.0,0.0,0,0
2020-02-07,-0.0004687949843183036,0.25,0.000375,-0.0008437949843183037,1,0
2020-02-10,0.0,0.25,0.000375,-0.000375,0,0
2020-02-11,0.0,0.0,0.0,0.0,0,0
2020-02-12,0.0,0.0,0.0,0.0,0,0
2020-02-13,0.0,0.0,0.0,0.0,0,0
2020-02-14,0.0,0.0,0.0,0.0,0,0
2020-02-18,0.0,0.0,0.0,0.0,0,0
2020-02-19,0.0,0.0,0.0,0.0,0,0
2020-02-20,0.0,0.0,0.0,0.0,0,0
2020-02-21,0.0,0.0,0.0,0.0,0,0
2020-02-24,0.0,0.0,0.0,0.0,0,0
2020-02-25,-0.03178388543104994,0.25,0.000375,-0.03215888543104994,1,0
2020-02-26,-0.012938667758117027,0.0,0.0,-0.012938667758117027,1,0
2020-02-27,0.021093539720463957,0.75,0.0011250000000000001,0.019968539720463956,2,1
2020-02-28,0.01937811135930492,0.25,0.000375,0.01900311135930492,2,1
2020-03-02,-0.007062881833246813,0.25,0.000375,-0.007437881833246813,2,2
2020-03-03,0.0047041369692553785,0.25,0.000375,0.004329136969255378,2,1
2020-03-04,0.0019350424167985138,0.0,0.0,0.0019350424167985138,2,1
2020-03-05,0.008531467750849855,0.0,0.0,0.008531467750849855,2,1
2020-03-06,0.02192550393110799,0.25,0.000375,0.021550503931107988,1,1
2020-03-09,0.03129455551040071,0.5,0.00075,0.03054455551040071,0,2
2020-03-10,-0.06339544311556947,0.25,0.000375,-0.06377044311556947,0,1
2020-03-11,-0.03177830808504411,0.5,0.00075,-0.03252830808504411,1,0
2020-03-12,-0.05472865468558125,0.3333333333333333,0.0005,-0.055228654685581254,3,0
2020-03-13,0.018970269501523813,0.16666666666666669,0.00025000000000000006,0.018720269501523813,2,0
2020-03-16,0.02720066018889398,0.5,0.00075,0.026450660188893978,1,1
2020-03-17,-0.053280497589716105,0.5,0.00075,-0.054030497589716106,2,2
2020-03-18,-0.012487308178420975,0.4166666666666667,0.000625,-0.013112308178420976,3,2
2020-03-19,0.04409674580293589,0.5833333333333334,0.0008750000000000001,0.04322174580293589,1,1
2020-03-20,0.01261771702286699,0.25,0.000375,0.01224271702286699,2,1
2020-03-23,-0.03486240910942202,0.75,0.0011250000000000001,-0.03598740910942202,2,1
2020-03-24,0.0,0.5,0.00075,-0.00075,0,0
2020-03-25,0.0,0.0,0.0,0.0,0,0
2020-03-26,0.0,0.0,0.0,0.0,0,0
2020-03-27,0.0,0.0,0.0,0.0,0,0
2020-03-30,0.0,0.0,0.0,0.0,0,0
2020-03-31,0.0,0.0,0.0,0.0,0,0
2020-04-01,0.0,0.0,0.0,0.0,0,0
2020-04-02,0.0,0.0,0.0,0.0,0,0
2020-04-03,0.0,0.0,0.0,0.0,0,0
2020-04-06,0.0,0.0,0.0,0.0,0,0
2020-04-07,0.0,0.0,0.0,0.0,0,0
2020-04-08,-0.015178203390616929,0.25,0.000375,-0.01555320339061693,0,1
2020-04-09,-0.025369730374449107,0.0,0.0,-0.025369730374449107,0,1
2020-04-13,0.0,0.25,0.000375,-0.000375,0,0
2020-04-14,0.0,0.0,0.0,0.0,0,0
2020-04-15,0.0,0.0,0.0,0.0,0,0
2020-04-16,0.0,0.0,0.0,0.0,0,0
2020-04-17,0.0,0.0,0.0,0.0,0,0
2020-04-20,0.0,0.0,0.0,0.0,0,0
2020-04-21,0.0,0.0,0.0,0.0,0,0
2020-04-22,0.0,0.0,0.0,0.0,0,0
2020-04-23,0.0,0.0,0.0,0.0,0,0
2020-04-24,0.0,0.0,0.0,0.0,0,0
2020-04-27,0.0,0.0,0.0,0.0,0,0
2020-04-28,0.0,0.0,0.0,0.0,0,0
2020-04-29,0.02110427013643844,0.25,0.000375,0.020729270136438438,1,0
2020-04-30,0.004500233928079791,0.0,0.0,0.004500233928079791,1,0
2020-05-01,-0.033411930291514645,0.0,0.0,-0.033411930291514645,1,0
2020-05-04,0.0,0.25,0.000375,-0.000375,0,0
2020-05-05,0.0,0.0,0.0,0.0,0,0
2020-05-06,0.0,0.0,0.0,0.0,0,0
2020-05-07,0.0,0.0,0.0,0.0,0,0
2020-05-08,0.0,0.0,0.0,0.0,0,0
2020-05-11,0.030037342900721,0.25,0.000375,0.029662342900721,0,1
2020-05-12,-0.007304522398995206,0.75,0.0011250000000000001,-0.008429522398995207,1,1
2020-05-13,0.018133855795245873,0.0,0.0,0.018133855795245873,1,1
2020-05-14,0.01890433856029132,0.0,0.0,0.01890433856029132,1,1
2020-05-15,0.006654512244643872,0.0,0.0,0.006654512244643872,1,1
2020-05-18,-0.043920335833139215,0.25,0.000375,-0.044295335833139216,0,1
2020-05-19,0.0,0.25,0.000375,-0.000375,0,0
2020-05-20,0.0,0.0,0.0,0.0,0,0
2020-05-21,0.0,0.0,0.0,0.0,0,0
2020-05-22,0.0,0.0,0.0,0.0,0,0
2020-05-26,0.0,0.0,0.0,0.0,0,0
2020-05-27,0.0,0.0,0.0,0.0,0,0
2020-05-28,0.0,0.0,0.0,0.0,0,0
2020-05-29,0.0,0.0,0.0,0.0,0,0
2020-06-01,0.0,0.0,0.0,0.0,0,0
2020-06-02,0.0075797437913843295,0.25,0.000375,0.007204743791384329,1,0
2020-06-03,0.0,0.25,0.000375,-0.000375,0,0
2020-06-04,-0.06336654529660886,0.25,0.000375,-0.06374154529660886,0,1
2020-06-05,-0.040630875961146784,0.0,0.0,-0.040630875961146784,0,1
2020-06-08,-0.06336654529660886,0.0,0.0,-0.06336654529660886,0,1
2020-06-09,0.04342166879475902,0.0,0.0,0.04342166879475902,0,1
2020-06-10,0.05838771724531342,0.0,0.0,0.05838771724531342,0,1
2020-06-11,-0.00394262248924214,0.5,0.00075,-0.0046926224892421394,2,2
2020-06-12,0.03890702234301063,0.5,0.00075,0.03815702234301063,1,0
2020-06-15,-0.009181799825684631,0.0,0.0,-0.009181799825684631,1,0
2020-06-16,0.005791044327130939,0.0,0.0,0.005791044327130939,1,0
2020-06-17,0.0,0.25,0.000375,-0.000375,0,0
2020-06-18,0.0,0.0,0.0,0.0,0,0
2020-06-19,-0.015082700225843817,0.25,0.000375,-0.015457700225843817,1,0
2020-06-22,-0.03494306117531563,0.0,0.0,-0.03494306117531563,1,0
2020-06-23,-0.025488220106411316,0.25,0.000375,-0.025863220106411317,1,1
2020-06-24,-0.03551788802106654,0.25,0.000375,-0.03589288802106654,1,0
2020-06-25,0.0,0.25,0.000375,-0.000375,0,0
2020-06-26,0.0,0.0,0.0,0.0,0,0
2020-06-29,0.0,0.0,0.0,0.0,0,0
2020-06-30,0.0,0.0,0.0,0.0,0,0
2020-07-01,0.0,0.0,0.0,0.0,0,0
2020-07-02,0.0,0.0,0.0,0.0,0,0
2020-07-06,0.0,0.0,0.0,0.0,0,0
2020-07-07,0.0,0.0,0.0,0.0,0,0
2020-07-08,0.0,0.0,0.0,0.0,0,0
2020-07-09,0.0,0.0,0.0,0.0,0,0
2020-07-10,0.0,0.0,0.0,0.0,0,0
2020-07-13,0.0,0.0,0.0,0.0,0,0
2020-07-14,0.0,0.0,0.0,0.0,0,0
2020-07-15,0.045544154511814865,0.25,0.000375,0.045169154511814864,1,0
2020-07-16,0.0,0.25,0.000375,-0.000375,0,0
2020-07-17,0.0,0.0,0.0,0.0,0,0
2020-07-20,0.0,0.0,0.0,0.0,0,0
2020-07-21,0.0,0.0,0.0,0.0,0,0
2020-07-22,0.0,0.0,0.0,0.0,0,0
2020-07-23,0.01982216132382819,0.5,0.00075,0.01907216132382819,1,1
2020-07-24,-0.012648451950087462,0.5,0.00075,-0.013398451950087462,2,0
2020-07-27,-0.004984288441823479,0.0,0.0,-0.004984288441823479,2,0
2020-07-28,0.0038949017562431945,0.25,0.000375,0.0035199017562431946,1,0
2020-07-29,-0.017770903363835168,0.0,0.0,-0.017770903363835168,1,0
2020-07-30,0.012407584794780333,0.0,0.0,0.012407584794780333,1,0
2020-07-31,-0.006816091123301775,0.5,0.00075,-0.007566091123301775,0,1
2020-08-03,0.011247442381841123,0.0,0.0,0.011247442381841123,0,1
2020-08-04,0.0,0.25,0.000375,-0.000375,0,0
2020-08-05,0.0,0.0,0.0,0.0,0,0
2020-08-06,-0.011657830619201358,0.25,0.000375,-0.012032830619201358,0,2
2020-08-07,-0.0039215256158721705,0.25,0.000375,-0.004296525615872171,0,1
2020-08-10,0.0,0.25,0.000375,-0.000375,0,0
2020-08-11,0.0,0.0,0.0,0.0,0,0
2020-08-12,0.0,0.0,0.0,0.0,0,0
2020-08-13,0.0,0.0,0.0,0.0,0,0
2020-08-14,0.0,0.0,0.0,0.0,0,0
2020-08-17,0.0,0.0,0.0,0.0,0,0
2020-08-18,0.0,0.0,0.0,0.0,0,0
2020-08-19,0.0,0.0,0.0,0.0,0,0
2020-08-20,0.0,0.0,0.0,0.0,0,0
2020-08-21,0.0,0.0,0.0,0.0,0,0
2020-08-24,0.0,0.0,0.0,0.0,0,0
2020-08-25,0.0,0.0,0.0,0.0,0,0
2020-08-26,0.0,0.0,0.0,0.0,0,0
2020-08-27,0.0,0.0,0.0,0.0,0,0
2020-08-28,0.0,0.0,0.0,0.0,0,0
2020-08-31,0.003183635821521421,0.5,0.00075,0.002433635821521421,1,1
2020-09-01,-0.002560834753793682,0.25,0.000375,-0.002935834753793682,0,1
2020-09-02,-0.016580263819463908,0.0,0.0,-0.016580263819463908,0,1
2020-09-03,0.0009893872935328662,0.0,0.0,0.0009893872935328662,0,1
2020-09-04,0.0,0.25,0.000375,-0.000375,0,0
2020-09-08,0.0,0.0,0.0,0.0,0,0
2020-09-09,0.0,0.0,0.0,0.0,0,0
2020-09-10,-0.0035823655941245145,0.25,0.000375,-0.003957365594124514,1,0
2020-09-11,0.00012839026292534852,0.0,0.0,0.00012839026292534852,1,0
2020-09-14,0.014049909090116585,0.0,0.0,0.014049909090116585,1,0
2020-09-15,0.006817964355605142,0.0,0.0,0.006817964355605142,1,0
2020-09-16,0.01801666874911632,0.0,0.0,0.01801666874911632,1,0
2020-09-17,0.020608977982196172,0.5,0.00075,0.01985897798219617,0,1
2020-09-18,0.006567930911026493,0.75,0.0011250000000000001,0.005442930911026493,2,1
2020-09-21,-0.03423752412502036,0.25,0.000375,-0.03461252412502036,2,0
2020-09-22,4.841093669624968e-05,0.75,0.0011250000000000001,-0.0010765890633037505,1,2
2020-09-23,0.007532760314722475,0.5,0.00075,0.006782760314722475,0,1
2020-09-24,0.0,0.25,0.000375,-0.000375,0,0
2020-09-25,0.0,0.0,0.0,0.0,0,0
2020-09-28,0.0,0.0,0.0,0.0,0,0
2020-09-29,0.0,0.0,0.0,0.0,0,0
2020-09-30,0.0,0.0,0.0,0.0,0,0
2020-10-01,0.0,0.0,0.0,0.0,0,0
2020-10-02,0.0,0.0,0.0,0.0,0,0
2020-10-05,0.0,0.0,0.0,0.0,0,0
2020-10-06,0.0,0.0,0.0,0.0,0,0
2020-10-07,0.0,0.0,0.0,0.0,0,0
2020-10-08,0.0,0.0,0.0,0.0,0,0
2020-10-09,-0.0007759644448070986,0.25,0.000375,-0.0011509644448070987,0,1
2020-10-12,0.0,0.25,0.000375,-0.000375,0,0
2020-10-13,0.0,0.0,0.0,0.0,0,0
2020-10-14,-0.004938692531215257,0.25,0.000375,-0.005313692531215258,0,1
2020-10-15,0.0,0.25,0.000375,-0.000375,0,0
2020-10-16,-0.0013156001273618915,0.25,0.000375,-0.0016906001273618914,1,0
2020-10-19,0.019238666013929855,0.0,0.0,0.019238666013929855,1,0
2020-10-20,-0.007825779688650307,0.5,0.00075,-0.008575779688650307,0,1
2020-10-21,0.0,0.25,0.000375,-0.000375,0,0
2020-10-22,0.0,0.0,0.0,0.0,0,0
2020-10-23,0.004785500559902838,0.5,0.00075,0.0040355005599028385,1,2
2020-10-26,-0.001148423567141836,0.5,0.00075,-0.001898423567141836,2,2
2020-10-27,0.002237024556798261,0.5,0.00075,0.001487024556798261,1,1
2020-10-28,0.023517885487011492,0.25,0.000375,0.023142885487011492,0,1
2020-10-29,-0.014660280167327367,0.0,0.0,-0.014660280167327367,0,1
2020-10-30,0.0,0.25,0.000375,-0.000375,0,0
2020-11-02,-0.008152728975774067,0.5,0.00075,-0.008902728975774068,1,1
2020-11-03,0.009727208852064195,0.25,0.000375,0.009352208852064194,2,1
2020-11-04,-0.005570669903975641,0.25,0.000375,-0.0059456699039756415,1,1
2020-11-05,0.0,0.5,0.00075,-0.00075,0,0
2020-11-06,0.0,0.0,0.0,0.0,0,0
2020-11-09,0.0,0.0,0.0,0.0,0,0
2020-11-10,0.0,0.0,0.0,0.0,0,0
2020-11-11,0.0,0.0,0.0,0.0,0,0
2020-11-12,0.0,0.0,0.0,0.0,0,0
2020-11-13,0.0,0.0,0.0,0.0,0,0
2020-11-16,0.0,0.0,0.0,0.0,0,0
2020-11-17,0.0,0.0,0.0,0.0,0,0
2020-11-18,0.0,0.0,0.0,0.0,0,0
2020-11-19,0.0,0.0,0.0,0.0,0,0
2020-11-20,0.0,0.0,0.0,0.0,0,0
2020-11-23,0.0,0.0,0.0,0.0,0,0
2020-11-24,0.00252830072179009,0.5,0.00075,0.0017783007217900902,1,1
2020-11-25,0.003473387028162794,0.0,0.0,0.003473387028162794,1,1
2020-11-27,-0.0050756459432592695,0.0,0.0,-0.0050756459432592695,1,1
2020-11-30,0.0,0.5,0.00075,-0.00075,0,0
2020-12-01,0.004885356087274955,0.5,0.00075,0.004135356087274955,2,1
2020-12-02,-0.03012753715208944,0.25,0.000375,-0.03050253715208944,1,1
2020-12-03,0.02583179291863811,0.5,0.00075,0.02508179291863811,1,1
2020-12-04,-0.0056498288491790135,0.5,0.00075,-0.006399828849179013,2,0
2020-12-07,0.0031419122471791653,0.25,0.000375,0.0027669122471791654,1,0
2020-12-08,0.006017494772108448,0.75,0.0011250000000000001,0.004892494772108448,1,1
2020-12-09,0.010318394220224406,0.0,0.0,0.010318394220224406,1,1
2020-12-10,0.01123633654199876,0.75,0.0011250000000000001,0.01011133654199876,1,0
2020-12-11,-0.009926957912245363,0.0,0.0,-0.009926957912245363,1,0
2020-12-14,0.0,0.25,0.000375,-0.000375,0,0
2020-12-15,0.0,0.0,0.0,0.0,0,0
2020-12-16,0.0,0.0,0.0,0.0,0,0
2020-12-17,0.0,0.0,0.0,0.0,0,0
2020-12-18,0.0,0.0,0.0,0.0,0,0
2020-12-21,0.0,0.0,0.0,0.0,0,0
2020-12-22,0.0,0.0,0.0,0.0,0,0
2020-12-23,0.0,0.0,0.0,0.0,0,0
2020-12-24,0.0,0.0,0.0,0.0,0,0
2020-12-28,0.0,0.0,0.0,0.0,0,0
2020-12-29,0.0,0.0,0.0,0.0,0,0
2020-12-30,0.0,0.0,0.0,0.0,0,0
2020-12-31,0.0,0.0,0.0,0.0,0,0
2021-01-04,0.0,0.0,0.0,0.0,0,0
2021-01-05,-0.020819194700315454,0.25,0.000375,-0.021194194700315454,0,1
2021-01-06,-0.0016103002844063616,0.0,0.0,-0.0016103002844063616,0,1
2021-01-07,-0.0009178297264940558,0.0,0.0,-0.0009178297264940558,0,1
2021-01-08,0.00379702684203381,0.0,0.0,0.00379702684203381,0,1
2021-01-11,0.006861372250289273,0.0,0.0,0.006861372250289273,0,1
2021-01-12,0.0,0.25,0.000375,-0.000375,0,0
2021-01-13,0.0,0.0,0.0,0.0,0,0
2021-01-14,0.0,0.0,0.0,0.0,0,0
2021-01-15,-0.0020659437816319577,0.5,0.00075,-0.0028159437816319575,1,1
2021-01-19,0.004110093142416174,0.25,0.000375,0.003735093142416174,1,0
2021-01-20,0.0,0.25,0.000375,-0.000375,0,0
2021-01-21,0.0,0.0,0.0,0.0,0,0
2021-01-22,-0.004995083800678987,0.5,0.00075,-0.0057450838006789864,1,1
2021-01-25,0.0,0.5,0.00075,-0.00075,0,0
2021-01-26,0.0,0.0,0.0,0.0,0,0
2021-01-27,-0.023850486657460132,0.5,0.00075,-0.024600486657460133,1,1
2021-01-28,0.019312685324448266,0.0,0.0,0.019312685324448266,1,1
2021-01-29,0.011780007149607074,0.75,0.0011250000000000001,0.010655007149607074,2,1
2021-02-01,0.009703330738804788,0.25,0.000375,0.009328330738804787,0,1
2021-02-02,0.007478452237641923,0.0,0.0,0.007478452237641923,0,1
2021-02-03,-0.029549405159293406,0.0,0.0,-0.029549405159293406,0,1
2021-02-04,0.0057143697107932614,0.0,0.0,0.0057143697107932614,0,1
2021-02-05,0.0,0.25,0.000375,-0.000375,0,0
2021-02-08,0.0,0.0,0.0,0.0,0,0
2021-02-09,0.0,0.0,0.0,0.0,0,0
2021-02-10,0.0,0.0,0.0,0.0,0,0
2021-02-11,0.0,0.0,0.0,0.0,0,0
2021-02-12,0.0,0.0,0.0,0.0,0,0
2021-02-16,0.0,0.0,0.0,0.0,0,0
2021-02-17,0.0,0.0,0.0,0.0,0,0
2021-02-18,0.0,0.0,0.0,0.0,0,0
2021-02-19,0.0,0.0,0.0,0.0,0,0
2021-02-22,0.0,0.0,0.0,0.0,0,0
2021-02-23,0.0,0.0,0.0,0.0,0,0
2021-02-24,0.0,0.0,0.0,0.0,0,0
2021-02-25,0.01906715701672421,0.25,0.000375,0.01869215701672421,0,2
2021-02-26,-0.008615965959749436,0.25,0.000375,-0.008990965959749436,0,1
2021-03-01,-0.005944036963527732,0.0,0.0,-0.005944036963527732,0,1
2021-03-02,0.0,0.25,0.000375,-0.000375,0,0
2021-03-03,0.0,0.0,0.0,0.0,0,0
2021-03-04,0.00790741678724238,0.25,0.000375,0.007532416787242379,0,1
2021-03-05,0.0,0.25,0.000375,-0.000375,0,0
2021-03-08,0.0,0.0,0.0,0.0,0,0
2021-03-09,-0.0029971059446164848,0.5,0.00075,-0.0037471059446164846,1,1
2021-03-10,0.0,0.5,0.00075,-0.00075,0,0
2021-03-11,0.0,0.0,0.0,0.0,0,0
2021-03-12,0.0,0.0,0.0,0.0,0,0
2021-03-15,0.0,0.0,0.0,0.0,0,0
2021-03-16,0.0,0.0,0.0,0.0,0,0
2021-03-17,0.0,0.0,0.0,0.0,0,0
2021-03-18,0.0,0.0,0.0,0.0,0,0
2021-03-19,0.0,0.0,0.0,0.0,0,0
2021-03-22,0.0,0.0,0.0,0.0,0,0
2021-03-23,0.0,0.0,0.0,0.0,0,0
2021-03-24,0.0,0.0,0.0,0.0,0,0
2021-03-25,0.0,0.0,0.0,0.0,0,0
2021-03-26,0.0,0.0,0.0,0.0,0,0
2021-03-29,0.0,0.0,0.0,0.0,0,0
2021-03-30,0.0,0.0,0.0,0.0,0,0
2021-03-31,0.0,0.0,0.0,0.0,0,0
2021-04-01,0.0,0.0,0.0,0.0,0,0
2021-04-05,0.0,0.0,0.0,0.0,0,0
2021-04-06,0.0,0.0,0.0,0.0,0,0
2021-04-07,0.0,0.0,0.0,0.0,0,0
2021-04-08,0.0011764660020015616,0.25,0.000375,0.0008014660020015616,0,1
2021-04-09,0.00848484636216993,0.0,0.0,0.00848484636216993,0,1
2021-04-12,0.019812352394370243,0.0,0.0,0.019812352394370243,0,1
2021-04-13,-0.004431867354395723,0.0,0.0,-0.004431867354395723,0,1
2021-04-14,-0.003160539015454757,0.25,0.000375,-0.0035355390154547567,2,1
2021-04-15,0.001683903986596483,0.25,0.000375,0.001308903986596483,1,1
2021-04-16,0.002232345924183931,0.25,0.000375,0.001857345924183931,0,1
2021-04-19,0.0,0.25,0.000375,-0.000375,0,0
2021-04-20,0.0,0.0,0.0,0.0,0,0
2021-04-21,0.00042736812517027174,0.5,0.00075,-0.0003226318748297283,1,2
2021-04-22,0.018329172163137286,0.25,0.000375,0.017954172163137286,0,2
2021-04-23,0.011640091248363214,0.5,0.00075,0.010890091248363213,1,2
2021-04-26,-0.0019468210312448978,0.5,0.00075,-0.0026968210312448976,0,1
2021-04-27,0.002886854951619697,0.0,0.0,0.002886854951619697,0,1
2021-04-28,0.0031220626719289544,0.0,0.0,0.0031220626719289544,0,1
2021-04-29,0.0,0.25,0.000375,-0.000375,0,0
2021-04-30,0.0,0.0,0.0,0.0,0,0
2021-05-03,0.0,0.0,0.0,0.0,0,0
2021-05-04,0.0,0.0,0.0,0.0,0,0
2021-05-05,0.0,0.0,0.0,0.0,0,0
2021-05-06,0.0,0.0,0.0,0.0,0,0
2021-05-07,0.0,0.0,0.0,0.0,0,0
2021-05-10,0.0,0.0,0.0,0.0,0,0
2021-05-11,0.0,0.0,0.0,0.0,0,0
2021-05-12,0.0,0.0,0.0,0.0,0,0
2021-05-13,0.0,0.0,0.0,0.0,0,0
2021-05-14,0.0,0.0,0.0,0.0,0,0
2021-05-17,0.0,0.0,0.0,0.0,0,0
2021-05-18,0.009721335122300131,0.25,0.000375,0.00934633512230013,0,1
2021-05-19,0.006875907423852107,0.0,0.0,0.006875907423852107,0,1
2021-05-20,-0.008119531825215706,0.5,0.00075,-0.008869531825215706,1,0
2021-05-21,-0.0006641729246445031,0.0,0.0,-0.0006641729246445031,1,0
2021-05-24,0.0,0.25,0.000375,-0.000375,0,0
2021-05-25,0.0,0.0,0.0,0.0,0,0
2021-05-26,0.0100808360352686,0.25,0.000375,0.0097058360352686,1,0
2021-05-27,0.0,0.25,0.000375,-0.000375,0,0
2021-05-28,0.0,0.0,0.0,0.0,0,0
2021-06-01,0.0,0.0,0.0,0.0,0,0
2021-06-02,0.0,0.0,0.0,0.0,0,0
2021-06-03,0.01972553836685268,0.25,0.000375,0.01935053836685268,0,2
2021-06-04,-0.0024826770279559787,0.25,0.000375,-0.0028576770279559786,0,1
2021-06-07,0.0,0.25,0.000375,-0.000375,0,0
2021-06-08,0.0,0.0,0.0,0.0,0,0
2021-06-09,0.0,0.0,0.0,0.0,0,0
2021-06-10,0.0,0.0,0.0,0.0,0,0
2021-06-11,0.0,0.0,0.0,0.0,0,0
2021-06-14,0.0,0.0,0.0,0.0,0,0
2021-06-15,0.0,0.0,0.0,0.0,0,0
2021-06-16,0.0,0.0,0.0,0.0,0,0
2021-06-17,0.0,0.0,0.0,0.0,0,0
2021-06-18,0.0,0.0,0.0,0.0,0,0
2021-06-21,0.0,0.0,0.0,0.0,0,0
2021-06-22,0.0,0.0,0.0,0.0,0,0
2021-06-23,0.0,0.0,0.0,0.0,0,0
2021-06-24,0.0,0.0,0.0,0.0,0,0
2021-06-25,-4.254795334619147e-05,0.5,0.00075,-0.0007925479533461915,1,2
2021-06-28,0.007329360074379183,0.5,0.00075,0.006579360074379184,0,1
2021-06-29,0.006539963176335902,0.0,0.0,0.006539963176335902,0,1
2021-06-30,-0.002090227070709165,0.0,0.0,-0.002090227070709165,0,1
2021-07-01,0.0,0.25,0.000375,-0.000375,0,0
2021-07-02,0.0,0.0,0.0,0.0,0,0
2021-07-06,0.0,0.0,0.0,0.0,0,0
2021-07-07,0.0,0.0,0.0,0.0,0,0
2021-07-08,0.0,0.0,0.0,0.0,0,0
2021-07-09,0.01000151456687561,0.25,0.000375,0.00962651456687561,1,0
2021-07-12,-0.002139066666290304,0.25,0.000375,-0.002514066666290304,1,1
2021-07-13,0.013487137846628682,0.25,0.000375,0.013112137846628681,0,1
2021-07-14,-0.003959385646680167,0.0,0.0,-0.003959385646680167,0,1
2021-07-15,0.010095532634559598,0.25,0.000375,0.009720532634559598,1,1
2021-07-16,-0.0022941131124176034,1.0,0.0015,-0.0037941131124176034,1,1
2021-07-19,-0.00942745008833707,0.0,0.0,-0.00942745008833707,1,1
2021-07-20,0.031866436457004724,0.25,0.000375,0.03149143645700472,1,0
2021-07-21,0.01866317848623649,0.5,0.00075,0.01791317848623649,1,0
2021-07-22,0.0033745857150867505,0.0,0.0,0.0033745857150867505,1,0
2021-07-23,-0.008107955066072913,0.75,0.0011250000000000001,-0.009232955066072912,1,1
2021-07-26,0.010539043300442325,0.25,0.000375,0.010164043300442325,1,0
2021-07-27,-0.006120734099962333,0.0,0.0,-0.006120734099962333,1,0
2021-07-28,0.004287697852437978,0.5833333333333334,0.0008750000000000001,0.003412697852437978,3,1
2021-07-29,0.0015821192246088037,0.33333333333333337,0.0005000000000000001,0.0010821192246088037,1,1
2021-07-30,-0.005008761010585154,0.0,0.0,-0.005008761010585154,1,1
2021-08-02,0.011504775642437319,0.25,0.000375,0.011129775642437318,0,1
2021-08-03,-0.00421424401626258,0.0,0.0,-0.00421424401626258,0,1
2021-08-04,0.017345837494181147,0.0,0.0,0.017345837494181147,0,1
2021-08-05,-0.020570273475756518,0.0,0.0,-0.020570273475756518,0,1
2021-08-06,-0.002685595625502449,0.0,0.0,-0.002685595625502449,0,1
2021-08-09,0.0,0.25,0.000375,-0.000375,0,0
2021-08-10,0.0,0.0,0.0,0.0,0,0
2021-08-11,0.0,0.0,0.0,0.0,0,0
2021-08-12,0.0,0.0,0.0,0.0,0,0
2021-08-13,0.0,0.0,0.0,0.0,0,0
2021-08-16,0.0,0.0,0.0,0.0,0,0
2021-08-17,0.0,0.0,0.0,0.0,0,0
2021-08-18,0.0,0.0,0.0,0.0,0,0
2021-08-19,0.0,0.0,0.0,0.0,0,0
2021-08-20,0.0,0.0,0.0,0.0,0,0
2021-08-23,0.0,0.0,0.0,0.0,0,0
2021-08-24,0.0,0.0,0.0,0.0,0,0
2021-08-25,-0.004311190731170291,0.25,0.000375,-0.004686190731170292,0,1
2021-08-26,0.0096535090675378,0.0,0.0,0.0096535090675378,0,1
2021-08-27,-0.006030828757993163,0.0,0.0,-0.006030828757993163,0,1
2021-08-30,0.017093327942979575,0.0,0.0,0.017093327942979575,0,1
2021-08-31,0.0,0.25,0.000375,-0.000375,0,0
2021-09-01,0.0,0.0,0.0,0.0,0,0
2021-09-02,0.0,0.0,0.0,0.0,0,0
2021-09-03,0.0,0.0,0.0,0.0,0,0
2021-09-07,0.0,0.0,0.0,0.0,0,0
2021-09-08,0.0,0.0,0.0,0.0,0,0
2021-09-09,0.0,0.0,0.0,0.0,0,0
2021-09-10,0.0020812980921510755,0.5,0.00075,0.0013312980921510755,1,2
2021-09-13,-0.004702902556531972,0.25,0.000375,-0.005077902556531972,1,1
2021-09-14,-0.0016404934777605844,0.0,0.0,-0.0016404934777605844,1,1
2021-09-15,-0.00011396696259727066,0.25,0.000375,-0.0004889669625972706,1,0
2021-09-16,0.006906037533497492,0.0,0.0,0.006906037533497492,1,0
2021-09-17,0.0,0.25,0.000375,-0.000375,0,0
2021-09-20,0.0,0.0,0.0,0.0,0,0
2021-09-21,-0.007517595194954523,0.25,0.000375,-0.007892595194954524,1,0
2021-09-22,0.0,0.25,0.000375,-0.000375,0,0
2021-09-23,0.0,0.0,0.0,0.0,0,0
2021-09-24,0.011251373046647112,0.25,0.000375,0.010876373046647111,2,0
2021-09-27,0.0023649371898939865,0.0,0.0,0.0023649371898939865,2,0
2021-09-28,0.0,0.25,0.000375,-0.000375,0,0
2021-09-29,0.0,0.0,0.0,0.0,0,0
2021-09-30,0.0,0.0,0.0,0.0,0,0
2021-10-01,-0.0322896832213327,0.25,0.000375,-0.0326646832213327,0,1
2021-10-04,0.0,0.25,0.000375,-0.000375,0,0
2021-10-05,0.005386723568846068,0.25,0.000375,0.0050117235688460675,0,1
2021-10-06,0.00018351288982499197,0.0,0.0,0.00018351288982499197,0,1
2021-10-07,0.003779249166018298,0.0,0.0,0.003779249166018298,0,1
2021-10-08,0.0,0.25,0.000375,-0.000375,0,0
2021-10-11,0.0,0.0,0.0,0.0,0,0
2021-10-12,-0.0039602675360237505,0.5,0.00075,-0.00471026753602375,2,2
2021-10-13,-0.000986364485205244,0.5,0.00075,-0.001736364485205244,1,1
2021-10-14,0.0023818250982853197,1.0,0.0015,0.0008818250982853197,2,1
2021-10-15,0.0,0.5,0.00075,-0.00075,0,0
2021-10-18,0.003038487456476271,0.25,0.000375,0.0026634874564762713,0,1
2021-10-19,0.004197292536221144,0.0,0.0,0.004197292536221144,0,1
2021-10-20,0.0,0.25,0.000375,-0.000375,0,0
2021-10-21,0.0,0.0,0.0,0.0,0,0
2021-10-22,0.0,0.0,0.0,0.0,0,0
2021-10-25,-0.0017582237947884943,0.5,0.00075,-0.002508223794788494,2,1
2021-10-26,0.00477165819544828,0.25,0.000375,0.004396658195448279,0,1
2021-10-27,-0.017778109051124185,0.5,0.00075,-0.018528109051124186,1,0
2021-10-28,0.002124630195074747,0.0,0.0,0.002124630195074747,1,0
2021-10-29,0.0,0.25,0.000375,-0.000375,0,0
2021-11-01,0.0,0.0,0.0,0.0,0,0
2021-11-02,0.0,0.0,0.0,0.0,0,0
2021-11-03,0.0,0.0,0.0,0.0,0,0
2021-11-04,0.0,0.0,0.0,0.0,0,0
2021-11-05,0.0,0.0,0.0,0.0,0,0
2021-11-08,0.0,0.0,0.0,0.0,0,0
2021-11-09,0.0,0.0,0.0,0.0,0,0
2021-11-10,0.0,0.0,0.0,0.0,0,0
2021-11-11,0.0,0.0,0.0,0.0,0,0
2021-11-12,0.0,0.0,0.0,0.0,0,0
2021-11-15,0.0,0.0,0.0,0.0,0,0
2021-11-16,0.0,0.0,0.0,0.0,0,0
2021-11-17,0.0,0.0,0.0,0.0,0,0
2021-11-18,0.0,0.0,0.0,0.0,0,0
2021-11-19,0.0,0.0,0.0,0.0,0,0
2021-11-22,0.0,0.0,0.0,0.0,0,0
2021-11-23,0.00781433805472087,0.25,0.000375,0.00743933805472087,0,1
2021-11-24,-0.00010646432118912422,0.0,0.0,-0.00010646432118912422,0,1
2021-11-26,0.022080781183639347,0.0,0.0,0.022080781183639347,0,1
2021-11-29,0.003314934936153393,0.75,0.0011250000000000001,0.002189934936153393,1,1
2021-11-30,-0.00897801171139286,0.25,0.000375,-0.009353011711392861,1,0
2021-12-01,-0.024040037626589194,0.0,0.0,-0.024040037626589194,1,0
2021-12-02,0.03279780373926401,0.5,0.00075,0.03204780373926401,2,0
2021-12-03,-0.00892610942929753,0.5,0.00075,-0.00967610942929753,2,1
2021-12-06,0.008783997948546004,0.25,0.000375,0.008408997948546004,1,1
2021-12-07,0.0013126020898043696,0.25,0.000375,0.0009376020898043696,0,1
2021-12-08,-0.010920737085465135,0.0,0.0,-0.010920737085465135,0,1
2021-12-09,0.004910849638386643,0.0,0.0,0.004910849638386643,0,1
2021-12-10,-0.021590656077498646,0.75,0.0011250000000000001,-0.022715656077498647,1,1
2021-12-13,-0.008270563242765453,0.25,0.000375,-0.008645563242765454,2,1
2021-12-14,-0.004572264025871294,0.25,0.000375,-0.0049472640258712945,2,0
2021-12-15,0.0,0.25,0.000375,-0.000375,0,0
2021-12-16,0.0,0.0,0.0,0.0,0,0
2021-12-17,0.0,0.0,0.0,0.0,0,0
2021-12-20,0.0,0.0,0.0,0.0,0,0
2021-12-21,-0.023154944763477597,0.25,0.000375,-0.023529944763477598,0,1
2021-12-22,-0.0038482703856417104,0.0,0.0,-0.0038482703856417104,0,1
2021-12-23,0.0,0.0,0.0,0.0,0,1
2021-12-27,0.0,0.25,0.000375,-0.000375,0,0
2021-12-28,0.0,0.0,0.0,0.0,0,0
2021-12-29,0.0,0.0,0.0,0.0,0,0
2021-12-30,0.0,0.0,0.0,0.0,0,0
2021-12-31,0.0,0.0,0.0,0.0,0,0
2022-01-03,0.0,0.0,0.0,0.0,0,0
2022-01-04,0.0,0.0,0.0,0.0,0,0
2022-01-05,0.0,0.0,0.0,0.0,0,0
2022-01-06,0.0,0.0,0.0,0.0,0,0
2022-01-07,0.0,0.0,0.0,0.0,0,0
2022-01-10,0.0,0.0,0.0,0.0,0,0
2022-01-11,-0.003423202110440103,0.25,0.000375,-0.003798202110440103,0,1
2022-01-12,0.0038527652204905422,0.0,0.0,0.0038527652204905422,0,1
2022-01-13,-0.017212102541899827,0.0,0.0,-0.017212102541899827,0,1
2022-01-14,0.000882653726380387,0.25,0.000375,0.000507653726380387,1,1
2022-01-18,0.012236680457924368,0.25,0.000375,0.011861680457924368,0,1
2022-01-19,0.0,0.25,0.000375,-0.000375,0,0
2022-01-20,0.0,0.0,0.0,0.0,0,0
2022-01-21,-0.001774295498238973,0.5,0.00075,-0.002524295498238973,1,1
2022-01-24,-0.0006598521681052859,0.25,0.000375,-0.001034852168105286,0,1
2022-01-25,0.0,0.25,0.000375,-0.000375,0,0
2022-01-26,-0.008076508762856274,0.25,0.000375,-0.008451508762856275,1,0
2022-01-27,0.01350939720495663,0.0,0.0,0.01350939720495663,1,0
2022-01-28,0.0007199246845495542,0.0,0.0,0.0007199246845495542,1,0
2022-01-31,0.025592705080799118,0.0,0.0,0.025592705080799118,1,0
2022-02-01,0.008135764960795567,0.0,0.0,0.008135764960795567,1,0
2022-02-02,-0.004729776689197365,0.0,0.0,-0.004729776689197365,1,0
2022-02-03,0.0,0.25,0.000375,-0.000375,0,0
2022-02-04,0.0,0.0,0.0,0.0,0,0
2022-02-07,0.0,0.0,0.0,0.0,0,0
2022-02-08,0.0,0.0,0.0,0.0,0,0
2022-02-09,0.0,0.0,0.0,0.0,0,0
2022-02-10,-0.0031578119328491156,0.25,0.000375,-0.0035328119328491155,0,1
2022-02-11,0.023598604687909273,0.0,0.0,0.023598604687909273,0,1
2022-02-14,0.00042599485939303624,0.0,0.0,0.00042599485939303624,0,1
2022-02-15,-0.036460036427813106,0.0,0.0,-0.036460036427813106,0,1
2022-02-16,0.0,0.25,0.000375,-0.000375,0,0
2022-02-17,0.0,0.0,0.0,0.0,0,0
2022-02-18,0.0,0.0,0.0,0.0,0,0
2022-02-22,0.0,0.0,0.0,0.0,0,0
2022-02-23,0.0,0.0,0.0,0.0,0,0
2022-02-24,0.0,0.0,0.0,0.0,0,0
2022-02-25,-0.008940743947687485,0.25,0.000375,-0.009315743947687485,0,1
2022-02-28,0.015067491206871933,0.0,0.0,0.015067491206871933,0,1
2022-03-01,0.02157755588783621,0.0,0.0,0.02157755588783621,0,1
2022-03-02,-0.0017228932662240728,0.25,0.000375,-0.0020978932662240727,1,1
2022-03-03,0.0077390217712519594,0.25,0.000375,0.007364021771251959,0,1
2022-03-04,0.017349735789741853,0.25,0.000375,0.016974735789741853,0,2
2022-03-07,-0.014047203007231092,0.25,0.000375,-0.014422203007231092,1,2
2022-03-08,-0.011889713402045934,0.5,0.00075,-0.012639713402045935,2,1
2022-03-09,0.019069888788805837,0.25,0.000375,0.018694888788805836,1,1
2022-03-10,-0.0010384999550400445,0.0,0.0,-0.0010384999550400445,1,1
2022-03-11,-0.004709637111129938,0.25,0.000375,-0.005084637111129938,1,0
2022-03-14,0.0,0.25,0.000375,-0.000375,0,0
2022-03-15,0.0,0.0,0.0,0.0,0,0
2022-03-16,-0.028842098714738845,0.25,0.000375,-0.029217098714738845,0,1
2022-03-17,-0.0029697844291506027,0.0,0.0,-0.0029697844291506027,0,1
2022-03-18,-0.00708280388276119,0.0,0.0,-0.00708280388276119,0,1
2022-03-21,0.0,0.25,0.000375,-0.000375,0,0
2022-03-22,0.0,0.0,0.0,0.0,0,0
2022-03-23,0.0,0.0,0.0,0.0,0,0
2022-03-24,0.0,0.0,0.0,0.0,0,0
2022-03-25,0.0,0.0,0.0,0.0,0,0
2022-03-28,0.0,0.0,0.0,0.0,0,0
2022-03-29,0.0,0.0,0.0,0.0,0,0
2022-03-30,0.0,0.0,0.0,0.0,0,0
2022-03-31,0.0,0.0,0.0,0.0,0,0
2022-04-01,0.0,0.0,0.0,0.0,0,0
2022-04-04,0.0,0.0,0.0,0.0,0,0
2022-04-05,0.0,0.0,0.0,0.0,0,0
2022-04-06,-0.014788618636669781,0.5,0.00075,-0.015538618636669782,2,1
2022-04-07,-0.0017356404380899108,0.5,0.00075,-0.0024856404380899106,1,2
2022-04-08,-0.00301797106697055,0.25,0.000375,-0.00339297106697055,1,1
2022-04-11,0.005133901747338144,0.0,0.0,0.005133901747338144,1,1
2022-04-12,-0.00019797763060888868,1.0,0.0015,-0.0016979776306088887,1,2
2022-04-13,0.0,0.5,0.00075,-0.00075,0,0
2022-04-14,0.0024648577251474907,0.5,0.00075,0.0017148577251474906,2,1
2022-04-18,-0.005531635499137204,0.5,0.00075,-0.006281635499137204,1,2
2022-04-19,-0.019114592828661105,0.25,0.000375,-0.019489592828661105,0,2
2022-04-20,-0.0014798479296617292,0.0,0.0,-0.0014798479296617292,0,2
2022-04-21,-0.016062000800755122,0.0,0.0,-0.016062000800755122,0,2
2022-04-22,0.00571452726265354,0.25,0.000375,0.00533952726265354,0,4
2022-04-25,0.0049049968042918215,0.25,0.000375,0.004529996804291821,0,2
2022-04-26,0.0,0.25,0.000375,-0.000375,0,0
2022-04-27,0.0,0.0,0.0,0.0,0,0
2022-04-28,0.0,0.0,0.0,0.0,0,0
2022-04-29,0.0,0.0,0.0,0.0,0,0
2022-05-02,0.0,0.0,0.0,0.0,0,0
2022-05-03,0.0,0.0,0.0,0.0,0,0
2022-05-04,0.0,0.0,0.0,0.0,0,0
2022-05-05,0.0,0.0,0.0,0.0,0,0
2022-05-06,0.0,0.0,0.0,0.0,0,0
2022-05-09,0.0,0.0,0.0,0.0,0,0
2022-05-10,0.0,0.0,0.0,0.0,0,0
2022-05-11,0.0,0.0,0.0,0.0,0,0
2022-05-12,0.0,0.0,0.0,0.0,0,0
2022-05-13,0.0,0.0,0.0,0.0,0,0
2022-05-16,0.003563205208083102,0.5,0.00075,0.002813205208083102,2,1
2022-05-17,0.021863203811256237,0.5,0.00075,0.021113203811256236,1,0
2022-05-18,-0.009850176897441656,0.0,0.0,-0.009850176897441656,1,0
2022-05-19,0.0,0.25,0.000375,-0.000375,0,0
2022-05-20,0.0,0.0,0.0,0.0,0,0
2022-05-23,0.0,0.0,0.0,0.0,0,0
2022-05-24,0.0,0.0,0.0,0.0,0,0
2022-05-25,0.0,0.0,0.0,0.0,0,0
2022-05-26,0.0,0.0,0.0,0.0,0,0
2022-05-27,0.0,0.0,0.0,0.0,0,0
2022-05-31,0.0,0.0,0.0,0.0,0,0
2022-06-01,0.0,0.0,0.0,0.0,0,0
2022-06-02,0.0007662371291643714,0.5,0.00075,1.6237129164371365e-05,1,1
2022-06-03,0.0,0.5,0.00075,-0.00075,0,0
2022-06-06,0.004732189346028182,0.5,0.00075,0.003982189346028182,2,2
2022-06-07,-0.005356964394268385,0.5,0.00075,-0.006106964394268385,1,1
2022-06-08,-0.0215241634451038,0.25,0.000375,-0.0218991634451038,1,0
2022-06-09,-0.01791234668289326,0.0,0.0,-0.01791234668289326,1,0
2022-06-10,-0.017003180194502494,0.0,0.0,-0.017003180194502494,1,0
2022-06-13,0.0,0.25,0.000375,-0.000375,0,0
2022-06-14,0.0,0.0,0.0,0.0,0,0
2022-06-15,0.0,0.0,0.0,0.0,0,0
2022-06-16,0.0,0.0,0.0,0.0,0,0
2022-06-17,0.0,0.0,0.0,0.0,0,0
2022-06-21,-0.0034820961617033496,0.25,0.000375,-0.0038570961617033495,1,0
2022-06-22,-0.0008325566956237078,0.0,0.0,-0.0008325566956237078,1,0
2022-06-23,0.0,0.25,0.000375,-0.000375,0,0
2022-06-24,0.0,0.0,0.0,0.0,0,0
2022-06-27,0.0,0.0,0.0,0.0,0,0
2022-06-28,0.0,0.0,0.0,0.0,0,0
2022-06-29,0.0,0.0,0.0,0.0,0,0
2022-06-30,0.0,0.0,0.0,0.0,0,0
2022-07-01,0.0,0.0,0.0,0.0,0,0
2022-07-05,0.0,0.0,0.0,0.0,0,0
2022-07-06,-0.004570392938902848,0.5,0.00075,-0.005320392938902848,1,1
2022-07-07,0.0004089813441516608,0.25,0.000375,3.398134415166077e-05,1,0
2022-07-08,-0.003007081322798591,0.0,0.0,-0.003007081322798591,1,0
2022-07-11,0.0,0.25,0.000375,-0.000375,0,0
2022-07-12,0.0,0.0,0.0,0.0,0,0
2022-07-13,0.0,0.0,0.0,0.0,0,0
2022-07-14,0.0037733561774399784,0.5,0.00075,0.003023356177439978,1,2
2022-07-15,-0.009006651973119947,0.25,0.000375,-0.009381651973119947,1,1
2022-07-18,-0.004652409594183594,0.25,0.000375,-0.005027409594183595,0,1
2022-07-19,-0.020910727735694145,0.25,0.000375,-0.021285727735694145,0,2
2022-07-20,-0.003819619783051014,0.25,0.000375,-0.004194619783051014,0,1
2022-07-21,0.0,0.25,0.000375,-0.000375,0,0
2022-07-22,-0.0072138778287749675,0.5,0.00075,-0.007963877828774968,2,2
2022-07-25,-0.007282735088983058,0.5,0.00075,-0.008032735088983058,1,1
2022-07-26,-0.0043848888497306625,0.0,0.0,-0.0043848888497306625,1,1
2022-07-27,0.0,0.5,0.00075,-0.00075,0,0
2022-07-28,0.0,0.0,0.0,0.0,0,0
2022-07-29,-0.0023301351333113356,0.5,0.00075,-0.0030801351333113354,2,1
2022-08-01,0.009994458222161525,0.5,0.00075,0.009244458222161524,1,0
2022-08-02,0.0,0.25,0.000375,-0.000375,0,0
2022-08-03,0.0,0.0,0.0,0.0,0,0
2022-08-04,0.0,0.0,0.0,0.0,0,0
2022-08-05,0.0,0.0,0.0,0.0,0,0
2022-08-08,0.0,0.0,0.0,0.0,0,0
2022-08-09,0.0,0.0,0.0,0.0,0,0
2022-08-10,0.0,0.0,0.0,0.0,0,0
2022-08-11,0.0,0.0,0.0,0.0,0,0
2022-08-12,0.0,0.0,0.0,0.0,0,0
2022-08-15,0.0,0.0,0.0,0.0,0,0
2022-08-16,0.0,0.0,0.0,0.0,0,0
2022-08-17,0.0,0.0,0.0,0.0,0,0
2022-08-18,0.0,0.0,0.0,0.0,0,0
2022-08-19,0.0,0.0,0.0,0.0,0,0
2022-08-22,0.0,0.0,0.0,0.0,0,0
2022-08-23,0.0,0.0,0.0,0.0,0,0
2022-08-24,0.0,0.0,0.0,0.0,0,0
2022-08-25,0.0,0.0,0.0,0.0,0,0
2022-08-26,0.0,0.0,0.0,0.0,0,0
2022-08-29,0.0,0.0,0.0,0.0,0,0
2022-08-30,-0.004862788279753357,0.25,0.000375,-0.005237788279753357,1,0
2022-08-31,-0.010352343066773658,0.0,0.0,-0.010352343066773658,1,0
2022-09-01,0.0,0.25,0.000375,-0.000375,0,0
2022-09-02,0.0,0.0,0.0,0.0,0,0
2022-09-06,0.0,0.0,0.0,0.0,0,0
2022-09-07,-0.026875271960677398,0.25,0.000375,-0.027250271960677398,0,1
2022-09-08,-0.0036138850620473974,0.0,0.0,-0.0036138850620473974,0,1
2022-09-09,0.0,0.25,0.000375,-0.000375,0,0
2022-09-12,0.0,0.0,0.0,0.0,0,0
2022-09-13,0.009500157145089203,0.5,0.00075,0.008750157145089203,1,1
2022-09-14,-0.004234534824682085,0.0,0.0,-0.004234534824682085,1,1
2022-09-15,-0.003250350717056563,0.75,0.0011250000000000001,-0.0043753507170565635,2,1
2022-09-16,0.0035976661810927877,0.0,0.0,0.0035976661810927877,2,1
2022-09-19,0.00216643470955789,0.25,0.000375,0.00179143470955789,1,1
2022-09-20,0.0,0.5,0.00075,-0.00075,0,0
2022-09-21,0.0,0.0,0.0,0.0,0,0
2022-09-22,0.0,0.0,0.0,0.0,0,0
2022-09-23,0.0,0.0,0.0,0.0,0,0
2022-09-26,0.0,0.0,0.0,0.0,0,0
2022-09-27,-0.008103717728121712,0.5,0.00075,-0.008853717728121713,1,1
2022-09-28,0.008327283700800558,0.0,0.0,0.008327283700800558,1,1
2022-09-29,0.0025038930564165018,0.0,0.0,0.0025038930564165018,1,1
2022-09-30,0.0015060237749426341,0.25,0.000375,0.001131023774942634,0,1
2022-10-03,-0.0007535609609533887,0.0,0.0,-0.0007535609609533887,0,1
2022-10-04,0.0016494345343700187,0.25,0.000375,0.0012744345343700188,1,1
2022-10-05,0.00017328183246627274,0.25,0.000375,-0.00020171816753372727,1,2
2022-10-06,-0.0071044730551455,0.25,0.000375,-0.0074794730551455005,1,1
2022-10-07,0.020499497705632655,0.25,0.000375,0.020124497705632655,0,1
2022-10-10,-0.0005101471260799358,0.0,0.0,-0.0005101471260799358,0,1
2022-10-11,0.0,0.25,0.000375,-0.000375,0,0
2022-10-12,-0.017630014634497867,0.25,0.000375,-0.018005014634497867,0,1
2022-10-13,-0.013593084969174137,0.0,0.0,-0.013593084969174137,0,1
2022-10-14,-0.00229356160167724,0.0,0.0,-0.00229356160167724,0,1
2022-10-17,0.0,0.25,0.000375,-0.000375,0,0
2022-10-18,0.0,0.0,0.0,0.0,0,0
2022-10-19,0.0,0.0,0.0,0.0,0,0
2022-10-20,-0.02143752547801366,0.5,0.00075,-0.02218752547801366,1,2
2022-10-21,0.0031456916910197847,0.16666666666666669,0.00025000000000000006,0.0028956916910197845,1,3
2022-10-24,0.0012898763396558786,0.3333333333333333,0.0005,0.0007898763396558786,1,1
2022-10-25,0.009652561664218073,0.25,0.000375,0.009277561664218073,1,0
2022-10-26,0.0,0.25,0.000375,-0.000375,0,0
2022-10-27,0.0,0.0,0.0,0.0,0,0
2022-10-28,-0.013144060233238174,0.25,0.000375,-0.013519060233238175,0,1
2022-10-31,0.0,0.25,0.000375,-0.000375,0,0
2022-11-01,0.0024744005463489802,0.25,0.000375,0.0020994005463489803,0,1
2022-11-02,0.01914281251020417,0.0,0.0,0.01914281251020417,0,1
2022-11-03,-0.005492534963520697,0.0,0.0,-0.005492534963520697,0,1
2022-11-04,-0.013650277546683413,0.0,0.0,-0.013650277546683413,0,1
2022-11-07,-0.007386699344246924,0.0,0.0,-0.007386699344246924,0,1
2022-11-08,0.0,0.25,0.000375,-0.000375,0,0
2022-11-09,0.0,0.0,0.0,0.0,0,0
2022-11-10,0.0,0.0,0.0,0.0,0,0
2022-11-11,0.0,0.0,0.0,0.0,0,0
2022-11-14,0.0,0.0,0.0,0.0,0,0
2022-11-15,0.0,0.0,0.0,0.0,0,0
2022-11-16,0.0,0.0,0.0,0.0,0,0
2022-11-17,0.0,0.0,0.0,0.0,0,0
2022-11-18,0.0,0.0,0.0,0.0,0,0
2022-11-21,0.0,0.0,0.0,0.0,0,0
2022-11-22,0.0,0.0,0.0,0.0,0,0
2022-11-23,0.0,0.0,0.0,0.0,0,0
2022-11-25,0.0,0.0,0.0,0.0,0,0
2022-11-28,0.0,0.0,0.0,0.0,0,0
2022-11-29,0.0,0.0,0.0,0.0,0,0
2022-11-30,0.0,0.0,0.0,0.0,0,0
2022-12-01,0.0,0.0,0.0,0.0,0,0
2022-12-02,0.0012578610914868013,0.25,0.000375,0.0008828610914868013,0,1
2022-12-05,0.0,0.25,0.000375,-0.000375,0,0
2022-12-06,0.0,0.0,0.0,0.0,0,0
2022-12-07,0.0,0.0,0.0,0.0,0,0
2022-12-08,0.0,0.0,0.0,0.0,0,0
2022-12-09,0.0022991863639469537,0.5,0.00075,0.0015491863639469537,2,1
2022-12-12,-0.010416535349754405,0.25,0.000375,-0.010791535349754406,1,1
2022-12-13,-0.009199989861625884,0.0,0.0,-0.009199989861625884,1,1
2022-12-14,-0.004146289587856287,0.5,0.00075,-0.004896289587856287,2,0
2022-12-15,-0.0040190822074604345,0.5,0.00075,-0.004769082207460434,1,1
2022-12-16,-0.0015588338502985312,0.25,0.000375,-0.001933833850298531,1,0
2022-12-19,-0.005889359593225408,0.0,0.0,-0.005889359593225408,1,0
2022-12-20,0.0,0.25,0.000375,-0.000375,0,0
2022-12-21,0.0,0.0,0.0,0.0,0,0
2022-12-22,0.0,0.0,0.0,0.0,0,0
2022-12-23,0.0,0.0,0.0,0.0,0,0
2022-12-27,0.0,0.0,0.0,0.0,0,0
2022-12-28,-0.011352787893197762,0.5,0.00075,-0.012102787893197763,1,1
2022-12-29,-0.0024218318748907737,0.0,0.0,-0.0024218318748907737,1,1
2022-12-30,0.0,0.5,0.00075,-0.00075,0,0
2023-01-03,0.0,0.0,0.0,0.0,0,0
2023-01-04,0.0,0.0,0.0,0.0,0,0
2023-01-05,0.0,0.0,0.0,0.0,0,0
2023-01-06,0.0,0.0,0.0,0.0,0,0
2023-01-09,0.0,0.0,0.0,0.0,0,0
2023-01-10,0.0,0.0,0.0,0.0,0,0
2023-01-11,0.0,0.0,0.0,0.0,0,0
2023-01-12,-0.03627486848300834,0.25,0.000375,-0.036649868483008344,0,1
2023-01-13,-0.022503243308037303,0.5,0.00075,-0.023253243308037304,1,2
2023-01-17,0.002092577735384997,0.0,0.0,0.002092577735384997,1,2
2023-01-18,0.023390234312591757,0.5,0.00075,0.022640234312591757,0,1
2023-01-19,-0.004648626842509004,0.75,0.0011250000000000001,-0.005773626842509004,1,1
2023-01-20,0.0023541091988368776,0.0,0.0,0.0023541091988368776,1,1
2023-01-23,-0.0018229745641537708,0.25,0.000375,-0.0021979745641537707,1,0
2023-01-24,0.0,0.25,0.000375,-0.000375,0,0
2023-01-25,0.0,0.0,0.0,0.0,0,0
2023-01-26,-0.003579935646735344,0.25,0.000375,-0.003954935646735344,1,0
2023-01-27,-0.015311086026521297,0.25,0.000375,-0.015686086026521297,2,0
2023-01-30,-0.00758547341588112,0.25,0.000375,-0.00796047341588112,1,0
2023-01-31,0.0,0.25,0.000375,-0.000375,0,0
2023-02-01,0.0,0.0,0.0,0.0,0,0
2023-02-02,0.0,0.0,0.0,0.0,0,0
2023-02-03,0.011051885310267233,0.49999999999999994,0.0007499999999999999,0.010301885310267232,1,3
2023-02-06,0.003259978652127447,0.4166666666666667,0.000625,0.0026349786521274467,0,2
2023-02-07,-0.0023542658637472676,0.25,0.000375,-0.0027292658637472675,0,1
2023-02-08,0.012449931375095449,0.0,0.0,0.012449931375095449,0,1
2023-02-09,0.0064149874495245535,0.0,0.0,0.0064149874495245535,0,1
2023-02-10,0.0,0.25,0.000375,-0.000375,0,0
2023-02-13,0.0,0.0,0.0,0.0,0,0
2023-02-14,0.0,0.0,0.0,0.0,0,0
2023-02-15,0.0,0.0,0.0,0.0,0,0
2023-02-16,0.0,0.0,0.0,0.0,0,0
2023-02-17,0.0,0.0,0.0,0.0,0,0
2023-02-21,0.0,0.0,0.0,0.0,0,0
2023-02-22,0.0,0.0,0.0,0.0,0,0
2023-02-23,0.0,0.0,0.0,0.0,0,0
2023-02-24,0.0,0.0,0.0,0.0,0,0
2023-02-27,0.0,0.0,0.0,0.0,0,0
2023-02-28,0.0,0.0,0.0,0.0,0,0
2023-03-01,0.0,0.0,0.0,0.0,0,0
2023-03-02,0.0,0.0,0.0,0.0,0,0
2023-03-03,0.0,0.0,0.0,0.0,0,0
2023-03-06,0.0,0.0,0.0,0.0,0,0
2023-03-07,0.0,0.0,0.0,0.0,0,0
2023-03-08,0.006980372458891218,0.25,0.000375,0.0066053724588912175,1,0
2023-03-09,-0.02186982518716943,0.0,0.0,-0.02186982518716943,1,0
2023-03-10,0.0,0.25,0.000375,-0.000375,0,0
2023-03-13,0.0052654339014724695,0.5,0.00075,0.00451543390147247,1,1
2023-03-14,-0.002951330476170217,0.25,0.000375,-0.0033263304761702167,1,0
2023-03-15,-0.002422955017104005,0.75,0.0011250000000000001,-0.003547955017104005,2,3
2023-03-16,-0.0021218982060181614,0.8333333333333334,0.00125,-0.0033718982060181616,1,1
2023-03-17,-0.0062677175557002305,0.0,0.0,-0.0062677175557002305,1,1
2023-03-20,0.0034390251060454954,0.0,0.0,0.0034390251060454954,1,1
2023-03-21,0.011189521171382368,0.25,0.000375,0.010814521171382367,1,0
2023-03-22,0.0,0.25,0.000375,-0.000375,0,0
2023-03-23,0.0,0.0,0.0,0.0,0,0
2023-03-24,0.0,0.0,0.0,0.0,0,0
2023-03-27,0.0,0.0,0.0,0.0,0,0
2023-03-28,0.0,0.0,0.0,0.0,0,0
2023-03-29,0.0,0.0,0.0,0.0,0,0
2023-03-30,0.0,0.0,0.0,0.0,0,0
2023-03-31,0.0,0.0,0.0,0.0,0,0
2023-04-03,0.0,0.0,0.0,0.0,0,0
2023-04-04,0.0019006343492481309,0.5,0.00075,0.0011506343492481308,1,1
2023-04-05,0.00023832766527160472,0.25,0.000375,-0.0001366723347283953,0,1
2023-04-06,-0.0010715583430942956,0.0,0.0,-0.0010715583430942956,0,1
2023-04-10,0.0,0.25,0.000375,-0.000375,0,0
2023-04-11,0.0,0.0,0.0,0.0,0,0
2023-04-12,0.0,0.0,0.0,0.0,0,0
2023-04-13,0.0015605218044634948,0.5,0.00075,0.0008105218044634948,2,2
2023-04-14,-0.001185515566072673,0.5,0.00075,-0.001935515566072673,0,2
2023-04-17,-0.011995957373885627,0.25,0.000375,-0.012370957373885627,0,1
2023-04-18,0.0,0.25,0.000375,-0.000375,0,0
2023-04-19,0.0,0.0,0.0,0.0,0,0
2023-04-20,0.01513938680749319,0.25,0.000375,0.01476438680749319,0,1
2023-04-21,0.0,0.25,0.000375,-0.000375,0,0
2023-04-24,0.0,0.0,0.0,0.0,0,0
2023-04-25,0.0,0.0,0.0,0.0,0,0
2023-04-26,0.0,0.0,0.0,0.0,0,0
2023-04-27,0.0,0.0,0.0,0.0,0,0
2023-04-28,-0.0066713828131554085,0.5,0.00075,-0.007421382813155408,1,1
2023-05-01,0.0035584081539172426,0.25,0.000375,0.0031834081539172427,1,2
2023-05-02,-0.010002634850182376,0.0,0.0,-0.010002634850182376,1,2
2023-05-03,0.014359231944039989,0.0,0.0,0.014359231944039989,1,2
2023-05-04,-0.010109101179229531,0.0,0.0,-0.010109101179229531,1,2
2023-05-05,-0.014534658062849624,0.25,0.000375,-0.014909658062849624,0,2
2023-05-08,-0.010453900626017186,0.0,0.0,-0.010453900626017186,0,2
2023-05-09,0.00022293777648204607,0.0,0.0,0.00022293777648204607,0,2
2023-05-10,0.0,0.25,0.000375,-0.000375,0,0
2023-05-11,0.0,0.0,0.0,0.0,0,0
2023-05-12,0.0,0.0,0.0,0.0,0,0
2023-05-15,0.0,0.0,0.0,0.0,0,0
2023-05-16,0.0,0.0,0.0,0.0,0,0
2023-05-17,0.0,0.0,0.0,0.0,0,0
2023-05-18,0.0,0.0,0.0,0.0,0,0
2023-05-19,0.0,0.0,0.0,0.0,0,0
2023-05-22,0.0,0.0,0.0,0.0,0,0
2023-05-23,0.0,0.0,0.0,0.0,0,0
2023-05-24,0.0,0.0,0.0,0.0,0,0
2023-05-25,0.0,0.0,0.0,0.0,0,0
2023-05-26,0.0,0.0,0.0,0.0,0,0
2023-05-30,0.0,0.0,0.0,0.0,0,0
2023-05-31,0.0,0.0,0.0,0.0,0,0
2023-06-01,0.0,0.0,0.0,0.0,0,0
2023-06-02,0.016223084648887134,0.25,0.000375,0.015848084648887133,1,0
2023-06-05,0.012959943048764057,0.25,0.000375,0.012584943048764057,1,1
2023-06-06,-0.02275743133402833,0.0,0.0,-0.02275743133402833,1,1
2023-06-07,0.005188691490515295,0.0,0.0,0.005188691490515295,1,1
2023-06-08,0.0,0.25,0.000375,-0.000375,0,1
2023-06-09,0.0,0.25,0.000375,-0.000375,0,0
2023-06-12,0.0,0.0,0.0,0.0,0,0
2023-06-13,0.0,0.0,0.0,0.0,0,0
2023-06-14,0.0,0.0,0.0,0.0,0,0
2023-06-15,-0.006914678256790486,0.5,0.00075,-0.007664678256790486,1,1
2023-06-16,0.0007939463527091749,0.25,0.000375,0.0004189463527091749,1,0
2023-06-20,0.0,0.25,0.000375,-0.000375,0,0
2023-06-21,0.0,0.0,0.0,0.0,0,0
2023-06-22,0.0,0.0,0.0,0.0,0,0
2023-06-23,0.0,0.0,0.0,0.0,0,0
2023-06-26,0.0,0.0,0.0,0.0,0,0
2023-06-27,0.0,0.0,0.0,0.0,0,0
2023-06-28,-0.006680970623360281,0.25,0.000375,-0.007055970623360282,0,1
2023-06-29,0.0,0.25,0.000375,-0.000375,0,0
2023-06-30,0.0010236872724475252,0.5,0.00075,0.00027368727244752515,1,1
2023-07-03,0.0,0.5,0.00075,-0.00075,0,0
2023-07-05,0.0,0.0,0.0,0.0,0,0
2023-07-06,0.0,0.0,0.0,0.0,0,0
2023-07-07,0.0,0.0,0.0,0.0,0,0
2023-07-10,0.0,0.0,0.0,0.0,0,0
2023-07-11,-0.0070606314026057816,0.25,0.000375,-0.007435631402605782,0,1
2023-07-12,0.00311581590889537,0.0,0.0,0.00311581590889537,0,1
2023-07-13,0.014956263266276392,0.0,0.0,0.014956263266276392,0,1
2023-07-14,0.018558827053847607,0.0,0.0,0.018558827053847607,0,1
2023-07-17,0.0019135190027559233,0.0,0.0,0.0019135190027559233,0,1
2023-07-18,0.0,0.25,0.000375,-0.000375,0,0
2023-07-19,0.0,0.0,0.0,0.0,0,0
2023-07-20,0.0,0.0,0.0,0.0,0,0
2023-07-21,-0.009682421838898924,0.5,0.00075,-0.010432421838898925,1,1
2023-07-24,0.013636802052692229,0.25,0.000375,0.013261802052692229,0,1
2023-07-25,0.02896683307750675,0.5,0.00075,0.028216833077506748,0,1
2023-07-26,0.0017701259781463812,0.25,0.000375,0.0013951259781463813,1,1
2023-07-27,0.02644627881720216,0.5,0.00075,0.02569627881720216,0,2
2023-07-28,0.0005455609231864913,0.5,0.00075,-0.00020443907681350873,1,1
2023-07-31,0.0,0.5,0.00075,-0.00075,0,0
2023-08-01,0.0,0.0,0.0,0.0,0,0
2023-08-02,0.0,0.0,0.0,0.0,0,0
2023-08-03,0.0,0.0,0.0,0.0,0,0
2023-08-04,0.0,0.0,0.0,0.0,0,0
2023-08-07,0.0,0.0,0.0,0.0,0,0
2023-08-08,0.0,0.0,0.0,0.0,0,0
2023-08-09,0.0,0.0,0.0,0.0,0,0
2023-08-10,0.0,0.0,0.0,0.0,0,0
2023-08-11,0.0,0.0,0.0,0.0,0,0
2023-08-14,0.0,0.0,0.0,0.0,0,0
2023-08-15,0.0,0.0,0.0,0.0,0,0
2023-08-16,0.0,0.0,0.0,0.0,0,0
2023-08-17,0.0,0.0,0.0,0.0,0,0
2023-08-18,-0.0003323439414858208,0.25,0.000375,-0.0007073439414858208,1,0
2023-08-21,0.003973527081867725,0.0,0.0,0.003973527081867725,1,0
2023-08-22,0.0,0.25,0.000375,-0.000375,0,0
2023-08-23,-0.0016886267760594228,0.25,0.000375,-0.0020636267760594227,1,0
2023-08-24,-0.007155149095764973,0.0,0.0,-0.007155149095764973,1,0
2023-08-25,0.0,0.25,0.000375,-0.000375,0,0
2023-08-28,0.0,0.0,0.0,0.0,0,0
2023-08-29,0.0,0.0,0.0,0.0,0,0
2023-08-30,0.006206884472071869,0.25,0.000375,0.005831884472071868,0,1
2023-08-31,0.004064620498708692,0.0,0.0,0.004064620498708692,0,1
2023-09-01,0.00023338599430733012,0.0,0.0,0.00023338599430733012,0,1
2023-09-05,0.0,0.25,0.000375,-0.000375,0,0
2023-09-06,0.0,0.0,0.0,0.0,0,0
2023-09-07,-0.006090414390334691,0.5,0.00075,-0.006840414390334691,2,1
2023-09-08,0.002630584542801306,0.25,0.000375,0.0022555845428013062,0,1
2023-09-11,0.0,0.25,0.000375,-0.000375,0,0
2023-09-12,0.0,0.0,0.0,0.0,0,0
2023-09-13,0.0,0.0,0.0,0.0,0,0
2023-09-14,0.0003581945048702253,0.25,0.000375,-1.680549512977469e-05,2,0
2023-09-15,0.012792832733021021,0.25,0.000375,0.01241783273302102,1,0
2023-09-18,0.010379851177859953,0.5,0.00075,0.009629851177859952,0,1
2023-09-19,0.0,0.25,0.000375,-0.000375,0,0
2023-09-20,0.0,0.0,0.0,0.0,0,0
2023-09-21,0.0,0.0,0.0,0.0,0,0
2023-09-22,0.0,0.0,0.0,0.0,0,0
2023-09-25,0.0,0.0,0.0,0.0,0,0
2023-09-26,0.0,0.0,0.0,0.0,0,0
2023-09-27,0.007321844870519712,0.25,0.000375,0.006946844870519712,0,1
2023-09-28,-0.0033199386082003383,0.0,0.0,-0.0033199386082003383,0,1
2023-09-29,0.00011821458698625556,0.0,0.0,0.00011821458698625556,0,1
2023-10-02,0.008103136356929578,0.0,0.0,0.008103136356929578,0,1
2023-10-03,0.0,0.25,0.000375,-0.000375,0,0
2023-10-04,0.0,0.0,0.0,0.0,0,0
2023-10-05,-0.006266629228859441,0.25,0.000375,-0.006641629228859441,1,0
2023-10-06,-0.008622130407379521,0.0,0.0,-0.008622130407379521,1,0
2023-10-09,0.013490200072994962,0.25,0.000375,0.013115200072994961,1,3
2023-10-10,-0.0011136766259583547,0.0,0.0,-0.0011136766259583547,1,3
2023-10-11,-0.0068827934025570865,0.25,0.000375,-0.007257793402557087,0,3
2023-10-12,0.016510814514003852,0.16666666666666669,0.00025000000000000006,0.016260814514003852,0,2
2023-10-13,0.005549467562941084,0.25,0.000375,0.005174467562941084,0,1
2023-10-16,0.0,0.25,0.000375,-0.000375,0,0
2023-10-17,-0.00218184383859461,0.25,0.000375,-0.00255684383859461,0,1
2023-10-18,0.0,0.25,0.000375,-0.000375,0,0
2023-10-19,0.003624336629934293,0.5,0.00075,0.002874336629934293,1,1
2023-10-20,0.007391533692472954,0.25,0.000375,0.007016533692472953,0,1
2023-10-23,0.002956224955853261,0.0,0.0,0.002956224955853261,0,1
2023-10-24,0.00031220560994767605,0.0,0.0,0.00031220560994767605,0,1
2023-10-25,0.009617222191027511,0.0,0.0,0.009617222191027511,0,1
2023-10-26,-0.003015465024765619,0.0,0.0,-0.003015465024765619,0,1
2023-10-27,0.0,0.25,0.000375,-0.000375,0,0
2023-10-30,0.0,0.0,0.0,0.0,0,0
2023-10-31,0.0,0.0,0.0,0.0,0,0
2023-11-01,0.0,0.0,0.0,0.0,0,0
2023-11-02,0.0,0.0,0.0,0.0,0,0
2023-11-03,0.0,0.0,0.0,0.0,0,0
2023-11-06,0.0,0.0,0.0,0.0,0,0
2023-11-07,0.0,0.0,0.0,0.0,0,0
2023-11-08,0.0,0.0,0.0,0.0,0,0
2023-11-09,0.0,0.0,0.0,0.0,0,0
2023-11-10,0.0,0.0,0.0,0.0,0,0
2023-11-13,0.0,0.0,0.0,0.0,0,0
2023-11-14,0.0,0.0,0.0,0.0,0,0
2023-11-15,0.0,0.0,0.0,0.0,0,0
2023-11-16,0.0,0.0,0.0,0.0,0,0
2023-11-17,0.0,0.0,0.0,0.0,0,0
2023-11-20,0.0,0.0,0.0,0.0,0,0
2023-11-21,0.0,0.0,0.0,0.0,0,0
2023-11-22,0.0,0.0,0.0,0.0,0,0
2023-11-23,0.0,0.0,0.0,0.0,0,0
2023-11-24,0.0,0.0,0.0,0.0,0,0
2023-11-27,0.0,0.0,0.0,0.0,0,0
2023-11-28,0.0,0.0,0.0,0.0,0,0
2023-11-29,0.0,0.0,0.0,0.0,0,0
2023-11-30,0.0,0.0,0.0,0.0,0,0
2023-12-01,0.0,0.0,0.0,0.0,0,0
2023-12-04,0.00030812491267321294,0.5,0.00075,-0.00044187508732678707,2,1
2023-12-05,0.008120923648411443,0.5833333333333333,0.0008749999999999999,0.007245923648411443,2,3
2023-12-06,-0.006359010203788554,0.25,0.000375,-0.006734010203788554,1,3
2023-12-07,0.04793544017327378,0.16666666666666669,0.00025000000000000006,0.04768544017327378,1,2
2023-12-08,-0.0036832545121627236,0.25,0.000375,-0.0040582545121627235,1,0
2023-12-11,0.0,0.25,0.000375,-0.000375,0,0
2023-12-12,0.014653049214109171,0.25,0.000375,0.01427804921410917,1,0
2023-12-13,0.006278124730253258,0.0,0.0,0.006278124730253258,1,0
2023-12-14,-0.006738092318217211,0.75,0.0011250000000000001,-0.007863092318217212,1,2
2023-12-15,-0.008747097055780695,0.0,0.0,-0.008747097055780695,1,2
2023-12-18,0.007473700492390019,0.0,0.0,0.007473700492390019,1,2
2023-12-19,0.0014599966796499664,0.25,0.000375,0.0010849966796499665,1,1
2023-12-20,0.003321149897365377,0.0,0.0,0.003321149897365377,1,1
2023-12-21,0.0,0.5,0.00075,-0.00075,0,0
2023-12-22,0.0,0.0,0.0,0.0,0,0
2023-12-26,0.0,0.0,0.0,0.0,0,0
2023-12-27,0.0,0.0,0.0,0.0,0,0
2023-12-28,0.0,0.0,0.0,0.0,0,0
2023-12-29,0.0,0.0,0.0,0.0,0,0
2024-01-02,0.0,0.0,0.0,0.0,0,0
2024-01-03,0.021597013793823776,0.25,0.000375,0.021222013793823775,0,1
2024-01-04,-0.005902188706475247,0.0,0.0,-0.005902188706475247,0,1
2024-01-05,-0.01680612851478864,0.0,0.0,-0.01680612851478864,0,1
2024-01-08,0.0,0.25,0.000375,-0.000375,0,0
2024-01-09,0.0069061805482456785,0.25,0.000375,0.006531180548245678,0,1
2024-01-10,-0.003120782769892363,0.25,0.000375,-0.0034957827698923628,1,1
2024-01-11,-0.009238505448349922,0.0,0.0,-0.009238505448349922,1,1
2024-01-12,0.024453997386720168,0.0,0.0,0.024453997386720168,1,1
2024-01-16,-0.01170812497472814,0.25,0.000375,-0.01208312497472814,1,2
2024-01-17,-0.001952679579544361,0.25,0.000375,-0.002327679579544361,1,1
2024-01-18,0.0,0.5,0.00075,-0.00075,0,0
2024-01-19,-0.008361831994213616,0.25,0.000375,-0.008736831994213616,2,0
2024-01-22,0.0010010242693887143,0.25,0.000375,0.0006260242693887143,1,0
2024-01-23,0.0,0.25,0.000375,-0.000375,0,0
2024-01-24,0.0,0.0,0.0,0.0,0,0
2024-01-25,0.0,0.0,0.0,0.0,0,0
2024-01-26,-0.00535238380793653,0.49999999999999994,0.0007499999999999999,-0.00610238380793653,1,3
2024-01-29,0.004709954107156833,0.33333333333333337,0.0005000000000000001,0.004209954107156832,1,1
2024-01-30,0.0,0.5,0.00075,-0.00075,0,0
2024-01-31,0.0,0.0,0.0,0.0,0,0
2024-02-01,0.0,0.0,0.0,0.0,0,0
2024-02-02,0.0,0.0,0.0,0.0,0,0
2024-02-05,0.0,0.0,0.0,0.0,0,0
2024-02-06,0.0,0.0,0.0,0.0,0,0
2024-02-07,0.0,0.0,0.0,0.0,0,0
2024-02-08,0.0,0.0,0.0,0.0,0,0
2024-02-09,0.01057622847145287,0.25,0.000375,0.01020122847145287,2,0
2024-02-12,0.01082474517203594,0.25,0.000375,0.01044974517203594,1,0
2024-02-13,0.0,0.25,0.000375,-0.000375,0,0
2024-02-14,0.0,0.0,0.0,0.0,0,0
2024-02-15,0.0,0.0,0.0,0.0,0,0
2024-02-16,0.0,0.0,0.0,0.0,0,0
2024-02-20,0.0,0.0,0.0,0.0,0,0
2024-02-21,-0.006742190650015114,0.25,0.000375,-0.0071171906500151145,0,1
2024-02-22,0.0,0.25,0.000375,-0.000375,0,0
2024-02-23,0.0,0.0,0.0,0.0,0,0
2024-02-26,0.0,0.0,0.0,0.0,0,0
2024-02-27,0.0,0.0,0.0,0.0,0,0
2024-02-28,0.0,0.0,0.0,0.0,0,0
2024-02-29,0.0,0.0,0.0,0.0,0,0
2024-03-01,0.0,0.0,0.0,0.0,0,0
2024-03-04,0.0,0.0,0.0,0.0,0,0
2024-03-05,-0.0047490296287371605,0.25,0.000375,-0.005124029628737161,1,0
2024-03-06,0.0,0.25,0.000375,-0.000375,0,0
2024-03-07,0.004310367535242863,0.25,0.000375,0.0039353675352428626,1,0
2024-03-08,0.0,0.25,0.000375,-0.000375,0,0
2024-03-11,0.0,0.0,0.0,0.0,0,0
2024-03-12,-0.016455348193295565,0.25,0.000375,-0.016830348193295566,0,1
2024-03-13,-0.015000302843475399,0.5,0.00075,-0.015750302843475398,2,2
2024-03-14,0.0094165048458956,0.5,0.00075,0.008666504845895599,1,1
2024-03-15,-0.0017695129291365663,0.0,0.0,-0.0017695129291365663,1,1
2024-03-18,-0.0036969161523511037,0.25,0.000375,-0.004071916152351104,0,1
2024-03-19,0.0,0.25,0.000375,-0.000375,0,0
2024-03-20,0.0,0.0,0.0,0.0,0,0
2024-03-21,0.0,0.0,0.0,0.0,0,0
2024-03-22,0.0,0.0,0.0,0.0,0,0
2024-03-25,0.0,0.0,0.0,0.0,0,0
2024-03-26,0.005868728583166709,0.25,0.000375,0.005493728583166708,1,0
2024-03-27,0.0,0.25,0.000375,-0.000375,0,0
2024-03-28,0.0,0.0,0.0,0.0,0,0
2024-04-01,0.0,0.0,0.0,0.0,0,0
2024-04-02,0.0,0.0,0.0,0.0,0,0
2024-04-03,0.0,0.0,0.0,0.0,0,0
2024-04-04,0.0,0.0,0.0,0.0,0,0
2024-04-05,0.0,0.0,0.0,0.0,0,0
2024-04-08,0.0,0.0,0.0,0.0,0,0
2024-04-09,0.0,0.0,0.0,0.0,0,0
2024-04-10,0.0,0.0,0.0,0.0,0,0
2024-04-11,0.0,0.0,0.0,0.0,0,0
2024-04-12,0.008149076782876711,0.25,0.000375,0.007774076782876711,0,1
2024-04-15,0.0,0.25,0.000375,-0.000375,0,0
2024-04-16,0.0,0.0,0.0,0.0,0,0
2024-04-17,0.0,0.0,0.0,0.0,0,0
2024-04-18,-0.021162409477760963,0.5,0.00075,-0.021912409477760963,2,2
2024-04-19,0.0014652126746341238,0.0,0.0,0.0014652126746341238,2,2
2024-04-22,0.015012985531710335,0.5,0.00075,0.014262985531710334,1,0
2024-04-23,0.002137403274792378,0.0,0.0,0.002137403274792378,1,0
2024-04-24,-0.01327643620064655,0.0,0.0,-0.01327643620064655,1,0
2024-04-25,0.01983490083193731,0.0,0.0,0.01983490083193731,1,0
2024-04-26,-0.0011888215020774092,0.75,0.0011250000000000001,-0.0023138215020774094,2,2
2024-04-29,0.0014764470608130725,0.5,0.00075,0.0007264470608130725,1,0
2024-04-30,0.0,0.25,0.000375,-0.000375,0,0
2024-05-01,0.0,0.0,0.0,0.0,0,0
2024-05-02,0.0,0.0,0.0,0.0,0,0
2024-05-03,0.0,0.0,0.0,0.0,0,0
2024-05-06,0.0,0.0,0.0,0.0,0,0
2024-05-07,0.0,0.0,0.0,0.0,0,0
2024-05-08,0.0,0.0,0.0,0.0,0,0
2024-05-09,0.0,0.0,0.0,0.0,0,0
2024-05-10,0.0,0.0,0.0,0.0,0,0
2024-05-13,0.0,0.0,0.0,0.0,0,0
2024-05-14,0.0,0.0,0.0,0.0,0,0
2024-05-15,0.0,0.0,0.0,0.0,0,0
2024-05-16,0.0,0.0,0.0,0.0,0,0
2024-05-17,0.0,0.0,0.0,0.0,0,0
2024-05-20,0.0,0.0,0.0,0.0,0,0
2024-05-21,-0.01317340739134461,0.5,0.00075,-0.01392340739134461,1,1
2024-05-22,0.009591440347351977,0.0,0.0,0.009591440347351977,1,1
2024-05-23,-0.014085466866511992,0.25,0.000375,-0.014460466866511992,1,0
2024-05-24,-0.004730113499781608,0.25,0.000375,-0.005105113499781608,2,0
2024-05-28,-0.011369498120265059,0.25,0.000375,-0.011744498120265059,1,0
2024-05-29,-0.0037932115995294243,0.5,0.00075,-0.0045432115995294245,1,0
2024-05-30,-0.00958924556134852,0.49999999999999994,0.0007499999999999999,-0.01033924556134852,2,3
2024-05-31,-0.013463179012446879,0.16666666666666669,0.00025000000000000006,-0.01371317901244688,2,2
2024-06-03,-0.01606723862658645,0.25,0.000375,-0.01644223862658645,2,1
2024-06-04,-0.0019822987764777753,0.25,0.000375,-0.002357298776477775,0,1
2024-06-05,0.0,0.25,0.000375,-0.000375,0,0
2024-06-06,0.0,0.0,0.0,0.0,0,0
2024-06-07,0.0,0.0,0.0,0.0,0,0
2024-06-10,0.0,0.0,0.0,0.0,0,0
2024-06-11,0.017728842690070273,0.5,0.00075,0.016978842690070273,1,1
2024-06-12,-0.006903898556344514,0.25,0.000375,-0.0072788985563445145,0,1
2024-06-13,0.0005276355524033442,0.0,0.0,0.0005276355524033442,0,1
2024-06-14,0.0,0.25,0.000375,-0.000375,0,0
2024-06-17,0.0,0.0,0.0,0.0,0,0
2024-06-18,0.0,0.0,0.0,0.0,0,0
2024-06-20,0.0,0.0,0.0,0.0,0,0
2024-06-21,0.0,0.0,0.0,0.0,0,0
2024-06-24,0.0,0.0,0.0,0.0,0,0
2024-06-25,0.0,0.0,0.0,0.0,0,0
2024-06-26,0.0,0.0,0.0,0.0,0,0
2024-06-27,0.0,0.0,0.0,0.0,0,0
2024-06-28,0.0,0.0,0.0,0.0,0,0
2024-07-01,-0.002108467110394892,0.5,0.00075,-0.002858467110394892,1,1
2024-07-02,0.0013467434291605338,0.25,0.000375,0.0009717434291605338,0,1
2024-07-03,0.0,0.25,0.000375,-0.000375,0,0
2024-07-05,0.0,0.0,0.0,0.0,0,0
2024-07-08,0.0029152994535317305,0.5,0.00075,0.0021652994535317303,1,1
2024-07-09,-0.002282032140662467,0.25,0.000375,-0.002657032140662467,0,1
2024-07-10,0.0,0.25,0.000375,-0.000375,0,0
2024-07-11,0.0,0.0,0.0,0.0,0,0
2024-07-12,0.010116737793824944,0.5,0.00075,0.009366737793824943,1,1
2024-07-15,0.0100233514534151,0.0,0.0,0.0100233514534151,1,1
2024-07-16,0.02428041188766014,0.25,0.000375,0.02390541188766014,1,0
2024-07-17,-0.01869374798168759,0.0,0.0,-0.01869374798168759,1,0
2024-07-18,0.0,0.25,0.000375,-0.000375,0,0
2024-07-19,0.0025474522275818574,0.5,0.00075,0.0017974522275818574,1,2
2024-07-22,0.007731117672287118,0.25,0.000375,0.007356117672287118,1,1
2024-07-23,-0.010929386788081454,0.25,0.000375,-0.011304386788081454,2,1
2024-07-24,0.0,0.5,0.00075,-0.00075,0,0
2024-07-25,0.018723028278987714,0.25,0.000375,0.018348028278987714,2,0
2024-07-26,0.03007602728676869,0.5,0.00075,0.02932602728676869,1,1
2024-07-29,-0.02012671580369456,0.5,0.00075,-0.02087671580369456,2,0
2024-07-30,0.03586584635115542,0.0,0.0,0.03586584635115542,2,0
2024-07-31,0.019130107256643804,0.5,0.00075,0.018380107256643803,0,1
2024-08-01,0.039761392672255154,0.0,0.0,0.039761392672255154,0,1
2024-08-02,0.0,0.25,0.000375,-0.000375,0,0
2024-08-05,0.0,0.0,0.0,0.0,0,0
2024-08-06,0.0,0.0,0.0,0.0,0,0
2024-08-07,0.0,0.0,0.0,0.0,0,0
2024-08-08,0.0,0.0,0.0,0.0,0,0
2024-08-09,0.001519023276979746,0.25,0.000375,0.001144023276979746,0,1
2024-08-12,0.0,0.25,0.000375,-0.000375,0,0
2024-08-13,0.0,0.0,0.0,0.0,0,0
2024-08-14,0.0,0.0,0.0,0.0,0,0
2024-08-15,0.0,0.0,0.0,0.0,0,0
2024-08-16,0.0,0.0,0.0,0.0,0,0
2024-08-19,0.0,0.0,0.0,0.0,0,0
2024-08-20,0.0,0.0,0.0,0.0,0,0
2024-08-21,0.0,0.0,0.0,0.0,0,0
2024-08-22,0.0,0.0,0.0,0.0,0,0
2024-08-23,0.0,0.0,0.0,0.0,0,0
2024-08-26,0.0,0.0,0.0,0.0,0,0
2024-08-27,0.0,0.0,0.0,0.0,0,0
2024-08-28,0.0,0.0,0.0,0.0,0,0
2024-08-29,0.0,0.0,0.0,0.0,0,0
2024-08-30,0.0,0.0,0.0,0.0,0,0
2024-09-03,0.0,0.0,0.0,0.0,0,0
2024-09-04,0.0,0.0,0.0,0.0,0,0
2024-09-05,0.0,0.0,0.0,0.0,0,0
2024-09-06,0.0030499967628963083,0.25,0.000375,0.0026749967628963084,0,1
2024-09-09,0.0,0.25,0.000375,-0.000375,0,0
2024-09-10,-0.008138577585382488,0.25,0.000375,-0.008513577585382489,1,0
2024-09-11,0.0,0.25,0.000375,-0.000375,0,0
2024-09-12,-0.011613816332751267,0.25,0.000375,-0.011988816332751267,0,2
2024-09-13,-0.005929963328364143,0.0,0.0,-0.005929963328364143,0,2
2024-09-16,0.006615657474429985,0.5,0.00075,0.0058656574744299856,1,2
2024-09-17,0.011174776371010949,0.0,0.0,0.011174776371010949,1,2
2024-09-18,0.008804990605825125,0.25,0.000375,0.008429990605825124,1,1
2024-09-19,0.004528293613329783,0.25,0.000375,0.0041532936133297825,1,2
2024-09-20,-0.004520800613135393,0.25,0.000375,-0.004895800613135394,1,0
2024-09-23,0.0,0.25,0.000375,-0.000375,0,0
2024-09-24,0.0,0.0,0.0,0.0,0,0
2024-09-25,0.0,0.0,0.0,0.0,0,0
2024-09-26,0.026412243349381314,0.25,0.000375,0.026037243349381314,1,0
2024-09-27,-0.006727300398182698,0.0,0.0,-0.006727300398182698,1,0
2024-09-30,0.0016902630187666365,0.0,0.0,0.0016902630187666365,1,0
2024-10-01,0.0,0.25,0.000375,-0.000375,0,0
2024-10-02,0.0,0.0,0.0,0.0,0,0
2024-10-03,-0.009806250166900142,0.25,0.000375,-0.010181250166900142,1,0
2024-10-04,0.018815450366942293,0.0,0.0,0.018815450366942293,1,0
2024-10-07,0.00613260270697466,0.5,0.00075,0.0053826027069746605,2,1
2024-10-08,0.0,0.5,0.00075,-0.00075,0,0
2024-10-09,0.0,0.0,0.0,0.0,0,0
2024-10-10,0.0,0.0,0.0,0.0,0,0
2024-10-11,0.0,0.0,0.0,0.0,0,0
2024-10-14,0.0,0.0,0.0,0.0,0,0
2024-10-15,0.0,0.0,0.0,0.0,0,0
2024-10-16,0.0,0.0,0.0,0.0,0,0
2024-10-17,-0.009013007733086211,0.25,0.000375,-0.009388007733086212,0,1
2024-10-18,-0.005560131043221488,0.0,0.0,-0.005560131043221488,0,1
2024-10-21,0.0010124979790218263,0.0,0.0,0.0010124979790218263,0,1
2024-10-22,-0.0032998831529654727,0.0,0.0,-0.0032998831529654727,0,1
2024-10-23,0.0,0.25,0.000375,-0.000375,0,0
2024-10-24,0.0,0.0,0.0,0.0,0,0
2024-10-25,0.00701464832365884,0.25,0.000375,0.00663964832365884,1,0
2024-10-28,-0.016824045588291054,0.5,0.00075,-0.017574045588291055,0,1
2024-10-29,0.0,0.25,0.000375,-0.000375,0,0
2024-10-30,0.0,0.0,0.0,0.0,0,0
2024-10-31,0.0,0.0,0.0,0.0,0,0
2024-11-01,0.0,0.0,0.0,0.0,0,0
2024-11-04,0.0,0.0,0.0,0.0,0,0
2024-11-05,0.0,0.0,0.0,0.0,0,0
2024-11-06,0.0,0.0,0.0,0.0,0,0
2024-11-07,0.0,0.0,0.0,0.0,0,0
2024-11-08,0.0,0.0,0.0,0.0,0,0
2024-11-11,0.0,0.0,0.0,0.0,0,0
2024-11-12,0.0,0.0,0.0,0.0,0,0
2024-11-13,0.0,0.0,0.0,0.0,0,0
2024-11-14,0.0,0.0,0.0,0.0,0,0
2024-11-15,0.0,0.0,0.0,0.0,0,0
2024-11-18,0.0,0.0,0.0,0.0,0,0
2024-11-19,0.0,0.0,0.0,0.0,0,0
2024-11-20,0.0,0.0,0.0,0.0,0,0
2024-11-21,0.0,0.0,0.0,0.0,0,0
2024-11-22,0.0,0.0,0.0,0.0,0,0
2024-11-25,0.0,0.0,0.0,0.0,0,0
2024-11-26,0.0,0.0,0.0,0.0,0,0
2024-11-27,0.0,0.0,0.0,0.0,0,0
2024-11-29,0.0,0.0,0.0,0.0,0,0
2024-12-02,0.0,0.0,0.0,0.0,0,0
2024-12-03,0.0,0.0,0.0,0.0,0,0
2024-12-04,0.0,0.0,0.0,0.0,0,0
2024-12-05,-0.010001733732968535,0.25,0.000375,-0.010376733732968536,0,1
2024-12-06,-0.004741920835148718,0.75,0.0011250000000000001,-0.005866920835148718,4,1
2024-12-09,0.013464686126038933,0.25,0.000375,0.013089686126038932,2,1
2024-12-10,-0.009524095388161314,0.25,0.000375,-0.009899095388161314,0,1
2024-12-11,-0.00342367152072389,0.5,0.00075,-0.00417367152072389,2,2
2024-12-12,-0.005299233708150249,0.25,0.000375,-0.005674233708150249,2,1
2024-12-13,0.0,0.5,0.00075,-0.00075,0,0
2024-12-16,0.0,0.0,0.0,0.0,0,0
2024-12-17,0.0,0.0,0.0,0.0,0,0
2024-12-18,0.0,0.0,0.0,0.0,0,0
2024-12-19,0.0,0.0,0.0,0.0,0,0
2024-12-20,0.0,0.0,0.0,0.0,0,0
2024-12-23,0.0,0.0,0.0,0.0,0,0
2024-12-24,0.0,0.0,0.0,0.0,0,0
2024-12-26,0.0,0.0,0.0,0.0,0,0
2024-12-27,0.0,0.0,0.0,0.0,0,0
2024-12-30,0.0,0.0,0.0,0.0,0,0
2024-12-31,0.0,0.0,0.0,0.0,0,0
2025-01-02,0.0,0.0,0.0,0.0,0,0
2025-01-03,0.0,0.0,0.0,0.0,0,0
2025-01-06,0.0,0.0,0.0,0.0,0,0
2025-01-07,0.0,0.0,0.0,0.0,0,0
2025-01-08,-0.01987014549563078,0.5,0.00075,-0.020620145495630782,1,1
2025-01-09,-0.01987014549563078,0.25,0.000375,-0.020245145495630782,0,1
2025-01-10,-0.01987014549563078,0.0,0.0,-0.01987014549563078,0,1
2025-01-13,0.011162617207039982,0.0,0.0,0.011162617207039982,0,1
2025-01-14,0.0,0.25,0.000375,-0.000375,0,0
2025-01-15,0.0,0.0,0.0,0.0,0,0
2025-01-16,0.0,0.0,0.0,0.0,0,0
2025-01-17,0.0,0.0,0.0,0.0,0,0
2025-01-21,0.018786420963908274,0.25,0.000375,0.018411420963908274,1,0
2025-01-22,-0.006746392344329113,0.25,0.000375,-0.007121392344329114,1,1
2025-01-23,0.0010500331617893728,0.75,0.0011250000000000001,-7.49668382106273e-05,1,2
2025-01-24,0.005698549781254404,0.6666666666666666,0.001,0.004698549781254404,1,3
2025-01-27,0.005412906219421425,0.16666666666666669,0.00025000000000000006,0.005162906219421425,1,2
2025-01-28,0.06635183707870566,0.5,0.00075,0.06560183707870566,0,1
2025-01-29,-0.005501018393391858,0.5,0.00075,-0.006251018393391858,0,1
2025-01-30,0.0,0.25,0.000375,-0.000375,0,0
2025-01-31,0.0,0.0,0.0,0.0,0,0
2025-02-03,-0.0016355327876439137,0.25,0.000375,-0.002010532787643914,0,1
2025-02-04,-0.01382270782008286,0.0,0.0,-0.01382270782008286,0,1
2025-02-05,0.004253643633025308,0.0,0.0,0.004253643633025308,0,1
2025-02-06,0.0,0.25,0.000375,-0.000375,0,0
2025-02-07,0.0,0.0,0.0,0.0,0,0
2025-02-10,0.0,0.0,0.0,0.0,0,0
2025-02-11,0.0,0.0,0.0,0.0,0,0
2025-02-12,0.0,0.0,0.0,0.0,0,0
2025-02-13,0.0,0.0,0.0,0.0,0,0
2025-02-14,0.0,0.0,0.0,0.0,0,0
2025-02-18,0.0,0.0,0.0,0.0,0,0
2025-02-19,0.0,0.0,0.0,0.0,0,0
2025-02-20,0.0,0.0,0.0,0.0,0,0
2025-02-21,0.0,0.0,0.0,0.0,0,0
2025-02-24,0.0,0.0,0.0,0.0,0,0
2025-02-25,0.0,0.0,0.0,0.0,0,0
2025-02-26,0.0,0.0,0.0,0.0,0,0
2025-02-27,0.0,0.0,0.0,0.0,0,0
2025-02-28,0.0,0.0,0.0,0.0,0,0
2025-03-03,0.0,0.0,0.0,0.0,0,0
2025-03-04,0.0,0.0,0.0,0.0,0,0
2025-03-05,0.0,0.0,0.0,0.0,0,0
2025-03-06,0.0,0.0,0.0,0.0,0,0
2025-03-07,0.007150655845892497,0.5,0.00075,0.006400655845892497,1,1
2025-03-10,-0.020762863167556482,0.25,0.000375,-0.021137863167556482,1,0
2025-03-11,-0.0434329648464779,0.0,0.0,-0.0434329648464779,1,0
2025-03-12,-0.0008319496417759143,0.625,0.0009375,-0.0017694496417759143,4,2
2025-03-13,-0.0036774530942200994,0.25,0.000375,-0.0040524530942201,2,2
2025-03-14,-0.006720092997269087,0.4166666666666667,0.000625,-0.007345092997269087,1,3
2025-03-17,-0.020282177605535318,0.5833333333333333,0.0008749999999999999,-0.02115717760553532,0,1
2025-03-18,0.01116616333166069,0.0,0.0,0.01116616333166069,0,1
2025-03-19,-0.018183815931905677,0.0,0.0,-0.018183815931905677,0,1
2025-03-20,0.00967485398900376,0.0,0.0,0.00967485398900376,0,1
2025-03-21,-0.005739582281517185,0.0,0.0,-0.005739582281517185,0,1
2025-03-24,-0.01895143196977044,0.0,0.0,-0.01895143196977044,0,1
2025-03-25,0.013711214460917692,0.0,0.0,0.013711214460917692,0,1
2025-03-26,0.0030501466736989774,0.0,0.0,0.0030501466736989774,0,1
2025-03-27,0.0,0.25,0.000375,-0.000375,0,0
2025-03-28,0.0,0.0,0.0,0.0,0,0
2025-03-31,0.0,0.0,0.0,0.0,0,0
2025-04-01,0.0,0.0,0.0,0.0,0,0
2025-04-02,-0.009840902803094782,0.5,0.00075,-0.010590902803094783,1,2
2025-04-03,0.05336544756692162,0.5,0.00075,0.052615447566921617,0,1
2025-04-04,0.013849837357674805,0.25,0.000375,0.013474837357674805,1,1
2025-04-07,0.019609093714344564,0.0,0.0,0.019609093714344564,1,1
2025-04-08,-0.0003846316982168696,0.0,0.0,-0.0003846316982168696,1,1
2025-04-09,0.010089811592260148,0.0,0.0,0.010089811592260148,1,1
2025-04-10,-0.010451337340825498,0.0,0.0,-0.010451337340825498,1,1
2025-04-11,-0.005506024171854432,0.0,0.0,-0.005506024171854432,1,1
2025-04-14,-0.004675366668033802,0.25,0.000375,-0.0050503666680338025,1,0
2025-04-15,0.0,0.25,0.000375,-0.000375,0,0
2025-04-16,0.0,0.0,0.0,0.0,0,0
2025-04-17,0.0,0.0,0.0,0.0,0,0
2025-04-21,0.0,0.0,0.0,0.0,0,0
2025-04-22,0.0,0.0,0.0,0.0,0,0
2025-04-23,0.0,0.0,0.0,0.0,0,0
2025-04-24,0.0,0.0,0.0,0.0,0,0
2025-04-25,0.003810885534334058,0.5,0.00075,0.003060885534334058,1,2
2025-04-28,0.008244936398257373,0.0,0.0,0.008244936398257373,1,2
2025-04-29,0.0,0.5,0.00075,-0.00075,0,0
2025-04-30,0.0,0.0,0.0,0.0,0,0
2025-05-01,0.0,0.0,0.0,0.0,0,0
2025-05-02,0.0,0.0,0.0,0.0,0,0
2025-05-05,0.0,0.0,0.0,0.0,0,0
2025-05-06,0.0,0.0,0.0,0.0,0,0
2025-05-07,0.006772105993236967,0.25,0.000375,0.006397105993236967,1,0
2025-05-08,0.0,0.25,0.000375,-0.000375,0,0
2025-05-09,0.0,0.0,0.0,0.0,0,0
2025-05-12,0.0,0.0,0.0,0.0,0,0
2025-05-13,0.0,0.0,0.0,0.0,0,0
2025-05-14,0.0,0.0,0.0,0.0,0,0
2025-05-15,0.0,0.0,0.0,0.0,0,0
2025-05-16,0.0,0.0,0.0,0.0,0,0
2025-05-19,0.0,0.0,0.0,0.0,0,0
2025-05-20,0.0,0.0,0.0,0.0,0,0
2025-05-21,0.015571611527938827,0.5,0.00075,0.014821611527938826,1,1
2025-05-22,-0.016914667959674272,0.0,0.0,-0.016914667959674272,1,1
2025-05-23,0.0002979520330120729,0.25,0.000375,-7.704796698792713e-05,1,2
2025-05-27,-0.020489335048123322,0.25,0.000375,-0.020864335048123323,1,1
2025-05-28,0.022307936131903856,0.0,0.0,0.022307936131903856,1,1
2025-05-29,0.027878381246187932,0.0,0.0,0.027878381246187932,1,1
2025-05-30,0.003929765044967742,1.0,0.0015,0.002429765044967742,1,1
2025-06-02,0.026329660767700137,0.0,0.0,0.026329660767700137,1,1
2025-06-03,0.0010884161190232253,0.0,0.0,0.0010884161190232253,1,1
2025-06-04,0.0,0.5,0.00075,-0.00075,0,0
2025-06-05,0.0,0.0,0.0,0.0,0,0
2025-06-06,0.0,0.0,0.0,0.0,0,0
2025-06-09,0.0,0.0,0.0,0.0,0,0
2025-06-10,0.0,0.0,0.0,0.0,0,0
2025-06-11,0.0,0.0,0.0,0.0,0,0
2025-06-12,0.0,0.0,0.0,0.0,0,0
2025-06-13,0.0,0.0,0.0,0.0,0,0
2025-06-16,0.0,0.0,0.0,0.0,0,0
2025-06-17,0.0,0.0,0.0,0.0,0,0
2025-06-18,-0.0009460506022304555,0.25,0.000375,-0.0013210506022304554,0,1
2025-06-20,0.0,0.25,0.000375,-0.000375,0,0
2025-06-23,0.0,0.0,0.0,0.0,0,0
2025-06-24,0.0,0.0,0.0,0.0,0,0
2025-06-25,0.01382163183153261,0.25,0.000375,0.013446631831532609,0,1
2025-06-26,0.0,0.25,0.000375,-0.000375,0,0
2025-06-27,0.0,0.0,0.0,0.0,0,0
2025-06-30,0.0,0.0,0.0,0.0,0,0
2025-07-01,0.0,0.0,0.0,0.0,0,0
2025-07-02,0.011399691750960759,0.25,0.000375,0.011024691750960759,1,0
2025-07-03,0.007228591134677994,0.0,0.0,0.007228591134677994,1,0
2025-07-04,0.007228591134677994,0.0,0.0,0.007228591134677994,1,0
2025-07-07,0.007228591134677994,0.0,0.0,0.007228591134677994,1,0
2025-07-08,0.005173231332624758,0.0,0.0,0.005173231332624758,1,0
2025-07-09,0.001778246135922199,0.0,0.0,0.001778246135922199,1,0
2025-07-10,0.0125084212413503,0.25,0.000375,0.0121334212413503,1,1
2025-07-11,0.0018077385661535354,0.0,0.0,0.0018077385661535354,1,1
2025-07-14,-0.003666002186944788,0.75,0.0011250000000000001,-0.004791002186944789,1,2
2025-07-15,0.021089036287384375,0.5,0.00075,0.020339036287384375,0,1
2025-07-16,0.0013481199972414305,0.0,0.0,0.0013481199972414305,0,1
2025-07-17,-0.011138007324409196,0.25,0.000375,-0.011513007324409196,0,2
2025-07-18,0.006650697039221169,0.5,0.00075,0.00590069703922117,1,2
2025-07-21,0.0025797899182456556,0.25,0.000375,0.0022047899182456557,0,2
2025-07-22,-0.0008213146979730657,0.0,0.0,-0.0008213146979730657,0,2
2025-07-23,-0.00933978611294134,0.75,0.0011250000000000001,-0.01046478611294134,1,2
2025-07-24,0.03597352788354705,0.0,0.0,0.03597352788354705,1,2
2025-07-25,0.002828254833667967,1.0,0.0015,0.0013282548336679668,2,2
2025-07-28,-0.013584821862612687,0.5,0.00075,-0.014334821862612687,0,2
2025-07-29,0.005870243248349506,0.0,0.0,0.005870243248349506,0,2
2025-07-30,0.007629471339405086,0.25,0.000375,0.007254471339405086,0,1
2025-07-31,0.0034810823026633327,0.0,0.0,0.0034810823026633327,0,1
2025-08-01,0.0,0.25,0.000375,-0.000375,0,0
2025-08-04,0.0,0.0,0.0,0.0,0,0
2025-08-05,0.0,0.0,0.0,0.0,0,0
2025-08-06,0.0,0.0,0.0,0.0,0,0
2025-08-07,0.0,0.0,0.0,0.0,0,0
2025-08-08,0.0,0.0,0.0,0.0,0,0
2025-08-11,0.0,0.0,0.0,0.0,0,0
2025-08-12,0.0,0.0,0.0,0.0,0,0
2025-08-13,0.0,0.0,0.0,0.0,0,0
2025-08-14,0.0,0.0,0.0,0.0,0,0
2025-08-15,0.0,0.0,0.0,0.0,0,0
2025-08-18,0.0,0.0,0.0,0.0,0,0
2025-08-19,0.0,0.0,0.0,0.0,0,0
2025-08-20,0.0,0.0,0.0,0.0,0,0
2025-08-21,0.0,0.0,0.0,0.0,0,0
2025-08-22,0.0,0.0,0.0,0.0,0,0
2025-08-25,0.0,0.0,0.0,0.0,0,0
2025-08-26,0.0031599202721736544,0.5,0.00075,0.0024099202721736546,1,1
2025-08-27,-0.013204360345092382,0.0,0.0,-0.013204360345092382,1,1
2025-08-28,-0.016422175196429856,0.5,0.00075,-0.017172175196429856,1,1
2025-08-29,0.014518264796494264,0.0,0.0,0.014518264796494264,1,1
2025-09-02,0.0015155042975806261,0.25,0.000375,0.001140504297580626,0,1
2025-09-03,0.0,0.25,0.000375,-0.000375,0,0
2025-09-04,0.0,0.0,0.0,0.0,0,0
2025-09-05,0.0,0.0,0.0,0.0,0,0
2025-09-08,0.0,0.0,0.0,0.0,0,0
2025-09-09,0.011483739409659056,0.25,0.000375,0.011108739409659056,0,1
2025-09-10,-0.0019323715091313998,0.0,0.0,-0.0019323715091313998,0,1
2025-09-11,0.0,0.25,0.000375,-0.000375,0,0
2025-09-12,-0.0047377932389063996,0.25,0.000375,-0.0051127932389064,1,0
2025-09-15,-0.012258676328854495,0.0,0.0,-0.012258676328854495,1,0
2025-09-16,-0.01614035067235757,0.5,0.00075,-0.01689035067235757,2,2
2025-09-17,0.004823818162739794,0.0,0.0,0.004823818162739794,2,2
2025-09-18,0.0035265316711449086,0.5,0.00075,0.0027765316711449084,1,1
2025-09-19,0.008361160992612856,0.0,0.0,0.008361160992612856,1,1
2025-09-22,-0.0019841276167495057,0.25,0.000375,-0.0023591276167495056,0,1
2025-09-23,0.0,0.0,0.0,0.0,0,1
2025-09-24,-0.013322400882411961,0.25,0.000375,-0.013697400882411961,1,1
2025-09-25,0.0,0.5,0.00075,-0.00075,0,0
2025-09-26,0.0,0.0,0.0,0.0,0,0
2025-09-29,0.0,0.0,0.0,0.0,0,0
2025-09-30,0.0,0.0,0.0,0.0,0,0
2025-10-01,0.0,0.0,0.0,0.0,0,0
2025-10-02,0.0,0.0,0.0,0.0,0,0
2025-10-03,0.0,0.0,0.0,0.0,0,0
2025-10-06,0.0,0.0,0.0,0.0,0,0
2025-10-07,0.0,0.0,0.0,0.0,0,0
2025-10-08,0.004307667586682497,0.25,0.000375,0.003932667586682497,1,0
2025-10-09,0.0,0.25,0.000375,-0.000375,0,0
2025-10-10,0.01785751584559512,0.25,0.000375,0.01748251584559512,0,1
2025-10-13,-0.001017934355642772,0.25,0.000375,-0.001392934355642772,1,1
2025-10-14,0.02327420140596257,0.25,0.000375,0.02289920140596257,1,0
2025-10-15,0.00209020543809305,0.0,0.0,0.00209020543809305,1,0
2025-10-16,-0.004038882852649283,0.0,0.0,-0.004038882852649283,1,0
2025-10-17,0.004128440528185878,0.25,0.000375,0.0037534405281858785,2,0
2025-10-20,0.012060204989079119,0.0,0.0,0.012060204989079119,2,0
2025-10-21,-0.005859055604589414,0.25,0.000375,-0.006234055604589415,1,0
2025-10-22,-0.019556439304156646,0.0,0.0,-0.019556439304156646,1,0
2025-10-23,-0.0030737077640101648,0.0,0.0,-0.0030737077640101648,1,0
2025-10-24,-0.029445626947350048,0.75,0.0011250000000000001,-0.03057062694735005,1,1
2025-10-27,0.019427625114771994,0.8333333333333333,0.0012499999999999998,0.018177625114771993,2,3
2025-10-28,-0.0631468587765758,0.5,0.00075,-0.0638968587765758,1,0
2025-10-29,-0.008485015115563703,0.0,0.0,-0.008485015115563703,1,0
2025-10-30,0.004866213660172015,0.0,0.0,0.004866213660172015,1,0
2025-10-31,0.008403522596826246,0.0,0.0,0.008403522596826246,1,0
2025-11-03,0.0,0.25,0.000375,-0.000375,0,0
2025-11-04,0.0,0.0,0.0,0.0,0,0
2025-11-05,0.0,0.0,0.0,0.0,0,0
2025-11-06,0.0,0.0,0.0,0.0,0,0
2025-11-07,0.0,0.0,0.0,0.0,0,0
2025-11-10,0.0,0.0,0.0,0.0,0,0
2025-11-11,0.0,0.0,0.0,0.0,0,0
2025-11-12,0.0,0.0,0.0,0.0,0,0
2025-11-13,0.0,0.0,0.0,0.0,0,0
2025-11-14,0.0,0.0,0.0,0.0,0,0
2025-11-17,0.0,0.0,0.0,0.0,0,0
2025-11-18,0.0,0.0,0.0,0.0,0,0
2025-11-19,0.0,0.0,0.0,0.0,0,0
2025-11-20,0.0,0.0,0.0,0.0,0,0
2025-11-21,0.0,0.0,0.0,0.0,0,0
2025-11-24,0.01821096722933165,0.25,0.000375,0.01783596722933165,1,0
2025-11-25,0.016914175427262958,0.0,0.0,0.016914175427262958,1,0
2025-11-26,0.013367343139555057,0.0,0.0,0.013367343139555057,1,0
2025-11-28,0.0018177507365569334,0.0,0.0,0.0018177507365569334,1,0
2025-12-01,0.0,0.25,0.000375,-0.000375,0,0
2025-12-02,0.0,0.0,0.0,0.0,0,0
2025-12-03,0.0,0.0,0.0,0.0,0,0
2025-12-04,-0.019222543462298073,0.5,0.00075,-0.019972543462298074,1,1
2025-12-05,-0.019029612165855237,0.75,0.0011250000000000001,-0.020154612165855238,1,2
2025-12-08,0.005607669953116717,0.5,0.00075,0.004857669953116717,3,3
2025-12-09,0.0014113064134194555,0.5833333333333333,0.0008749999999999999,0.0005363064134194556,1,0
2025-12-10,0.018350647971485175,0.0,0.0,0.018350647971485175,1,0
2025-12-11,0.004484312901613853,0.0,0.0,0.004484312901613853,1,0
2025-12-12,0.0,0.25,0.000375,-0.000375,0,0
2025-12-15,0.0,0.0,0.0,0.0,0,0
2025-12-16,0.0,0.0,0.0,0.0,0,0
2025-12-17,-0.01008128504217611,0.25,0.000375,-0.01045628504217611,1,0
2025-12-18,0.0,0.25,0.000375,-0.000375,0,0
2025-12-19,0.0,0.0,0.0,0.0,0,0
2025-12-22,0.0,0.0,0.0,0.0,0,0
2025-12-23,0.0,0.0,0.0,0.0,0,0
2025-12-24,0.0,0.0,0.0,0.0,0,0
2025-12-26,0.0,0.0,0.0,0.0,0,0
2025-12-29,0.0,0.0,0.0,0.0,0,0
2025-12-30,0.0,0.0,0.0,0.0,0,0
2025-12-31,0.0,0.0,0.0,0.0,0,0
2026-01-02,0.0,0.0,0.0,0.0,0,0
2026-01-05,0.0,0.0,0.0,0.0,0,0
2026-01-06,-0.015069731846334972,0.25,0.000375,-0.015444731846334972,0,2
2026-01-07,0.004393076329293227,0.4166666666666667,0.000625,0.003768076329293227,2,3
2026-01-08,-0.004503014999076684,0.4166666666666667,0.000625,-0.0051280149990766835,1,2
2026-01-09,0.001093773934491166,0.25,0.000375,0.000718773934491166,1,1
2026-01-12,0.008930065607206461,0.25,0.000375,0.008555065607206461,0,1
2026-01-13,0.012112264836022861,0.0,0.0,0.012112264836022861,0,1
2026-01-14,0.0,0.25,0.000375,-0.000375,0,0
2026-01-15,0.0,0.0,0.0,0.0,0,0
2026-01-16,0.0002319365043455951,0.25,0.000375,-0.0001430634956544049,1,0
2026-01-20,0.0,0.25,0.000375,-0.000375,0,0
2026-01-21,0.0,0.0,0.0,0.0,0,0
2026-01-22,0.0,0.0,0.0,0.0,0,0
2026-01-23,0.0,0.0,0.0,0.0,0,0
2026-01-26,0.0,0.0,0.0,0.0,0,0
2026-01-27,0.0,0.0,0.0,0.0,0,0
2026-01-28,-0.004075628764280529,0.25,0.000375,-0.004450628764280529,1,0
2026-01-29,0.0,0.25,0.000375,-0.000375,0,0
2026-01-30,0.0023522213862526876,0.5,0.00075,0.0016022213862526876,1,1
2026-02-02,0.0,0.5,0.00075,-0.00075,0,0
2026-02-03,0.0,0.0,0.0,0.0,0,0
2026-02-04,0.0,0.0,0.0,0.0,0,0
2026-02-05,0.0,0.0,0.0,0.0,0,0
2026-02-06,0.0,0.0,0.0,0.0,0,0
2026-02-09,0.0,0.0,0.0,0.0,0,0
2026-02-10,0.0,0.0,0.0,0.0,0,0
2026-02-11,-0.0169221128077059,0.25,0.000375,-0.017297112807705902,1,0
2026-02-12,0.015735549268310684,0.5,0.00075,0.014985549268310683,0,1
2026-02-13,-0.024268171560415015,0.0,0.0,-0.024268171560415015,0,1
2026-02-17,0.0,0.25,0.000375,-0.000375,0,0
2026-02-18,0.0,0.0,0.0,0.0,0,0
2026-02-19,-0.027329205508971628,0.25,0.000375,-0.027704205508971628,1,0
2026-02-20,0.008908912985118278,0.0,0.0,0.008908912985118278,1,0
2026-02-23,0.0,0.25,0.000375,-0.000375,0,0
2026-02-24,0.0,0.0,0.0,0.0,0,0
2026-02-25,0.0,0.0,0.0,0.0,0,0
2026-02-26,0.0,0.0,0.0,0.0,0,0
2026-02-27,0.0,0.0,0.0,0.0,0,0
2026-03-02,0.0,0.0,0.0,0.0,0,0
2026-03-03,0.0,0.0,0.0,0.0,0,0
2026-03-04,0.0,0.0,0.0,0.0,0,0
2026-03-05,0.0,0.0,0.0,0.0,0,0
2026-03-06,0.0,0.0,0.0,0.0,0,0
2026-03-09,-0.0033296694230451115,0.25,0.000375,-0.0037046694230451114,0,1
2026-03-10,0.012318667383008299,0.0,0.0,0.012318667383008299,0,1
2026-03-11,0.0,0.0,0.0,0.0,0,1
2026-03-12,0.029179808632467746,0.0,0.0,0.029179808632467746,0,1
2026-03-13,-0.001182935721407017,0.25,0.000375,-0.001557935721407017,0,2
2026-03-16,-0.016965484720986364,0.0,0.0,-0.016965484720986364,0,2
2026-03-17,-0.012928630646490061,0.0,0.0,-0.012928630646490061,0,2
2026-03-18,0.013034566468831159,0.0,0.0,0.013034566468831159,0,2
2026-03-19,-0.009315572773386889,0.25,0.000375,-0.009690572773386889,0,1
2026-03-20,0.0,0.25,0.000375,-0.000375,0,0
2026-03-23,0.0,0.0,0.0,0.0,0,0
2026-03-24,0.0,0.0,0.0,0.0,0,0
2026-03-25,0.0,0.0,0.0,0.0,0,0
2026-03-26,0.0,0.0,0.0,0.0,0,0
2026-03-27,0.0,0.0,0.0,0.0,0,0
2026-03-30,0.0,0.0,0.0,0.0,0,0
2026-03-31,0.0,0.0,0.0,0.0,0,0
2026-04-01,0.0,0.0,0.0,0.0,0,0
2026-04-02,0.0,0.0,0.0,0.0,0,0
2026-04-06,0.0,0.0,0.0,0.0,0,0
2026-04-07,0.0,0.0,0.0,0.0,0,0
2026-04-08,0.0,0.0,0.0,0.0,0,0
2026-04-09,0.0,0.0,0.0,0.0,0,0
2026-04-10,0.0,0.0,0.0,0.0,0,0
2026-04-13,0.0,0.0,0.0,0.0,0,0
2026-04-14,0.0,0.0,0.0,0.0,0,0
2026-04-15,-0.01694994557469222,0.5,0.00075,-0.01769994557469222,1,1
2026-04-16,-0.008799079374067544,0.25,0.000375,-0.009174079374067544,2,1
2026-04-17,0.003304085031536081,0.25,0.000375,0.002929085031536081,2,1
2026-04-20,0.012602066238347191,0.0,0.0,0.012602066238347191,2,1
2026-04-21,-0.013288869034954898,0.5,0.00075,-0.014038869034954899,2,0
2026-04-22,-0.01160346239769535,0.25,0.000375,-0.011978462397695351,1,0
2026-04-23,0.012028060093127799,0.0,0.0,0.012028060093127799,1,0
2026-04-24,0.012516319255336358,0.5,0.00075,0.011766319255336357,2,1
2026-04-27,-0.002861296351146783,0.0,0.0,-0.002861296351146783,2,1
2026-04-28,-0.001715265864885407,0.5,0.00075,-0.002465265864885407,1,0
2026-04-29,0.0,0.25,0.000375,-0.000375,0,0
2026-04-30,0.0,0.0,0.0,0.0,0,0
2026-05-01,0.0,0.0,0.0,0.0,0,0
2026-05-04,-0.021059929107855008,0.25,0.000375,-0.021434929107855008,1,0
2026-05-05,0.020540841119437842,0.0,0.0,0.020540841119437842,1,0
2026-05-06,0.0,0.25,0.000375,-0.000375,0,0
2026-05-07,0.0,0.0,0.0,0.0,0,0
2026-05-08,0.0,0.0,0.0,0.0,0,0
2026-05-11,0.0,0.0,0.0,0.0,0,0
2026-05-12,0.0,0.0,0.0,0.0,0,0
2026-05-13,0.0,0.0,0.0,0.0,0,0
2026-05-14,0.0,0.0,0.0,0.0,0,0
2026-05-15,0.0,0.0,0.0,0.0,0,0
2026-05-18,0.0,0.0,0.0,0.0,0,0
2026-05-19,0.0,0.0,0.0,0.0,0,0
2026-05-20,0.0,0.0,0.0,0.0,0,0
2026-05-21,-0.010216008278302192,0.25,0.000375,-0.010591008278302193,0,1
2026-05-22,0.0,0.25,0.000375,-0.000375,0,0
2026-05-25,0.0,0.0,0.0,0.0,0,0
2026-05-26,0.0,0.0,0.0,0.0,0,0
2026-05-27,0.0,0.0,0.0,0.0,0,0
2026-05-28,-0.013562092786594636,0.5,0.00075,-0.014312092786594637,1,2
2026-05-29,-0.0006777467758465874,0.16666666666666669,0.00025000000000000006,-0.0009277467758465874,1,3
2026-06-01,0.02004286319240175,0.25,0.000375,0.019667863192401748,0,3
2026-06-02,0.011747947677951759,0.12499999999999999,0.00018749999999999998,0.011560447677951759,0,4
2026-06-03,0.018787945759106334,0.0,0.0,0.018787945759106334,0,4
2026-06-04,-0.007525880853146922,0.25,0.000375,-0.007900880853146922,0,2
2026-06-05,-0.0021482065815182374,0.0,0.0,-0.0021482065815182374,0,2
2026-06-08,0.0068187984500783635,0.25,0.000375,0.006443798450078363,0,1
2026-06-09,-0.03308977918599786,0.0,0.0,-0.03308977918599786,0,1
2026-06-10,0.007222586349397056,0.25,0.000375,0.006847586349397056,1,1
2026-06-11,-0.01706878775898415,0.25,0.000375,-0.01744378775898415,2,1
2026-06-12,0.0,0.5,0.00075,-0.00075,0,0
2026-06-15,0.0,0.0,0.0,0.0,0,0
2026-06-16,0.0,0.0,0.0,0.0,0,0
2026-06-17,0.00818384150032473,0.25,0.000375,0.00780884150032473,0,1
2026-06-18,0.0,0.25,0.000375,-0.000375,0,0
2026-06-22,0.0,0.0,0.0,0.0,0,0
2026-06-23,-0.004633983027813508,0.25,0.000375,-0.005008983027813508,0,1
2026-06-24,0.0,0.25,0.000375,-0.000375,0,0
2026-06-25,-0.009532126785277562,0.25,0.000375,-0.009907126785277562,0,2
2026-06-26,0.0,0.25,0.000375,-0.000375,0,0
2026-06-29,0.0,0.0,0.0,0.0,0,0
2026-06-30,0.0,0.0,0.0,0.0,0,0
2026-07-01,0.0,0.0,0.0,0.0,0,0
2026-07-02,0.0,0.0,0.0,0.0,0,0
2026-07-06,0.0,0.0,0.0,0.0,0,0
2026-07-07,0.0,0.0,0.0,0.0,0,0
2026-07-08,0.0,0.0,0.0,0.0,0,0
2026-07-09,0.0,0.0,0.0,0.0,0,0
2026-07-10,0.007231958523810489,0.25,0.000375,0.006856958523810489,0,1
2026-07-13,0.027235988444051708,0.0,0.0,0.027235988444051708,0,1
2026-07-14,-0.0007473012621247015,0.0,0.0,-0.0007473012621247015,0,1
2026-07-15,-0.010660056926109013,0.0,0.0,-0.010660056926109013,0,1
2026-07-16,0.002722542184599087,0.0,0.0,0.002722542184599087,0,1
